plot_id,land_type,season,crop_id,crop_name,eligible,rule_source
A1,平旱地,single,1,黄豆,1,附件1规则：露天非水浇地单季粮食（不含水稻）
A1,平旱地,single,2,黑豆,1,附件1规则：露天非水浇地单季粮食（不含水稻）
A1,平旱地,single,3,红豆,1,附件1规则：露天非水浇地单季粮食（不含水稻）
A1,平旱地,single,4,绿豆,1,附件1规则：露天非水浇地单季粮食（不含水稻）
A1,平旱地,single,5,爬豆,1,附件1规则：露天非水浇地单季粮食（不含水稻）
A1,平旱地,single,6,小麦,1,附件1规则：露天非水浇地单季粮食（不含水稻）
A1,平旱地,single,7,玉米,1,附件1规则：露天非水浇地单季粮食（不含水稻）
A1,平旱地,single,8,谷子,1,附件1规则：露天非水浇地单季粮食（不含水稻）
A1,平旱地,single,9,高粱,1,附件1规则：露天非水浇地单季粮食（不含水稻）
A1,平旱地,single,10,黍子,1,附件1规则：露天非水浇地单季粮食（不含水稻）
A1,平旱地,single,11,荞麦,1,附件1规则：露天非水浇地单季粮食（不含水稻）
A1,平旱地,single,12,南瓜,1,附件1规则：露天非水浇地单季粮食（不含水稻）
A1,平旱地,single,13,红薯,1,附件1规则：露天非水浇地单季粮食（不含水稻）
A1,平旱地,single,14,莜麦,1,附件1规则：露天非水浇地单季粮食（不含水稻）
A1,平旱地,single,15,大麦,1,附件1规则：露天非水浇地单季粮食（不含水稻）
A1,平旱地,single,16,水稻,0,附件1规则：露天非水浇地单季粮食（不含水稻）
A1,平旱地,single,17,豇豆,0,附件1规则：露天非水浇地单季粮食（不含水稻）
A1,平旱地,single,18,刀豆,0,附件1规则：露天非水浇地单季粮食（不含水稻）
A1,平旱地,single,19,芸豆,0,附件1规则：露天非水浇地单季粮食（不含水稻）
A1,平旱地,single,20,土豆,0,附件1规则：露天非水浇地单季粮食（不含水稻）
A1,平旱地,single,21,西红柿,0,附件1规则：露天非水浇地单季粮食（不含水稻）
A1,平旱地,single,22,茄子,0,附件1规则：露天非水浇地单季粮食（不含水稻）
A1,平旱地,single,23,菠菜,0,附件1规则：露天非水浇地单季粮食（不含水稻）
A1,平旱地,single,24,青椒,0,附件1规则：露天非水浇地单季粮食（不含水稻）
A1,平旱地,single,25,菜花,0,附件1规则：露天非水浇地单季粮食（不含水稻）
A1,平旱地,single,26,包菜,0,附件1规则：露天非水浇地单季粮食（不含水稻）
A1,平旱地,single,27,油麦菜,0,附件1规则：露天非水浇地单季粮食（不含水稻）
A1,平旱地,single,28,小青菜,0,附件1规则：露天非水浇地单季粮食（不含水稻）
A1,平旱地,single,29,黄瓜,0,附件1规则：露天非水浇地单季粮食（不含水稻）
A1,平旱地,single,30,生菜,0,附件1规则：露天非水浇地单季粮食（不含水稻）
A1,平旱地,single,31,辣椒,0,附件1规则：露天非水浇地单季粮食（不含水稻）
A1,平旱地,single,32,空心菜,0,附件1规则：露天非水浇地单季粮食（不含水稻）
A1,平旱地,single,33,黄心菜,0,附件1规则：露天非水浇地单季粮食（不含水稻）
A1,平旱地,single,34,芹菜,0,附件1规则：露天非水浇地单季粮食（不含水稻）
A1,平旱地,single,35,大白菜,0,附件1规则：露天非水浇地单季粮食（不含水稻）
A1,平旱地,single,36,白萝卜,0,附件1规则：露天非水浇地单季粮食（不含水稻）
A1,平旱地,single,37,红萝卜,0,附件1规则：露天非水浇地单季粮食（不含水稻）
A1,平旱地,single,38,榆黄菇,0,附件1规则：露天非水浇地单季粮食（不含水稻）
A1,平旱地,single,39,香菇,0,附件1规则：露天非水浇地单季粮食（不含水稻）
A1,平旱地,single,40,白灵菇,0,附件1规则：露天非水浇地单季粮食（不含水稻）
A1,平旱地,single,41,羊肚菌,0,附件1规则：露天非水浇地单季粮食（不含水稻）
A2,平旱地,single,1,黄豆,1,附件1规则：露天非水浇地单季粮食（不含水稻）
A2,平旱地,single,2,黑豆,1,附件1规则：露天非水浇地单季粮食（不含水稻）
A2,平旱地,single,3,红豆,1,附件1规则：露天非水浇地单季粮食（不含水稻）
A2,平旱地,single,4,绿豆,1,附件1规则：露天非水浇地单季粮食（不含水稻）
A2,平旱地,single,5,爬豆,1,附件1规则：露天非水浇地单季粮食（不含水稻）
A2,平旱地,single,6,小麦,1,附件1规则：露天非水浇地单季粮食（不含水稻）
A2,平旱地,single,7,玉米,1,附件1规则：露天非水浇地单季粮食（不含水稻）
A2,平旱地,single,8,谷子,1,附件1规则：露天非水浇地单季粮食（不含水稻）
A2,平旱地,single,9,高粱,1,附件1规则：露天非水浇地单季粮食（不含水稻）
A2,平旱地,single,10,黍子,1,附件1规则：露天非水浇地单季粮食（不含水稻）
A2,平旱地,single,11,荞麦,1,附件1规则：露天非水浇地单季粮食（不含水稻）
A2,平旱地,single,12,南瓜,1,附件1规则：露天非水浇地单季粮食（不含水稻）
A2,平旱地,single,13,红薯,1,附件1规则：露天非水浇地单季粮食（不含水稻）
A2,平旱地,single,14,莜麦,1,附件1规则：露天非水浇地单季粮食（不含水稻）
A2,平旱地,single,15,大麦,1,附件1规则：露天非水浇地单季粮食（不含水稻）
A2,平旱地,single,16,水稻,0,附件1规则：露天非水浇地单季粮食（不含水稻）
A2,平旱地,single,17,豇豆,0,附件1规则：露天非水浇地单季粮食（不含水稻）
A2,平旱地,single,18,刀豆,0,附件1规则：露天非水浇地单季粮食（不含水稻）
A2,平旱地,single,19,芸豆,0,附件1规则：露天非水浇地单季粮食（不含水稻）
A2,平旱地,single,20,土豆,0,附件1规则：露天非水浇地单季粮食（不含水稻）
A2,平旱地,single,21,西红柿,0,附件1规则：露天非水浇地单季粮食（不含水稻）
A2,平旱地,single,22,茄子,0,附件1规则：露天非水浇地单季粮食（不含水稻）
A2,平旱地,single,23,菠菜,0,附件1规则：露天非水浇地单季粮食（不含水稻）
A2,平旱地,single,24,青椒,0,附件1规则：露天非水浇地单季粮食（不含水稻）
A2,平旱地,single,25,菜花,0,附件1规则：露天非水浇地单季粮食（不含水稻）
A2,平旱地,single,26,包菜,0,附件1规则：露天非水浇地单季粮食（不含水稻）
A2,平旱地,single,27,油麦菜,0,附件1规则：露天非水浇地单季粮食（不含水稻）
A2,平旱地,single,28,小青菜,0,附件1规则：露天非水浇地单季粮食（不含水稻）
A2,平旱地,single,29,黄瓜,0,附件1规则：露天非水浇地单季粮食（不含水稻）
A2,平旱地,single,30,生菜,0,附件1规则：露天非水浇地单季粮食（不含水稻）
A2,平旱地,single,31,辣椒,0,附件1规则：露天非水浇地单季粮食（不含水稻）
A2,平旱地,single,32,空心菜,0,附件1规则：露天非水浇地单季粮食（不含水稻）
A2,平旱地,single,33,黄心菜,0,附件1规则：露天非水浇地单季粮食（不含水稻）
A2,平旱地,single,34,芹菜,0,附件1规则：露天非水浇地单季粮食（不含水稻）
A2,平旱地,single,35,大白菜,0,附件1规则：露天非水浇地单季粮食（不含水稻）
A2,平旱地,single,36,白萝卜,0,附件1规则：露天非水浇地单季粮食（不含水稻）
A2,平旱地,single,37,红萝卜,0,附件1规则：露天非水浇地单季粮食（不含水稻）
A2,平旱地,single,38,榆黄菇,0,附件1规则：露天非水浇地单季粮食（不含水稻）
A2,平旱地,single,39,香菇,0,附件1规则：露天非水浇地单季粮食（不含水稻）
A2,平旱地,single,40,白灵菇,0,附件1规则：露天非水浇地单季粮食（不含水稻）
A2,平旱地,single,41,羊肚菌,0,附件1规则：露天非水浇地单季粮食（不含水稻）
A3,平旱地,single,1,黄豆,1,附件1规则：露天非水浇地单季粮食（不含水稻）
A3,平旱地,single,2,黑豆,1,附件1规则：露天非水浇地单季粮食（不含水稻）
A3,平旱地,single,3,红豆,1,附件1规则：露天非水浇地单季粮食（不含水稻）
A3,平旱地,single,4,绿豆,1,附件1规则：露天非水浇地单季粮食（不含水稻）
A3,平旱地,single,5,爬豆,1,附件1规则：露天非水浇地单季粮食（不含水稻）
A3,平旱地,single,6,小麦,1,附件1规则：露天非水浇地单季粮食（不含水稻）
A3,平旱地,single,7,玉米,1,附件1规则：露天非水浇地单季粮食（不含水稻）
A3,平旱地,single,8,谷子,1,附件1规则：露天非水浇地单季粮食（不含水稻）
A3,平旱地,single,9,高粱,1,附件1规则：露天非水浇地单季粮食（不含水稻）
A3,平旱地,single,10,黍子,1,附件1规则：露天非水浇地单季粮食（不含水稻）
A3,平旱地,single,11,荞麦,1,附件1规则：露天非水浇地单季粮食（不含水稻）
A3,平旱地,single,12,南瓜,1,附件1规则：露天非水浇地单季粮食（不含水稻）
A3,平旱地,single,13,红薯,1,附件1规则：露天非水浇地单季粮食（不含水稻）
A3,平旱地,single,14,莜麦,1,附件1规则：露天非水浇地单季粮食（不含水稻）
A3,平旱地,single,15,大麦,1,附件1规则：露天非水浇地单季粮食（不含水稻）
A3,平旱地,single,16,水稻,0,附件1规则：露天非水浇地单季粮食（不含水稻）
A3,平旱地,single,17,豇豆,0,附件1规则：露天非水浇地单季粮食（不含水稻）
A3,平旱地,single,18,刀豆,0,附件1规则：露天非水浇地单季粮食（不含水稻）
A3,平旱地,single,19,芸豆,0,附件1规则：露天非水浇地单季粮食（不含水稻）
A3,平旱地,single,20,土豆,0,附件1规则：露天非水浇地单季粮食（不含水稻）
A3,平旱地,single,21,西红柿,0,附件1规则：露天非水浇地单季粮食（不含水稻）
A3,平旱地,single,22,茄子,0,附件1规则：露天非水浇地单季粮食（不含水稻）
A3,平旱地,single,23,菠菜,0,附件1规则：露天非水浇地单季粮食（不含水稻）
A3,平旱地,single,24,青椒,0,附件1规则：露天非水浇地单季粮食（不含水稻）
A3,平旱地,single,25,菜花,0,附件1规则：露天非水浇地单季粮食（不含水稻）
A3,平旱地,single,26,包菜,0,附件1规则：露天非水浇地单季粮食（不含水稻）
A3,平旱地,single,27,油麦菜,0,附件1规则：露天非水浇地单季粮食（不含水稻）
A3,平旱地,single,28,小青菜,0,附件1规则：露天非水浇地单季粮食（不含水稻）
A3,平旱地,single,29,黄瓜,0,附件1规则：露天非水浇地单季粮食（不含水稻）
A3,平旱地,single,30,生菜,0,附件1规则：露天非水浇地单季粮食（不含水稻）
A3,平旱地,single,31,辣椒,0,附件1规则：露天非水浇地单季粮食（不含水稻）
A3,平旱地,single,32,空心菜,0,附件1规则：露天非水浇地单季粮食（不含水稻）
A3,平旱地,single,33,黄心菜,0,附件1规则：露天非水浇地单季粮食（不含水稻）
A3,平旱地,single,34,芹菜,0,附件1规则：露天非水浇地单季粮食（不含水稻）
A3,平旱地,single,35,大白菜,0,附件1规则：露天非水浇地单季粮食（不含水稻）
A3,平旱地,single,36,白萝卜,0,附件1规则：露天非水浇地单季粮食（不含水稻）
A3,平旱地,single,37,红萝卜,0,附件1规则：露天非水浇地单季粮食（不含水稻）
A3,平旱地,single,38,榆黄菇,0,附件1规则：露天非水浇地单季粮食（不含水稻）
A3,平旱地,single,39,香菇,0,附件1规则：露天非水浇地单季粮食（不含水稻）
A3,平旱地,single,40,白灵菇,0,附件1规则：露天非水浇地单季粮食（不含水稻）
A3,平旱地,single,41,羊肚菌,0,附件1规则：露天非水浇地单季粮食（不含水稻）
A4,平旱地,single,1,黄豆,1,附件1规则：露天非水浇地单季粮食（不含水稻）
A4,平旱地,single,2,黑豆,1,附件1规则：露天非水浇地单季粮食（不含水稻）
A4,平旱地,single,3,红豆,1,附件1规则：露天非水浇地单季粮食（不含水稻）
A4,平旱地,single,4,绿豆,1,附件1规则：露天非水浇地单季粮食（不含水稻）
A4,平旱地,single,5,爬豆,1,附件1规则：露天非水浇地单季粮食（不含水稻）
A4,平旱地,single,6,小麦,1,附件1规则：露天非水浇地单季粮食（不含水稻）
A4,平旱地,single,7,玉米,1,附件1规则：露天非水浇地单季粮食（不含水稻）
A4,平旱地,single,8,谷子,1,附件1规则：露天非水浇地单季粮食（不含水稻）
A4,平旱地,single,9,高粱,1,附件1规则：露天非水浇地单季粮食（不含水稻）
A4,平旱地,single,10,黍子,1,附件1规则：露天非水浇地单季粮食（不含水稻）
A4,平旱地,single,11,荞麦,1,附件1规则：露天非水浇地单季粮食（不含水稻）
A4,平旱地,single,12,南瓜,1,附件1规则：露天非水浇地单季粮食（不含水稻）
A4,平旱地,single,13,红薯,1,附件1规则：露天非水浇地单季粮食（不含水稻）
A4,平旱地,single,14,莜麦,1,附件1规则：露天非水浇地单季粮食（不含水稻）
A4,平旱地,single,15,大麦,1,附件1规则：露天非水浇地单季粮食（不含水稻）
A4,平旱地,single,16,水稻,0,附件1规则：露天非水浇地单季粮食（不含水稻）
A4,平旱地,single,17,豇豆,0,附件1规则：露天非水浇地单季粮食（不含水稻）
A4,平旱地,single,18,刀豆,0,附件1规则：露天非水浇地单季粮食（不含水稻）
A4,平旱地,single,19,芸豆,0,附件1规则：露天非水浇地单季粮食（不含水稻）
A4,平旱地,single,20,土豆,0,附件1规则：露天非水浇地单季粮食（不含水稻）
A4,平旱地,single,21,西红柿,0,附件1规则：露天非水浇地单季粮食（不含水稻）
A4,平旱地,single,22,茄子,0,附件1规则：露天非水浇地单季粮食（不含水稻）
A4,平旱地,single,23,菠菜,0,附件1规则：露天非水浇地单季粮食（不含水稻）
A4,平旱地,single,24,青椒,0,附件1规则：露天非水浇地单季粮食（不含水稻）
A4,平旱地,single,25,菜花,0,附件1规则：露天非水浇地单季粮食（不含水稻）
A4,平旱地,single,26,包菜,0,附件1规则：露天非水浇地单季粮食（不含水稻）
A4,平旱地,single,27,油麦菜,0,附件1规则：露天非水浇地单季粮食（不含水稻）
A4,平旱地,single,28,小青菜,0,附件1规则：露天非水浇地单季粮食（不含水稻）
A4,平旱地,single,29,黄瓜,0,附件1规则：露天非水浇地单季粮食（不含水稻）
A4,平旱地,single,30,生菜,0,附件1规则：露天非水浇地单季粮食（不含水稻）
A4,平旱地,single,31,辣椒,0,附件1规则：露天非水浇地单季粮食（不含水稻）
A4,平旱地,single,32,空心菜,0,附件1规则：露天非水浇地单季粮食（不含水稻）
A4,平旱地,single,33,黄心菜,0,附件1规则：露天非水浇地单季粮食（不含水稻）
A4,平旱地,single,34,芹菜,0,附件1规则：露天非水浇地单季粮食（不含水稻）
A4,平旱地,single,35,大白菜,0,附件1规则：露天非水浇地单季粮食（不含水稻）
A4,平旱地,single,36,白萝卜,0,附件1规则：露天非水浇地单季粮食（不含水稻）
A4,平旱地,single,37,红萝卜,0,附件1规则：露天非水浇地单季粮食（不含水稻）
A4,平旱地,single,38,榆黄菇,0,附件1规则：露天非水浇地单季粮食（不含水稻）
A4,平旱地,single,39,香菇,0,附件1规则：露天非水浇地单季粮食（不含水稻）
A4,平旱地,single,40,白灵菇,0,附件1规则：露天非水浇地单季粮食（不含水稻）
A4,平旱地,single,41,羊肚菌,0,附件1规则：露天非水浇地单季粮食（不含水稻）
A5,平旱地,single,1,黄豆,1,附件1规则：露天非水浇地单季粮食（不含水稻）
A5,平旱地,single,2,黑豆,1,附件1规则：露天非水浇地单季粮食（不含水稻）
A5,平旱地,single,3,红豆,1,附件1规则：露天非水浇地单季粮食（不含水稻）
A5,平旱地,single,4,绿豆,1,附件1规则：露天非水浇地单季粮食（不含水稻）
A5,平旱地,single,5,爬豆,1,附件1规则：露天非水浇地单季粮食（不含水稻）
A5,平旱地,single,6,小麦,1,附件1规则：露天非水浇地单季粮食（不含水稻）
A5,平旱地,single,7,玉米,1,附件1规则：露天非水浇地单季粮食（不含水稻）
A5,平旱地,single,8,谷子,1,附件1规则：露天非水浇地单季粮食（不含水稻）
A5,平旱地,single,9,高粱,1,附件1规则：露天非水浇地单季粮食（不含水稻）
A5,平旱地,single,10,黍子,1,附件1规则：露天非水浇地单季粮食（不含水稻）
A5,平旱地,single,11,荞麦,1,附件1规则：露天非水浇地单季粮食（不含水稻）
A5,平旱地,single,12,南瓜,1,附件1规则：露天非水浇地单季粮食（不含水稻）
A5,平旱地,single,13,红薯,1,附件1规则：露天非水浇地单季粮食（不含水稻）
A5,平旱地,single,14,莜麦,1,附件1规则：露天非水浇地单季粮食（不含水稻）
A5,平旱地,single,15,大麦,1,附件1规则：露天非水浇地单季粮食（不含水稻）
A5,平旱地,single,16,水稻,0,附件1规则：露天非水浇地单季粮食（不含水稻）
A5,平旱地,single,17,豇豆,0,附件1规则：露天非水浇地单季粮食（不含水稻）
A5,平旱地,single,18,刀豆,0,附件1规则：露天非水浇地单季粮食（不含水稻）
A5,平旱地,single,19,芸豆,0,附件1规则：露天非水浇地单季粮食（不含水稻）
A5,平旱地,single,20,土豆,0,附件1规则：露天非水浇地单季粮食（不含水稻）
A5,平旱地,single,21,西红柿,0,附件1规则：露天非水浇地单季粮食（不含水稻）
A5,平旱地,single,22,茄子,0,附件1规则：露天非水浇地单季粮食（不含水稻）
A5,平旱地,single,23,菠菜,0,附件1规则：露天非水浇地单季粮食（不含水稻）
A5,平旱地,single,24,青椒,0,附件1规则：露天非水浇地单季粮食（不含水稻）
A5,平旱地,single,25,菜花,0,附件1规则：露天非水浇地单季粮食（不含水稻）
A5,平旱地,single,26,包菜,0,附件1规则：露天非水浇地单季粮食（不含水稻）
A5,平旱地,single,27,油麦菜,0,附件1规则：露天非水浇地单季粮食（不含水稻）
A5,平旱地,single,28,小青菜,0,附件1规则：露天非水浇地单季粮食（不含水稻）
A5,平旱地,single,29,黄瓜,0,附件1规则：露天非水浇地单季粮食（不含水稻）
A5,平旱地,single,30,生菜,0,附件1规则：露天非水浇地单季粮食（不含水稻）
A5,平旱地,single,31,辣椒,0,附件1规则：露天非水浇地单季粮食（不含水稻）
A5,平旱地,single,32,空心菜,0,附件1规则：露天非水浇地单季粮食（不含水稻）
A5,平旱地,single,33,黄心菜,0,附件1规则：露天非水浇地单季粮食（不含水稻）
A5,平旱地,single,34,芹菜,0,附件1规则：露天非水浇地单季粮食（不含水稻）
A5,平旱地,single,35,大白菜,0,附件1规则：露天非水浇地单季粮食（不含水稻）
A5,平旱地,single,36,白萝卜,0,附件1规则：露天非水浇地单季粮食（不含水稻）
A5,平旱地,single,37,红萝卜,0,附件1规则：露天非水浇地单季粮食（不含水稻）
A5,平旱地,single,38,榆黄菇,0,附件1规则：露天非水浇地单季粮食（不含水稻）
A5,平旱地,single,39,香菇,0,附件1规则：露天非水浇地单季粮食（不含水稻）
A5,平旱地,single,40,白灵菇,0,附件1规则：露天非水浇地单季粮食（不含水稻）
A5,平旱地,single,41,羊肚菌,0,附件1规则：露天非水浇地单季粮食（不含水稻）
A6,平旱地,single,1,黄豆,1,附件1规则：露天非水浇地单季粮食（不含水稻）
A6,平旱地,single,2,黑豆,1,附件1规则：露天非水浇地单季粮食（不含水稻）
A6,平旱地,single,3,红豆,1,附件1规则：露天非水浇地单季粮食（不含水稻）
A6,平旱地,single,4,绿豆,1,附件1规则：露天非水浇地单季粮食（不含水稻）
A6,平旱地,single,5,爬豆,1,附件1规则：露天非水浇地单季粮食（不含水稻）
A6,平旱地,single,6,小麦,1,附件1规则：露天非水浇地单季粮食（不含水稻）
A6,平旱地,single,7,玉米,1,附件1规则：露天非水浇地单季粮食（不含水稻）
A6,平旱地,single,8,谷子,1,附件1规则：露天非水浇地单季粮食（不含水稻）
A6,平旱地,single,9,高粱,1,附件1规则：露天非水浇地单季粮食（不含水稻）
A6,平旱地,single,10,黍子,1,附件1规则：露天非水浇地单季粮食（不含水稻）
A6,平旱地,single,11,荞麦,1,附件1规则：露天非水浇地单季粮食（不含水稻）
A6,平旱地,single,12,南瓜,1,附件1规则：露天非水浇地单季粮食（不含水稻）
A6,平旱地,single,13,红薯,1,附件1规则：露天非水浇地单季粮食（不含水稻）
A6,平旱地,single,14,莜麦,1,附件1规则：露天非水浇地单季粮食（不含水稻）
A6,平旱地,single,15,大麦,1,附件1规则：露天非水浇地单季粮食（不含水稻）
A6,平旱地,single,16,水稻,0,附件1规则：露天非水浇地单季粮食（不含水稻）
A6,平旱地,single,17,豇豆,0,附件1规则：露天非水浇地单季粮食（不含水稻）
A6,平旱地,single,18,刀豆,0,附件1规则：露天非水浇地单季粮食（不含水稻）
A6,平旱地,single,19,芸豆,0,附件1规则：露天非水浇地单季粮食（不含水稻）
A6,平旱地,single,20,土豆,0,附件1规则：露天非水浇地单季粮食（不含水稻）
A6,平旱地,single,21,西红柿,0,附件1规则：露天非水浇地单季粮食（不含水稻）
A6,平旱地,single,22,茄子,0,附件1规则：露天非水浇地单季粮食（不含水稻）
A6,平旱地,single,23,菠菜,0,附件1规则：露天非水浇地单季粮食（不含水稻）
A6,平旱地,single,24,青椒,0,附件1规则：露天非水浇地单季粮食（不含水稻）
A6,平旱地,single,25,菜花,0,附件1规则：露天非水浇地单季粮食（不含水稻）
A6,平旱地,single,26,包菜,0,附件1规则：露天非水浇地单季粮食（不含水稻）
A6,平旱地,single,27,油麦菜,0,附件1规则：露天非水浇地单季粮食（不含水稻）
A6,平旱地,single,28,小青菜,0,附件1规则：露天非水浇地单季粮食（不含水稻）
A6,平旱地,single,29,黄瓜,0,附件1规则：露天非水浇地单季粮食（不含水稻）
A6,平旱地,single,30,生菜,0,附件1规则：露天非水浇地单季粮食（不含水稻）
A6,平旱地,single,31,辣椒,0,附件1规则：露天非水浇地单季粮食（不含水稻）
A6,平旱地,single,32,空心菜,0,附件1规则：露天非水浇地单季粮食（不含水稻）
A6,平旱地,single,33,黄心菜,0,附件1规则：露天非水浇地单季粮食（不含水稻）
A6,平旱地,single,34,芹菜,0,附件1规则：露天非水浇地单季粮食（不含水稻）
A6,平旱地,single,35,大白菜,0,附件1规则：露天非水浇地单季粮食（不含水稻）
A6,平旱地,single,36,白萝卜,0,附件1规则：露天非水浇地单季粮食（不含水稻）
A6,平旱地,single,37,红萝卜,0,附件1规则：露天非水浇地单季粮食（不含水稻）
A6,平旱地,single,38,榆黄菇,0,附件1规则：露天非水浇地单季粮食（不含水稻）
A6,平旱地,single,39,香菇,0,附件1规则：露天非水浇地单季粮食（不含水稻）
A6,平旱地,single,40,白灵菇,0,附件1规则：露天非水浇地单季粮食（不含水稻）
A6,平旱地,single,41,羊肚菌,0,附件1规则：露天非水浇地单季粮食（不含水稻）
B1,梯田,single,1,黄豆,1,附件1规则：露天非水浇地单季粮食（不含水稻）
B1,梯田,single,2,黑豆,1,附件1规则：露天非水浇地单季粮食（不含水稻）
B1,梯田,single,3,红豆,1,附件1规则：露天非水浇地单季粮食（不含水稻）
B1,梯田,single,4,绿豆,1,附件1规则：露天非水浇地单季粮食（不含水稻）
B1,梯田,single,5,爬豆,1,附件1规则：露天非水浇地单季粮食（不含水稻）
B1,梯田,single,6,小麦,1,附件1规则：露天非水浇地单季粮食（不含水稻）
B1,梯田,single,7,玉米,1,附件1规则：露天非水浇地单季粮食（不含水稻）
B1,梯田,single,8,谷子,1,附件1规则：露天非水浇地单季粮食（不含水稻）
B1,梯田,single,9,高粱,1,附件1规则：露天非水浇地单季粮食（不含水稻）
B1,梯田,single,10,黍子,1,附件1规则：露天非水浇地单季粮食（不含水稻）
B1,梯田,single,11,荞麦,1,附件1规则：露天非水浇地单季粮食（不含水稻）
B1,梯田,single,12,南瓜,1,附件1规则：露天非水浇地单季粮食（不含水稻）
B1,梯田,single,13,红薯,1,附件1规则：露天非水浇地单季粮食（不含水稻）
B1,梯田,single,14,莜麦,1,附件1规则：露天非水浇地单季粮食（不含水稻）
B1,梯田,single,15,大麦,1,附件1规则：露天非水浇地单季粮食（不含水稻）
B1,梯田,single,16,水稻,0,附件1规则：露天非水浇地单季粮食（不含水稻）
B1,梯田,single,17,豇豆,0,附件1规则：露天非水浇地单季粮食（不含水稻）
B1,梯田,single,18,刀豆,0,附件1规则：露天非水浇地单季粮食（不含水稻）
B1,梯田,single,19,芸豆,0,附件1规则：露天非水浇地单季粮食（不含水稻）
B1,梯田,single,20,土豆,0,附件1规则：露天非水浇地单季粮食（不含水稻）
B1,梯田,single,21,西红柿,0,附件1规则：露天非水浇地单季粮食（不含水稻）
B1,梯田,single,22,茄子,0,附件1规则：露天非水浇地单季粮食（不含水稻）
B1,梯田,single,23,菠菜,0,附件1规则：露天非水浇地单季粮食（不含水稻）
B1,梯田,single,24,青椒,0,附件1规则：露天非水浇地单季粮食（不含水稻）
B1,梯田,single,25,菜花,0,附件1规则：露天非水浇地单季粮食（不含水稻）
B1,梯田,single,26,包菜,0,附件1规则：露天非水浇地单季粮食（不含水稻）
B1,梯田,single,27,油麦菜,0,附件1规则：露天非水浇地单季粮食（不含水稻）
B1,梯田,single,28,小青菜,0,附件1规则：露天非水浇地单季粮食（不含水稻）
B1,梯田,single,29,黄瓜,0,附件1规则：露天非水浇地单季粮食（不含水稻）
B1,梯田,single,30,生菜,0,附件1规则：露天非水浇地单季粮食（不含水稻）
B1,梯田,single,31,辣椒,0,附件1规则：露天非水浇地单季粮食（不含水稻）
B1,梯田,single,32,空心菜,0,附件1规则：露天非水浇地单季粮食（不含水稻）
B1,梯田,single,33,黄心菜,0,附件1规则：露天非水浇地单季粮食（不含水稻）
B1,梯田,single,34,芹菜,0,附件1规则：露天非水浇地单季粮食（不含水稻）
B1,梯田,single,35,大白菜,0,附件1规则：露天非水浇地单季粮食（不含水稻）
B1,梯田,single,36,白萝卜,0,附件1规则：露天非水浇地单季粮食（不含水稻）
B1,梯田,single,37,红萝卜,0,附件1规则：露天非水浇地单季粮食（不含水稻）
B1,梯田,single,38,榆黄菇,0,附件1规则：露天非水浇地单季粮食（不含水稻）
B1,梯田,single,39,香菇,0,附件1规则：露天非水浇地单季粮食（不含水稻）
B1,梯田,single,40,白灵菇,0,附件1规则：露天非水浇地单季粮食（不含水稻）
B1,梯田,single,41,羊肚菌,0,附件1规则：露天非水浇地单季粮食（不含水稻）
B2,梯田,single,1,黄豆,1,附件1规则：露天非水浇地单季粮食（不含水稻）
B2,梯田,single,2,黑豆,1,附件1规则：露天非水浇地单季粮食（不含水稻）
B2,梯田,single,3,红豆,1,附件1规则：露天非水浇地单季粮食（不含水稻）
B2,梯田,single,4,绿豆,1,附件1规则：露天非水浇地单季粮食（不含水稻）
B2,梯田,single,5,爬豆,1,附件1规则：露天非水浇地单季粮食（不含水稻）
B2,梯田,single,6,小麦,1,附件1规则：露天非水浇地单季粮食（不含水稻）
B2,梯田,single,7,玉米,1,附件1规则：露天非水浇地单季粮食（不含水稻）
B2,梯田,single,8,谷子,1,附件1规则：露天非水浇地单季粮食（不含水稻）
B2,梯田,single,9,高粱,1,附件1规则：露天非水浇地单季粮食（不含水稻）
B2,梯田,single,10,黍子,1,附件1规则：露天非水浇地单季粮食（不含水稻）
B2,梯田,single,11,荞麦,1,附件1规则：露天非水浇地单季粮食（不含水稻）
B2,梯田,single,12,南瓜,1,附件1规则：露天非水浇地单季粮食（不含水稻）
B2,梯田,single,13,红薯,1,附件1规则：露天非水浇地单季粮食（不含水稻）
B2,梯田,single,14,莜麦,1,附件1规则：露天非水浇地单季粮食（不含水稻）
B2,梯田,single,15,大麦,1,附件1规则：露天非水浇地单季粮食（不含水稻）
B2,梯田,single,16,水稻,0,附件1规则：露天非水浇地单季粮食（不含水稻）
B2,梯田,single,17,豇豆,0,附件1规则：露天非水浇地单季粮食（不含水稻）
B2,梯田,single,18,刀豆,0,附件1规则：露天非水浇地单季粮食（不含水稻）
B2,梯田,single,19,芸豆,0,附件1规则：露天非水浇地单季粮食（不含水稻）
B2,梯田,single,20,土豆,0,附件1规则：露天非水浇地单季粮食（不含水稻）
B2,梯田,single,21,西红柿,0,附件1规则：露天非水浇地单季粮食（不含水稻）
B2,梯田,single,22,茄子,0,附件1规则：露天非水浇地单季粮食（不含水稻）
B2,梯田,single,23,菠菜,0,附件1规则：露天非水浇地单季粮食（不含水稻）
B2,梯田,single,24,青椒,0,附件1规则：露天非水浇地单季粮食（不含水稻）
B2,梯田,single,25,菜花,0,附件1规则：露天非水浇地单季粮食（不含水稻）
B2,梯田,single,26,包菜,0,附件1规则：露天非水浇地单季粮食（不含水稻）
B2,梯田,single,27,油麦菜,0,附件1规则：露天非水浇地单季粮食（不含水稻）
B2,梯田,single,28,小青菜,0,附件1规则：露天非水浇地单季粮食（不含水稻）
B2,梯田,single,29,黄瓜,0,附件1规则：露天非水浇地单季粮食（不含水稻）
B2,梯田,single,30,生菜,0,附件1规则：露天非水浇地单季粮食（不含水稻）
B2,梯田,single,31,辣椒,0,附件1规则：露天非水浇地单季粮食（不含水稻）
B2,梯田,single,32,空心菜,0,附件1规则：露天非水浇地单季粮食（不含水稻）
B2,梯田,single,33,黄心菜,0,附件1规则：露天非水浇地单季粮食（不含水稻）
B2,梯田,single,34,芹菜,0,附件1规则：露天非水浇地单季粮食（不含水稻）
B2,梯田,single,35,大白菜,0,附件1规则：露天非水浇地单季粮食（不含水稻）
B2,梯田,single,36,白萝卜,0,附件1规则：露天非水浇地单季粮食（不含水稻）
B2,梯田,single,37,红萝卜,0,附件1规则：露天非水浇地单季粮食（不含水稻）
B2,梯田,single,38,榆黄菇,0,附件1规则：露天非水浇地单季粮食（不含水稻）
B2,梯田,single,39,香菇,0,附件1规则：露天非水浇地单季粮食（不含水稻）
B2,梯田,single,40,白灵菇,0,附件1规则：露天非水浇地单季粮食（不含水稻）
B2,梯田,single,41,羊肚菌,0,附件1规则：露天非水浇地单季粮食（不含水稻）
B3,梯田,single,1,黄豆,1,附件1规则：露天非水浇地单季粮食（不含水稻）
B3,梯田,single,2,黑豆,1,附件1规则：露天非水浇地单季粮食（不含水稻）
B3,梯田,single,3,红豆,1,附件1规则：露天非水浇地单季粮食（不含水稻）
B3,梯田,single,4,绿豆,1,附件1规则：露天非水浇地单季粮食（不含水稻）
B3,梯田,single,5,爬豆,1,附件1规则：露天非水浇地单季粮食（不含水稻）
B3,梯田,single,6,小麦,1,附件1规则：露天非水浇地单季粮食（不含水稻）
B3,梯田,single,7,玉米,1,附件1规则：露天非水浇地单季粮食（不含水稻）
B3,梯田,single,8,谷子,1,附件1规则：露天非水浇地单季粮食（不含水稻）
B3,梯田,single,9,高粱,1,附件1规则：露天非水浇地单季粮食（不含水稻）
B3,梯田,single,10,黍子,1,附件1规则：露天非水浇地单季粮食（不含水稻）
B3,梯田,single,11,荞麦,1,附件1规则：露天非水浇地单季粮食（不含水稻）
B3,梯田,single,12,南瓜,1,附件1规则：露天非水浇地单季粮食（不含水稻）
B3,梯田,single,13,红薯,1,附件1规则：露天非水浇地单季粮食（不含水稻）
B3,梯田,single,14,莜麦,1,附件1规则：露天非水浇地单季粮食（不含水稻）
B3,梯田,single,15,大麦,1,附件1规则：露天非水浇地单季粮食（不含水稻）
B3,梯田,single,16,水稻,0,附件1规则：露天非水浇地单季粮食（不含水稻）
B3,梯田,single,17,豇豆,0,附件1规则：露天非水浇地单季粮食（不含水稻）
B3,梯田,single,18,刀豆,0,附件1规则：露天非水浇地单季粮食（不含水稻）
B3,梯田,single,19,芸豆,0,附件1规则：露天非水浇地单季粮食（不含水稻）
B3,梯田,single,20,土豆,0,附件1规则：露天非水浇地单季粮食（不含水稻）
B3,梯田,single,21,西红柿,0,附件1规则：露天非水浇地单季粮食（不含水稻）
B3,梯田,single,22,茄子,0,附件1规则：露天非水浇地单季粮食（不含水稻）
B3,梯田,single,23,菠菜,0,附件1规则：露天非水浇地单季粮食（不含水稻）
B3,梯田,single,24,青椒,0,附件1规则：露天非水浇地单季粮食（不含水稻）
B3,梯田,single,25,菜花,0,附件1规则：露天非水浇地单季粮食（不含水稻）
B3,梯田,single,26,包菜,0,附件1规则：露天非水浇地单季粮食（不含水稻）
B3,梯田,single,27,油麦菜,0,附件1规则：露天非水浇地单季粮食（不含水稻）
B3,梯田,single,28,小青菜,0,附件1规则：露天非水浇地单季粮食（不含水稻）
B3,梯田,single,29,黄瓜,0,附件1规则：露天非水浇地单季粮食（不含水稻）
B3,梯田,single,30,生菜,0,附件1规则：露天非水浇地单季粮食（不含水稻）
B3,梯田,single,31,辣椒,0,附件1规则：露天非水浇地单季粮食（不含水稻）
B3,梯田,single,32,空心菜,0,附件1规则：露天非水浇地单季粮食（不含水稻）
B3,梯田,single,33,黄心菜,0,附件1规则：露天非水浇地单季粮食（不含水稻）
B3,梯田,single,34,芹菜,0,附件1规则：露天非水浇地单季粮食（不含水稻）
B3,梯田,single,35,大白菜,0,附件1规则：露天非水浇地单季粮食（不含水稻）
B3,梯田,single,36,白萝卜,0,附件1规则：露天非水浇地单季粮食（不含水稻）
B3,梯田,single,37,红萝卜,0,附件1规则：露天非水浇地单季粮食（不含水稻）
B3,梯田,single,38,榆黄菇,0,附件1规则：露天非水浇地单季粮食（不含水稻）
B3,梯田,single,39,香菇,0,附件1规则：露天非水浇地单季粮食（不含水稻）
B3,梯田,single,40,白灵菇,0,附件1规则：露天非水浇地单季粮食（不含水稻）
B3,梯田,single,41,羊肚菌,0,附件1规则：露天非水浇地单季粮食（不含水稻）
B4,梯田,single,1,黄豆,1,附件1规则：露天非水浇地单季粮食（不含水稻）
B4,梯田,single,2,黑豆,1,附件1规则：露天非水浇地单季粮食（不含水稻）
B4,梯田,single,3,红豆,1,附件1规则：露天非水浇地单季粮食（不含水稻）
B4,梯田,single,4,绿豆,1,附件1规则：露天非水浇地单季粮食（不含水稻）
B4,梯田,single,5,爬豆,1,附件1规则：露天非水浇地单季粮食（不含水稻）
B4,梯田,single,6,小麦,1,附件1规则：露天非水浇地单季粮食（不含水稻）
B4,梯田,single,7,玉米,1,附件1规则：露天非水浇地单季粮食（不含水稻）
B4,梯田,single,8,谷子,1,附件1规则：露天非水浇地单季粮食（不含水稻）
B4,梯田,single,9,高粱,1,附件1规则：露天非水浇地单季粮食（不含水稻）
B4,梯田,single,10,黍子,1,附件1规则：露天非水浇地单季粮食（不含水稻）
B4,梯田,single,11,荞麦,1,附件1规则：露天非水浇地单季粮食（不含水稻）
B4,梯田,single,12,南瓜,1,附件1规则：露天非水浇地单季粮食（不含水稻）
B4,梯田,single,13,红薯,1,附件1规则：露天非水浇地单季粮食（不含水稻）
B4,梯田,single,14,莜麦,1,附件1规则：露天非水浇地单季粮食（不含水稻）
B4,梯田,single,15,大麦,1,附件1规则：露天非水浇地单季粮食（不含水稻）
B4,梯田,single,16,水稻,0,附件1规则：露天非水浇地单季粮食（不含水稻）
B4,梯田,single,17,豇豆,0,附件1规则：露天非水浇地单季粮食（不含水稻）
B4,梯田,single,18,刀豆,0,附件1规则：露天非水浇地单季粮食（不含水稻）
B4,梯田,single,19,芸豆,0,附件1规则：露天非水浇地单季粮食（不含水稻）
B4,梯田,single,20,土豆,0,附件1规则：露天非水浇地单季粮食（不含水稻）
B4,梯田,single,21,西红柿,0,附件1规则：露天非水浇地单季粮食（不含水稻）
B4,梯田,single,22,茄子,0,附件1规则：露天非水浇地单季粮食（不含水稻）
B4,梯田,single,23,菠菜,0,附件1规则：露天非水浇地单季粮食（不含水稻）
B4,梯田,single,24,青椒,0,附件1规则：露天非水浇地单季粮食（不含水稻）
B4,梯田,single,25,菜花,0,附件1规则：露天非水浇地单季粮食（不含水稻）
B4,梯田,single,26,包菜,0,附件1规则：露天非水浇地单季粮食（不含水稻）
B4,梯田,single,27,油麦菜,0,附件1规则：露天非水浇地单季粮食（不含水稻）
B4,梯田,single,28,小青菜,0,附件1规则：露天非水浇地单季粮食（不含水稻）
B4,梯田,single,29,黄瓜,0,附件1规则：露天非水浇地单季粮食（不含水稻）
B4,梯田,single,30,生菜,0,附件1规则：露天非水浇地单季粮食（不含水稻）
B4,梯田,single,31,辣椒,0,附件1规则：露天非水浇地单季粮食（不含水稻）
B4,梯田,single,32,空心菜,0,附件1规则：露天非水浇地单季粮食（不含水稻）
B4,梯田,single,33,黄心菜,0,附件1规则：露天非水浇地单季粮食（不含水稻）
B4,梯田,single,34,芹菜,0,附件1规则：露天非水浇地单季粮食（不含水稻）
B4,梯田,single,35,大白菜,0,附件1规则：露天非水浇地单季粮食（不含水稻）
B4,梯田,single,36,白萝卜,0,附件1规则：露天非水浇地单季粮食（不含水稻）
B4,梯田,single,37,红萝卜,0,附件1规则：露天非水浇地单季粮食（不含水稻）
B4,梯田,single,38,榆黄菇,0,附件1规则：露天非水浇地单季粮食（不含水稻）
B4,梯田,single,39,香菇,0,附件1规则：露天非水浇地单季粮食（不含水稻）
B4,梯田,single,40,白灵菇,0,附件1规则：露天非水浇地单季粮食（不含水稻）
B4,梯田,single,41,羊肚菌,0,附件1规则：露天非水浇地单季粮食（不含水稻）
B5,梯田,single,1,黄豆,1,附件1规则：露天非水浇地单季粮食（不含水稻）
B5,梯田,single,2,黑豆,1,附件1规则：露天非水浇地单季粮食（不含水稻）
B5,梯田,single,3,红豆,1,附件1规则：露天非水浇地单季粮食（不含水稻）
B5,梯田,single,4,绿豆,1,附件1规则：露天非水浇地单季粮食（不含水稻）
B5,梯田,single,5,爬豆,1,附件1规则：露天非水浇地单季粮食（不含水稻）
B5,梯田,single,6,小麦,1,附件1规则：露天非水浇地单季粮食（不含水稻）
B5,梯田,single,7,玉米,1,附件1规则：露天非水浇地单季粮食（不含水稻）
B5,梯田,single,8,谷子,1,附件1规则：露天非水浇地单季粮食（不含水稻）
B5,梯田,single,9,高粱,1,附件1规则：露天非水浇地单季粮食（不含水稻）
B5,梯田,single,10,黍子,1,附件1规则：露天非水浇地单季粮食（不含水稻）
B5,梯田,single,11,荞麦,1,附件1规则：露天非水浇地单季粮食（不含水稻）
B5,梯田,single,12,南瓜,1,附件1规则：露天非水浇地单季粮食（不含水稻）
B5,梯田,single,13,红薯,1,附件1规则：露天非水浇地单季粮食（不含水稻）
B5,梯田,single,14,莜麦,1,附件1规则：露天非水浇地单季粮食（不含水稻）
B5,梯田,single,15,大麦,1,附件1规则：露天非水浇地单季粮食（不含水稻）
B5,梯田,single,16,水稻,0,附件1规则：露天非水浇地单季粮食（不含水稻）
B5,梯田,single,17,豇豆,0,附件1规则：露天非水浇地单季粮食（不含水稻）
B5,梯田,single,18,刀豆,0,附件1规则：露天非水浇地单季粮食（不含水稻）
B5,梯田,single,19,芸豆,0,附件1规则：露天非水浇地单季粮食（不含水稻）
B5,梯田,single,20,土豆,0,附件1规则：露天非水浇地单季粮食（不含水稻）
B5,梯田,single,21,西红柿,0,附件1规则：露天非水浇地单季粮食（不含水稻）
B5,梯田,single,22,茄子,0,附件1规则：露天非水浇地单季粮食（不含水稻）
B5,梯田,single,23,菠菜,0,附件1规则：露天非水浇地单季粮食（不含水稻）
B5,梯田,single,24,青椒,0,附件1规则：露天非水浇地单季粮食（不含水稻）
B5,梯田,single,25,菜花,0,附件1规则：露天非水浇地单季粮食（不含水稻）
B5,梯田,single,26,包菜,0,附件1规则：露天非水浇地单季粮食（不含水稻）
B5,梯田,single,27,油麦菜,0,附件1规则：露天非水浇地单季粮食（不含水稻）
B5,梯田,single,28,小青菜,0,附件1规则：露天非水浇地单季粮食（不含水稻）
B5,梯田,single,29,黄瓜,0,附件1规则：露天非水浇地单季粮食（不含水稻）
B5,梯田,single,30,生菜,0,附件1规则：露天非水浇地单季粮食（不含水稻）
B5,梯田,single,31,辣椒,0,附件1规则：露天非水浇地单季粮食（不含水稻）
B5,梯田,single,32,空心菜,0,附件1规则：露天非水浇地单季粮食（不含水稻）
B5,梯田,single,33,黄心菜,0,附件1规则：露天非水浇地单季粮食（不含水稻）
B5,梯田,single,34,芹菜,0,附件1规则：露天非水浇地单季粮食（不含水稻）
B5,梯田,single,35,大白菜,0,附件1规则：露天非水浇地单季粮食（不含水稻）
B5,梯田,single,36,白萝卜,0,附件1规则：露天非水浇地单季粮食（不含水稻）
B5,梯田,single,37,红萝卜,0,附件1规则：露天非水浇地单季粮食（不含水稻）
B5,梯田,single,38,榆黄菇,0,附件1规则：露天非水浇地单季粮食（不含水稻）
B5,梯田,single,39,香菇,0,附件1规则：露天非水浇地单季粮食（不含水稻）
B5,梯田,single,40,白灵菇,0,附件1规则：露天非水浇地单季粮食（不含水稻）
B5,梯田,single,41,羊肚菌,0,附件1规则：露天非水浇地单季粮食（不含水稻）
B6,梯田,single,1,黄豆,1,附件1规则：露天非水浇地单季粮食（不含水稻）
B6,梯田,single,2,黑豆,1,附件1规则：露天非水浇地单季粮食（不含水稻）
B6,梯田,single,3,红豆,1,附件1规则：露天非水浇地单季粮食（不含水稻）
B6,梯田,single,4,绿豆,1,附件1规则：露天非水浇地单季粮食（不含水稻）
B6,梯田,single,5,爬豆,1,附件1规则：露天非水浇地单季粮食（不含水稻）
B6,梯田,single,6,小麦,1,附件1规则：露天非水浇地单季粮食（不含水稻）
B6,梯田,single,7,玉米,1,附件1规则：露天非水浇地单季粮食（不含水稻）
B6,梯田,single,8,谷子,1,附件1规则：露天非水浇地单季粮食（不含水稻）
B6,梯田,single,9,高粱,1,附件1规则：露天非水浇地单季粮食（不含水稻）
B6,梯田,single,10,黍子,1,附件1规则：露天非水浇地单季粮食（不含水稻）
B6,梯田,single,11,荞麦,1,附件1规则：露天非水浇地单季粮食（不含水稻）
B6,梯田,single,12,南瓜,1,附件1规则：露天非水浇地单季粮食（不含水稻）
B6,梯田,single,13,红薯,1,附件1规则：露天非水浇地单季粮食（不含水稻）
B6,梯田,single,14,莜麦,1,附件1规则：露天非水浇地单季粮食（不含水稻）
B6,梯田,single,15,大麦,1,附件1规则：露天非水浇地单季粮食（不含水稻）
B6,梯田,single,16,水稻,0,附件1规则：露天非水浇地单季粮食（不含水稻）
B6,梯田,single,17,豇豆,0,附件1规则：露天非水浇地单季粮食（不含水稻）
B6,梯田,single,18,刀豆,0,附件1规则：露天非水浇地单季粮食（不含水稻）
B6,梯田,single,19,芸豆,0,附件1规则：露天非水浇地单季粮食（不含水稻）
B6,梯田,single,20,土豆,0,附件1规则：露天非水浇地单季粮食（不含水稻）
B6,梯田,single,21,西红柿,0,附件1规则：露天非水浇地单季粮食（不含水稻）
B6,梯田,single,22,茄子,0,附件1规则：露天非水浇地单季粮食（不含水稻）
B6,梯田,single,23,菠菜,0,附件1规则：露天非水浇地单季粮食（不含水稻）
B6,梯田,single,24,青椒,0,附件1规则：露天非水浇地单季粮食（不含水稻）
B6,梯田,single,25,菜花,0,附件1规则：露天非水浇地单季粮食（不含水稻）
B6,梯田,single,26,包菜,0,附件1规则：露天非水浇地单季粮食（不含水稻）
B6,梯田,single,27,油麦菜,0,附件1规则：露天非水浇地单季粮食（不含水稻）
B6,梯田,single,28,小青菜,0,附件1规则：露天非水浇地单季粮食（不含水稻）
B6,梯田,single,29,黄瓜,0,附件1规则：露天非水浇地单季粮食（不含水稻）
B6,梯田,single,30,生菜,0,附件1规则：露天非水浇地单季粮食（不含水稻）
B6,梯田,single,31,辣椒,0,附件1规则：露天非水浇地单季粮食（不含水稻）
B6,梯田,single,32,空心菜,0,附件1规则：露天非水浇地单季粮食（不含水稻）
B6,梯田,single,33,黄心菜,0,附件1规则：露天非水浇地单季粮食（不含水稻）
B6,梯田,single,34,芹菜,0,附件1规则：露天非水浇地单季粮食（不含水稻）
B6,梯田,single,35,大白菜,0,附件1规则：露天非水浇地单季粮食（不含水稻）
B6,梯田,single,36,白萝卜,0,附件1规则：露天非水浇地单季粮食（不含水稻）
B6,梯田,single,37,红萝卜,0,附件1规则：露天非水浇地单季粮食（不含水稻）
B6,梯田,single,38,榆黄菇,0,附件1规则：露天非水浇地单季粮食（不含水稻）
B6,梯田,single,39,香菇,0,附件1规则：露天非水浇地单季粮食（不含水稻）
B6,梯田,single,40,白灵菇,0,附件1规则：露天非水浇地单季粮食（不含水稻）
B6,梯田,single,41,羊肚菌,0,附件1规则：露天非水浇地单季粮食（不含水稻）
B7,梯田,single,1,黄豆,1,附件1规则：露天非水浇地单季粮食（不含水稻）
B7,梯田,single,2,黑豆,1,附件1规则：露天非水浇地单季粮食（不含水稻）
B7,梯田,single,3,红豆,1,附件1规则：露天非水浇地单季粮食（不含水稻）
B7,梯田,single,4,绿豆,1,附件1规则：露天非水浇地单季粮食（不含水稻）
B7,梯田,single,5,爬豆,1,附件1规则：露天非水浇地单季粮食（不含水稻）
B7,梯田,single,6,小麦,1,附件1规则：露天非水浇地单季粮食（不含水稻）
B7,梯田,single,7,玉米,1,附件1规则：露天非水浇地单季粮食（不含水稻）
B7,梯田,single,8,谷子,1,附件1规则：露天非水浇地单季粮食（不含水稻）
B7,梯田,single,9,高粱,1,附件1规则：露天非水浇地单季粮食（不含水稻）
B7,梯田,single,10,黍子,1,附件1规则：露天非水浇地单季粮食（不含水稻）
B7,梯田,single,11,荞麦,1,附件1规则：露天非水浇地单季粮食（不含水稻）
B7,梯田,single,12,南瓜,1,附件1规则：露天非水浇地单季粮食（不含水稻）
B7,梯田,single,13,红薯,1,附件1规则：露天非水浇地单季粮食（不含水稻）
B7,梯田,single,14,莜麦,1,附件1规则：露天非水浇地单季粮食（不含水稻）
B7,梯田,single,15,大麦,1,附件1规则：露天非水浇地单季粮食（不含水稻）
B7,梯田,single,16,水稻,0,附件1规则：露天非水浇地单季粮食（不含水稻）
B7,梯田,single,17,豇豆,0,附件1规则：露天非水浇地单季粮食（不含水稻）
B7,梯田,single,18,刀豆,0,附件1规则：露天非水浇地单季粮食（不含水稻）
B7,梯田,single,19,芸豆,0,附件1规则：露天非水浇地单季粮食（不含水稻）
B7,梯田,single,20,土豆,0,附件1规则：露天非水浇地单季粮食（不含水稻）
B7,梯田,single,21,西红柿,0,附件1规则：露天非水浇地单季粮食（不含水稻）
B7,梯田,single,22,茄子,0,附件1规则：露天非水浇地单季粮食（不含水稻）
B7,梯田,single,23,菠菜,0,附件1规则：露天非水浇地单季粮食（不含水稻）
B7,梯田,single,24,青椒,0,附件1规则：露天非水浇地单季粮食（不含水稻）
B7,梯田,single,25,菜花,0,附件1规则：露天非水浇地单季粮食（不含水稻）
B7,梯田,single,26,包菜,0,附件1规则：露天非水浇地单季粮食（不含水稻）
B7,梯田,single,27,油麦菜,0,附件1规则：露天非水浇地单季粮食（不含水稻）
B7,梯田,single,28,小青菜,0,附件1规则：露天非水浇地单季粮食（不含水稻）
B7,梯田,single,29,黄瓜,0,附件1规则：露天非水浇地单季粮食（不含水稻）
B7,梯田,single,30,生菜,0,附件1规则：露天非水浇地单季粮食（不含水稻）
B7,梯田,single,31,辣椒,0,附件1规则：露天非水浇地单季粮食（不含水稻）
B7,梯田,single,32,空心菜,0,附件1规则：露天非水浇地单季粮食（不含水稻）
B7,梯田,single,33,黄心菜,0,附件1规则：露天非水浇地单季粮食（不含水稻）
B7,梯田,single,34,芹菜,0,附件1规则：露天非水浇地单季粮食（不含水稻）
B7,梯田,single,35,大白菜,0,附件1规则：露天非水浇地单季粮食（不含水稻）
B7,梯田,single,36,白萝卜,0,附件1规则：露天非水浇地单季粮食（不含水稻）
B7,梯田,single,37,红萝卜,0,附件1规则：露天非水浇地单季粮食（不含水稻）
B7,梯田,single,38,榆黄菇,0,附件1规则：露天非水浇地单季粮食（不含水稻）
B7,梯田,single,39,香菇,0,附件1规则：露天非水浇地单季粮食（不含水稻）
B7,梯田,single,40,白灵菇,0,附件1规则：露天非水浇地单季粮食（不含水稻）
B7,梯田,single,41,羊肚菌,0,附件1规则：露天非水浇地单季粮食（不含水稻）
B8,梯田,single,1,黄豆,1,附件1规则：露天非水浇地单季粮食（不含水稻）
B8,梯田,single,2,黑豆,1,附件1规则：露天非水浇地单季粮食（不含水稻）
B8,梯田,single,3,红豆,1,附件1规则：露天非水浇地单季粮食（不含水稻）
B8,梯田,single,4,绿豆,1,附件1规则：露天非水浇地单季粮食（不含水稻）
B8,梯田,single,5,爬豆,1,附件1规则：露天非水浇地单季粮食（不含水稻）
B8,梯田,single,6,小麦,1,附件1规则：露天非水浇地单季粮食（不含水稻）
B8,梯田,single,7,玉米,1,附件1规则：露天非水浇地单季粮食（不含水稻）
B8,梯田,single,8,谷子,1,附件1规则：露天非水浇地单季粮食（不含水稻）
B8,梯田,single,9,高粱,1,附件1规则：露天非水浇地单季粮食（不含水稻）
B8,梯田,single,10,黍子,1,附件1规则：露天非水浇地单季粮食（不含水稻）
B8,梯田,single,11,荞麦,1,附件1规则：露天非水浇地单季粮食（不含水稻）
B8,梯田,single,12,南瓜,1,附件1规则：露天非水浇地单季粮食（不含水稻）
B8,梯田,single,13,红薯,1,附件1规则：露天非水浇地单季粮食（不含水稻）
B8,梯田,single,14,莜麦,1,附件1规则：露天非水浇地单季粮食（不含水稻）
B8,梯田,single,15,大麦,1,附件1规则：露天非水浇地单季粮食（不含水稻）
B8,梯田,single,16,水稻,0,附件1规则：露天非水浇地单季粮食（不含水稻）
B8,梯田,single,17,豇豆,0,附件1规则：露天非水浇地单季粮食（不含水稻）
B8,梯田,single,18,刀豆,0,附件1规则：露天非水浇地单季粮食（不含水稻）
B8,梯田,single,19,芸豆,0,附件1规则：露天非水浇地单季粮食（不含水稻）
B8,梯田,single,20,土豆,0,附件1规则：露天非水浇地单季粮食（不含水稻）
B8,梯田,single,21,西红柿,0,附件1规则：露天非水浇地单季粮食（不含水稻）
B8,梯田,single,22,茄子,0,附件1规则：露天非水浇地单季粮食（不含水稻）
B8,梯田,single,23,菠菜,0,附件1规则：露天非水浇地单季粮食（不含水稻）
B8,梯田,single,24,青椒,0,附件1规则：露天非水浇地单季粮食（不含水稻）
B8,梯田,single,25,菜花,0,附件1规则：露天非水浇地单季粮食（不含水稻）
B8,梯田,single,26,包菜,0,附件1规则：露天非水浇地单季粮食（不含水稻）
B8,梯田,single,27,油麦菜,0,附件1规则：露天非水浇地单季粮食（不含水稻）
B8,梯田,single,28,小青菜,0,附件1规则：露天非水浇地单季粮食（不含水稻）
B8,梯田,single,29,黄瓜,0,附件1规则：露天非水浇地单季粮食（不含水稻）
B8,梯田,single,30,生菜,0,附件1规则：露天非水浇地单季粮食（不含水稻）
B8,梯田,single,31,辣椒,0,附件1规则：露天非水浇地单季粮食（不含水稻）
B8,梯田,single,32,空心菜,0,附件1规则：露天非水浇地单季粮食（不含水稻）
B8,梯田,single,33,黄心菜,0,附件1规则：露天非水浇地单季粮食（不含水稻）
B8,梯田,single,34,芹菜,0,附件1规则：露天非水浇地单季粮食（不含水稻）
B8,梯田,single,35,大白菜,0,附件1规则：露天非水浇地单季粮食（不含水稻）
B8,梯田,single,36,白萝卜,0,附件1规则：露天非水浇地单季粮食（不含水稻）
B8,梯田,single,37,红萝卜,0,附件1规则：露天非水浇地单季粮食（不含水稻）
B8,梯田,single,38,榆黄菇,0,附件1规则：露天非水浇地单季粮食（不含水稻）
B8,梯田,single,39,香菇,0,附件1规则：露天非水浇地单季粮食（不含水稻）
B8,梯田,single,40,白灵菇,0,附件1规则：露天非水浇地单季粮食（不含水稻）
B8,梯田,single,41,羊肚菌,0,附件1规则：露天非水浇地单季粮食（不含水稻）
B9,梯田,single,1,黄豆,1,附件1规则：露天非水浇地单季粮食（不含水稻）
B9,梯田,single,2,黑豆,1,附件1规则：露天非水浇地单季粮食（不含水稻）
B9,梯田,single,3,红豆,1,附件1规则：露天非水浇地单季粮食（不含水稻）
B9,梯田,single,4,绿豆,1,附件1规则：露天非水浇地单季粮食（不含水稻）
B9,梯田,single,5,爬豆,1,附件1规则：露天非水浇地单季粮食（不含水稻）
B9,梯田,single,6,小麦,1,附件1规则：露天非水浇地单季粮食（不含水稻）
B9,梯田,single,7,玉米,1,附件1规则：露天非水浇地单季粮食（不含水稻）
B9,梯田,single,8,谷子,1,附件1规则：露天非水浇地单季粮食（不含水稻）
B9,梯田,single,9,高粱,1,附件1规则：露天非水浇地单季粮食（不含水稻）
B9,梯田,single,10,黍子,1,附件1规则：露天非水浇地单季粮食（不含水稻）
B9,梯田,single,11,荞麦,1,附件1规则：露天非水浇地单季粮食（不含水稻）
B9,梯田,single,12,南瓜,1,附件1规则：露天非水浇地单季粮食（不含水稻）
B9,梯田,single,13,红薯,1,附件1规则：露天非水浇地单季粮食（不含水稻）
B9,梯田,single,14,莜麦,1,附件1规则：露天非水浇地单季粮食（不含水稻）
B9,梯田,single,15,大麦,1,附件1规则：露天非水浇地单季粮食（不含水稻）
B9,梯田,single,16,水稻,0,附件1规则：露天非水浇地单季粮食（不含水稻）
B9,梯田,single,17,豇豆,0,附件1规则：露天非水浇地单季粮食（不含水稻）
B9,梯田,single,18,刀豆,0,附件1规则：露天非水浇地单季粮食（不含水稻）
B9,梯田,single,19,芸豆,0,附件1规则：露天非水浇地单季粮食（不含水稻）
B9,梯田,single,20,土豆,0,附件1规则：露天非水浇地单季粮食（不含水稻）
B9,梯田,single,21,西红柿,0,附件1规则：露天非水浇地单季粮食（不含水稻）
B9,梯田,single,22,茄子,0,附件1规则：露天非水浇地单季粮食（不含水稻）
B9,梯田,single,23,菠菜,0,附件1规则：露天非水浇地单季粮食（不含水稻）
B9,梯田,single,24,青椒,0,附件1规则：露天非水浇地单季粮食（不含水稻）
B9,梯田,single,25,菜花,0,附件1规则：露天非水浇地单季粮食（不含水稻）
B9,梯田,single,26,包菜,0,附件1规则：露天非水浇地单季粮食（不含水稻）
B9,梯田,single,27,油麦菜,0,附件1规则：露天非水浇地单季粮食（不含水稻）
B9,梯田,single,28,小青菜,0,附件1规则：露天非水浇地单季粮食（不含水稻）
B9,梯田,single,29,黄瓜,0,附件1规则：露天非水浇地单季粮食（不含水稻）
B9,梯田,single,30,生菜,0,附件1规则：露天非水浇地单季粮食（不含水稻）
B9,梯田,single,31,辣椒,0,附件1规则：露天非水浇地单季粮食（不含水稻）
B9,梯田,single,32,空心菜,0,附件1规则：露天非水浇地单季粮食（不含水稻）
B9,梯田,single,33,黄心菜,0,附件1规则：露天非水浇地单季粮食（不含水稻）
B9,梯田,single,34,芹菜,0,附件1规则：露天非水浇地单季粮食（不含水稻）
B9,梯田,single,35,大白菜,0,附件1规则：露天非水浇地单季粮食（不含水稻）
B9,梯田,single,36,白萝卜,0,附件1规则：露天非水浇地单季粮食（不含水稻）
B9,梯田,single,37,红萝卜,0,附件1规则：露天非水浇地单季粮食（不含水稻）
B9,梯田,single,38,榆黄菇,0,附件1规则：露天非水浇地单季粮食（不含水稻）
B9,梯田,single,39,香菇,0,附件1规则：露天非水浇地单季粮食（不含水稻）
B9,梯田,single,40,白灵菇,0,附件1规则：露天非水浇地单季粮食（不含水稻）
B9,梯田,single,41,羊肚菌,0,附件1规则：露天非水浇地单季粮食（不含水稻）
B10,梯田,single,1,黄豆,1,附件1规则：露天非水浇地单季粮食（不含水稻）
B10,梯田,single,2,黑豆,1,附件1规则：露天非水浇地单季粮食（不含水稻）
B10,梯田,single,3,红豆,1,附件1规则：露天非水浇地单季粮食（不含水稻）
B10,梯田,single,4,绿豆,1,附件1规则：露天非水浇地单季粮食（不含水稻）
B10,梯田,single,5,爬豆,1,附件1规则：露天非水浇地单季粮食（不含水稻）
B10,梯田,single,6,小麦,1,附件1规则：露天非水浇地单季粮食（不含水稻）
B10,梯田,single,7,玉米,1,附件1规则：露天非水浇地单季粮食（不含水稻）
B10,梯田,single,8,谷子,1,附件1规则：露天非水浇地单季粮食（不含水稻）
B10,梯田,single,9,高粱,1,附件1规则：露天非水浇地单季粮食（不含水稻）
B10,梯田,single,10,黍子,1,附件1规则：露天非水浇地单季粮食（不含水稻）
B10,梯田,single,11,荞麦,1,附件1规则：露天非水浇地单季粮食（不含水稻）
B10,梯田,single,12,南瓜,1,附件1规则：露天非水浇地单季粮食（不含水稻）
B10,梯田,single,13,红薯,1,附件1规则：露天非水浇地单季粮食（不含水稻）
B10,梯田,single,14,莜麦,1,附件1规则：露天非水浇地单季粮食（不含水稻）
B10,梯田,single,15,大麦,1,附件1规则：露天非水浇地单季粮食（不含水稻）
B10,梯田,single,16,水稻,0,附件1规则：露天非水浇地单季粮食（不含水稻）
B10,梯田,single,17,豇豆,0,附件1规则：露天非水浇地单季粮食（不含水稻）
B10,梯田,single,18,刀豆,0,附件1规则：露天非水浇地单季粮食（不含水稻）
B10,梯田,single,19,芸豆,0,附件1规则：露天非水浇地单季粮食（不含水稻）
B10,梯田,single,20,土豆,0,附件1规则：露天非水浇地单季粮食（不含水稻）
B10,梯田,single,21,西红柿,0,附件1规则：露天非水浇地单季粮食（不含水稻）
B10,梯田,single,22,茄子,0,附件1规则：露天非水浇地单季粮食（不含水稻）
B10,梯田,single,23,菠菜,0,附件1规则：露天非水浇地单季粮食（不含水稻）
B10,梯田,single,24,青椒,0,附件1规则：露天非水浇地单季粮食（不含水稻）
B10,梯田,single,25,菜花,0,附件1规则：露天非水浇地单季粮食（不含水稻）
B10,梯田,single,26,包菜,0,附件1规则：露天非水浇地单季粮食（不含水稻）
B10,梯田,single,27,油麦菜,0,附件1规则：露天非水浇地单季粮食（不含水稻）
B10,梯田,single,28,小青菜,0,附件1规则：露天非水浇地单季粮食（不含水稻）
B10,梯田,single,29,黄瓜,0,附件1规则：露天非水浇地单季粮食（不含水稻）
B10,梯田,single,30,生菜,0,附件1规则：露天非水浇地单季粮食（不含水稻）
B10,梯田,single,31,辣椒,0,附件1规则：露天非水浇地单季粮食（不含水稻）
B10,梯田,single,32,空心菜,0,附件1规则：露天非水浇地单季粮食（不含水稻）
B10,梯田,single,33,黄心菜,0,附件1规则：露天非水浇地单季粮食（不含水稻）
B10,梯田,single,34,芹菜,0,附件1规则：露天非水浇地单季粮食（不含水稻）
B10,梯田,single,35,大白菜,0,附件1规则：露天非水浇地单季粮食（不含水稻）
B10,梯田,single,36,白萝卜,0,附件1规则：露天非水浇地单季粮食（不含水稻）
B10,梯田,single,37,红萝卜,0,附件1规则：露天非水浇地单季粮食（不含水稻）
B10,梯田,single,38,榆黄菇,0,附件1规则：露天非水浇地单季粮食（不含水稻）
B10,梯田,single,39,香菇,0,附件1规则：露天非水浇地单季粮食（不含水稻）
B10,梯田,single,40,白灵菇,0,附件1规则：露天非水浇地单季粮食（不含水稻）
B10,梯田,single,41,羊肚菌,0,附件1规则：露天非水浇地单季粮食（不含水稻）
B11,梯田,single,1,黄豆,1,附件1规则：露天非水浇地单季粮食（不含水稻）
B11,梯田,single,2,黑豆,1,附件1规则：露天非水浇地单季粮食（不含水稻）
B11,梯田,single,3,红豆,1,附件1规则：露天非水浇地单季粮食（不含水稻）
B11,梯田,single,4,绿豆,1,附件1规则：露天非水浇地单季粮食（不含水稻）
B11,梯田,single,5,爬豆,1,附件1规则：露天非水浇地单季粮食（不含水稻）
B11,梯田,single,6,小麦,1,附件1规则：露天非水浇地单季粮食（不含水稻）
B11,梯田,single,7,玉米,1,附件1规则：露天非水浇地单季粮食（不含水稻）
B11,梯田,single,8,谷子,1,附件1规则：露天非水浇地单季粮食（不含水稻）
B11,梯田,single,9,高粱,1,附件1规则：露天非水浇地单季粮食（不含水稻）
B11,梯田,single,10,黍子,1,附件1规则：露天非水浇地单季粮食（不含水稻）
B11,梯田,single,11,荞麦,1,附件1规则：露天非水浇地单季粮食（不含水稻）
B11,梯田,single,12,南瓜,1,附件1规则：露天非水浇地单季粮食（不含水稻）
B11,梯田,single,13,红薯,1,附件1规则：露天非水浇地单季粮食（不含水稻）
B11,梯田,single,14,莜麦,1,附件1规则：露天非水浇地单季粮食（不含水稻）
B11,梯田,single,15,大麦,1,附件1规则：露天非水浇地单季粮食（不含水稻）
B11,梯田,single,16,水稻,0,附件1规则：露天非水浇地单季粮食（不含水稻）
B11,梯田,single,17,豇豆,0,附件1规则：露天非水浇地单季粮食（不含水稻）
B11,梯田,single,18,刀豆,0,附件1规则：露天非水浇地单季粮食（不含水稻）
B11,梯田,single,19,芸豆,0,附件1规则：露天非水浇地单季粮食（不含水稻）
B11,梯田,single,20,土豆,0,附件1规则：露天非水浇地单季粮食（不含水稻）
B11,梯田,single,21,西红柿,0,附件1规则：露天非水浇地单季粮食（不含水稻）
B11,梯田,single,22,茄子,0,附件1规则：露天非水浇地单季粮食（不含水稻）
B11,梯田,single,23,菠菜,0,附件1规则：露天非水浇地单季粮食（不含水稻）
B11,梯田,single,24,青椒,0,附件1规则：露天非水浇地单季粮食（不含水稻）
B11,梯田,single,25,菜花,0,附件1规则：露天非水浇地单季粮食（不含水稻）
B11,梯田,single,26,包菜,0,附件1规则：露天非水浇地单季粮食（不含水稻）
B11,梯田,single,27,油麦菜,0,附件1规则：露天非水浇地单季粮食（不含水稻）
B11,梯田,single,28,小青菜,0,附件1规则：露天非水浇地单季粮食（不含水稻）
B11,梯田,single,29,黄瓜,0,附件1规则：露天非水浇地单季粮食（不含水稻）
B11,梯田,single,30,生菜,0,附件1规则：露天非水浇地单季粮食（不含水稻）
B11,梯田,single,31,辣椒,0,附件1规则：露天非水浇地单季粮食（不含水稻）
B11,梯田,single,32,空心菜,0,附件1规则：露天非水浇地单季粮食（不含水稻）
B11,梯田,single,33,黄心菜,0,附件1规则：露天非水浇地单季粮食（不含水稻）
B11,梯田,single,34,芹菜,0,附件1规则：露天非水浇地单季粮食（不含水稻）
B11,梯田,single,35,大白菜,0,附件1规则：露天非水浇地单季粮食（不含水稻）
B11,梯田,single,36,白萝卜,0,附件1规则：露天非水浇地单季粮食（不含水稻）
B11,梯田,single,37,红萝卜,0,附件1规则：露天非水浇地单季粮食（不含水稻）
B11,梯田,single,38,榆黄菇,0,附件1规则：露天非水浇地单季粮食（不含水稻）
B11,梯田,single,39,香菇,0,附件1规则：露天非水浇地单季粮食（不含水稻）
B11,梯田,single,40,白灵菇,0,附件1规则：露天非水浇地单季粮食（不含水稻）
B11,梯田,single,41,羊肚菌,0,附件1规则：露天非水浇地单季粮食（不含水稻）
B12,梯田,single,1,黄豆,1,附件1规则：露天非水浇地单季粮食（不含水稻）
B12,梯田,single,2,黑豆,1,附件1规则：露天非水浇地单季粮食（不含水稻）
B12,梯田,single,3,红豆,1,附件1规则：露天非水浇地单季粮食（不含水稻）
B12,梯田,single,4,绿豆,1,附件1规则：露天非水浇地单季粮食（不含水稻）
B12,梯田,single,5,爬豆,1,附件1规则：露天非水浇地单季粮食（不含水稻）
B12,梯田,single,6,小麦,1,附件1规则：露天非水浇地单季粮食（不含水稻）
B12,梯田,single,7,玉米,1,附件1规则：露天非水浇地单季粮食（不含水稻）
B12,梯田,single,8,谷子,1,附件1规则：露天非水浇地单季粮食（不含水稻）
B12,梯田,single,9,高粱,1,附件1规则：露天非水浇地单季粮食（不含水稻）
B12,梯田,single,10,黍子,1,附件1规则：露天非水浇地单季粮食（不含水稻）
B12,梯田,single,11,荞麦,1,附件1规则：露天非水浇地单季粮食（不含水稻）
B12,梯田,single,12,南瓜,1,附件1规则：露天非水浇地单季粮食（不含水稻）
B12,梯田,single,13,红薯,1,附件1规则：露天非水浇地单季粮食（不含水稻）
B12,梯田,single,14,莜麦,1,附件1规则：露天非水浇地单季粮食（不含水稻）
B12,梯田,single,15,大麦,1,附件1规则：露天非水浇地单季粮食（不含水稻）
B12,梯田,single,16,水稻,0,附件1规则：露天非水浇地单季粮食（不含水稻）
B12,梯田,single,17,豇豆,0,附件1规则：露天非水浇地单季粮食（不含水稻）
B12,梯田,single,18,刀豆,0,附件1规则：露天非水浇地单季粮食（不含水稻）
B12,梯田,single,19,芸豆,0,附件1规则：露天非水浇地单季粮食（不含水稻）
B12,梯田,single,20,土豆,0,附件1规则：露天非水浇地单季粮食（不含水稻）
B12,梯田,single,21,西红柿,0,附件1规则：露天非水浇地单季粮食（不含水稻）
B12,梯田,single,22,茄子,0,附件1规则：露天非水浇地单季粮食（不含水稻）
B12,梯田,single,23,菠菜,0,附件1规则：露天非水浇地单季粮食（不含水稻）
B12,梯田,single,24,青椒,0,附件1规则：露天非水浇地单季粮食（不含水稻）
B12,梯田,single,25,菜花,0,附件1规则：露天非水浇地单季粮食（不含水稻）
B12,梯田,single,26,包菜,0,附件1规则：露天非水浇地单季粮食（不含水稻）
B12,梯田,single,27,油麦菜,0,附件1规则：露天非水浇地单季粮食（不含水稻）
B12,梯田,single,28,小青菜,0,附件1规则：露天非水浇地单季粮食（不含水稻）
B12,梯田,single,29,黄瓜,0,附件1规则：露天非水浇地单季粮食（不含水稻）
B12,梯田,single,30,生菜,0,附件1规则：露天非水浇地单季粮食（不含水稻）
B12,梯田,single,31,辣椒,0,附件1规则：露天非水浇地单季粮食（不含水稻）
B12,梯田,single,32,空心菜,0,附件1规则：露天非水浇地单季粮食（不含水稻）
B12,梯田,single,33,黄心菜,0,附件1规则：露天非水浇地单季粮食（不含水稻）
B12,梯田,single,34,芹菜,0,附件1规则：露天非水浇地单季粮食（不含水稻）
B12,梯田,single,35,大白菜,0,附件1规则：露天非水浇地单季粮食（不含水稻）
B12,梯田,single,36,白萝卜,0,附件1规则：露天非水浇地单季粮食（不含水稻）
B12,梯田,single,37,红萝卜,0,附件1规则：露天非水浇地单季粮食（不含水稻）
B12,梯田,single,38,榆黄菇,0,附件1规则：露天非水浇地单季粮食（不含水稻）
B12,梯田,single,39,香菇,0,附件1规则：露天非水浇地单季粮食（不含水稻）
B12,梯田,single,40,白灵菇,0,附件1规则：露天非水浇地单季粮食（不含水稻）
B12,梯田,single,41,羊肚菌,0,附件1规则：露天非水浇地单季粮食（不含水稻）
B13,梯田,single,1,黄豆,1,附件1规则：露天非水浇地单季粮食（不含水稻）
B13,梯田,single,2,黑豆,1,附件1规则：露天非水浇地单季粮食（不含水稻）
B13,梯田,single,3,红豆,1,附件1规则：露天非水浇地单季粮食（不含水稻）
B13,梯田,single,4,绿豆,1,附件1规则：露天非水浇地单季粮食（不含水稻）
B13,梯田,single,5,爬豆,1,附件1规则：露天非水浇地单季粮食（不含水稻）
B13,梯田,single,6,小麦,1,附件1规则：露天非水浇地单季粮食（不含水稻）
B13,梯田,single,7,玉米,1,附件1规则：露天非水浇地单季粮食（不含水稻）
B13,梯田,single,8,谷子,1,附件1规则：露天非水浇地单季粮食（不含水稻）
B13,梯田,single,9,高粱,1,附件1规则：露天非水浇地单季粮食（不含水稻）
B13,梯田,single,10,黍子,1,附件1规则：露天非水浇地单季粮食（不含水稻）
B13,梯田,single,11,荞麦,1,附件1规则：露天非水浇地单季粮食（不含水稻）
B13,梯田,single,12,南瓜,1,附件1规则：露天非水浇地单季粮食（不含水稻）
B13,梯田,single,13,红薯,1,附件1规则：露天非水浇地单季粮食（不含水稻）
B13,梯田,single,14,莜麦,1,附件1规则：露天非水浇地单季粮食（不含水稻）
B13,梯田,single,15,大麦,1,附件1规则：露天非水浇地单季粮食（不含水稻）
B13,梯田,single,16,水稻,0,附件1规则：露天非水浇地单季粮食（不含水稻）
B13,梯田,single,17,豇豆,0,附件1规则：露天非水浇地单季粮食（不含水稻）
B13,梯田,single,18,刀豆,0,附件1规则：露天非水浇地单季粮食（不含水稻）
B13,梯田,single,19,芸豆,0,附件1规则：露天非水浇地单季粮食（不含水稻）
B13,梯田,single,20,土豆,0,附件1规则：露天非水浇地单季粮食（不含水稻）
B13,梯田,single,21,西红柿,0,附件1规则：露天非水浇地单季粮食（不含水稻）
B13,梯田,single,22,茄子,0,附件1规则：露天非水浇地单季粮食（不含水稻）
B13,梯田,single,23,菠菜,0,附件1规则：露天非水浇地单季粮食（不含水稻）
B13,梯田,single,24,青椒,0,附件1规则：露天非水浇地单季粮食（不含水稻）
B13,梯田,single,25,菜花,0,附件1规则：露天非水浇地单季粮食（不含水稻）
B13,梯田,single,26,包菜,0,附件1规则：露天非水浇地单季粮食（不含水稻）
B13,梯田,single,27,油麦菜,0,附件1规则：露天非水浇地单季粮食（不含水稻）
B13,梯田,single,28,小青菜,0,附件1规则：露天非水浇地单季粮食（不含水稻）
B13,梯田,single,29,黄瓜,0,附件1规则：露天非水浇地单季粮食（不含水稻）
B13,梯田,single,30,生菜,0,附件1规则：露天非水浇地单季粮食（不含水稻）
B13,梯田,single,31,辣椒,0,附件1规则：露天非水浇地单季粮食（不含水稻）
B13,梯田,single,32,空心菜,0,附件1规则：露天非水浇地单季粮食（不含水稻）
B13,梯田,single,33,黄心菜,0,附件1规则：露天非水浇地单季粮食（不含水稻）
B13,梯田,single,34,芹菜,0,附件1规则：露天非水浇地单季粮食（不含水稻）
B13,梯田,single,35,大白菜,0,附件1规则：露天非水浇地单季粮食（不含水稻）
B13,梯田,single,36,白萝卜,0,附件1规则：露天非水浇地单季粮食（不含水稻）
B13,梯田,single,37,红萝卜,0,附件1规则：露天非水浇地单季粮食（不含水稻）
B13,梯田,single,38,榆黄菇,0,附件1规则：露天非水浇地单季粮食（不含水稻）
B13,梯田,single,39,香菇,0,附件1规则：露天非水浇地单季粮食（不含水稻）
B13,梯田,single,40,白灵菇,0,附件1规则：露天非水浇地单季粮食（不含水稻）
B13,梯田,single,41,羊肚菌,0,附件1规则：露天非水浇地单季粮食（不含水稻）
B14,梯田,single,1,黄豆,1,附件1规则：露天非水浇地单季粮食（不含水稻）
B14,梯田,single,2,黑豆,1,附件1规则：露天非水浇地单季粮食（不含水稻）
B14,梯田,single,3,红豆,1,附件1规则：露天非水浇地单季粮食（不含水稻）
B14,梯田,single,4,绿豆,1,附件1规则：露天非水浇地单季粮食（不含水稻）
B14,梯田,single,5,爬豆,1,附件1规则：露天非水浇地单季粮食（不含水稻）
B14,梯田,single,6,小麦,1,附件1规则：露天非水浇地单季粮食（不含水稻）
B14,梯田,single,7,玉米,1,附件1规则：露天非水浇地单季粮食（不含水稻）
B14,梯田,single,8,谷子,1,附件1规则：露天非水浇地单季粮食（不含水稻）
B14,梯田,single,9,高粱,1,附件1规则：露天非水浇地单季粮食（不含水稻）
B14,梯田,single,10,黍子,1,附件1规则：露天非水浇地单季粮食（不含水稻）
B14,梯田,single,11,荞麦,1,附件1规则：露天非水浇地单季粮食（不含水稻）
B14,梯田,single,12,南瓜,1,附件1规则：露天非水浇地单季粮食（不含水稻）
B14,梯田,single,13,红薯,1,附件1规则：露天非水浇地单季粮食（不含水稻）
B14,梯田,single,14,莜麦,1,附件1规则：露天非水浇地单季粮食（不含水稻）
B14,梯田,single,15,大麦,1,附件1规则：露天非水浇地单季粮食（不含水稻）
B14,梯田,single,16,水稻,0,附件1规则：露天非水浇地单季粮食（不含水稻）
B14,梯田,single,17,豇豆,0,附件1规则：露天非水浇地单季粮食（不含水稻）
B14,梯田,single,18,刀豆,0,附件1规则：露天非水浇地单季粮食（不含水稻）
B14,梯田,single,19,芸豆,0,附件1规则：露天非水浇地单季粮食（不含水稻）
B14,梯田,single,20,土豆,0,附件1规则：露天非水浇地单季粮食（不含水稻）
B14,梯田,single,21,西红柿,0,附件1规则：露天非水浇地单季粮食（不含水稻）
B14,梯田,single,22,茄子,0,附件1规则：露天非水浇地单季粮食（不含水稻）
B14,梯田,single,23,菠菜,0,附件1规则：露天非水浇地单季粮食（不含水稻）
B14,梯田,single,24,青椒,0,附件1规则：露天非水浇地单季粮食（不含水稻）
B14,梯田,single,25,菜花,0,附件1规则：露天非水浇地单季粮食（不含水稻）
B14,梯田,single,26,包菜,0,附件1规则：露天非水浇地单季粮食（不含水稻）
B14,梯田,single,27,油麦菜,0,附件1规则：露天非水浇地单季粮食（不含水稻）
B14,梯田,single,28,小青菜,0,附件1规则：露天非水浇地单季粮食（不含水稻）
B14,梯田,single,29,黄瓜,0,附件1规则：露天非水浇地单季粮食（不含水稻）
B14,梯田,single,30,生菜,0,附件1规则：露天非水浇地单季粮食（不含水稻）
B14,梯田,single,31,辣椒,0,附件1规则：露天非水浇地单季粮食（不含水稻）
B14,梯田,single,32,空心菜,0,附件1规则：露天非水浇地单季粮食（不含水稻）
B14,梯田,single,33,黄心菜,0,附件1规则：露天非水浇地单季粮食（不含水稻）
B14,梯田,single,34,芹菜,0,附件1规则：露天非水浇地单季粮食（不含水稻）
B14,梯田,single,35,大白菜,0,附件1规则：露天非水浇地单季粮食（不含水稻）
B14,梯田,single,36,白萝卜,0,附件1规则：露天非水浇地单季粮食（不含水稻）
B14,梯田,single,37,红萝卜,0,附件1规则：露天非水浇地单季粮食（不含水稻）
B14,梯田,single,38,榆黄菇,0,附件1规则：露天非水浇地单季粮食（不含水稻）
B14,梯田,single,39,香菇,0,附件1规则：露天非水浇地单季粮食（不含水稻）
B14,梯田,single,40,白灵菇,0,附件1规则：露天非水浇地单季粮食（不含水稻）
B14,梯田,single,41,羊肚菌,0,附件1规则：露天非水浇地单季粮食（不含水稻）
C1,山坡地,single,1,黄豆,1,附件1规则：露天非水浇地单季粮食（不含水稻）
C1,山坡地,single,2,黑豆,1,附件1规则：露天非水浇地单季粮食（不含水稻）
C1,山坡地,single,3,红豆,1,附件1规则：露天非水浇地单季粮食（不含水稻）
C1,山坡地,single,4,绿豆,1,附件1规则：露天非水浇地单季粮食（不含水稻）
C1,山坡地,single,5,爬豆,1,附件1规则：露天非水浇地单季粮食（不含水稻）
C1,山坡地,single,6,小麦,1,附件1规则：露天非水浇地单季粮食（不含水稻）
C1,山坡地,single,7,玉米,1,附件1规则：露天非水浇地单季粮食（不含水稻）
C1,山坡地,single,8,谷子,1,附件1规则：露天非水浇地单季粮食（不含水稻）
C1,山坡地,single,9,高粱,1,附件1规则：露天非水浇地单季粮食（不含水稻）
C1,山坡地,single,10,黍子,1,附件1规则：露天非水浇地单季粮食（不含水稻）
C1,山坡地,single,11,荞麦,1,附件1规则：露天非水浇地单季粮食（不含水稻）
C1,山坡地,single,12,南瓜,1,附件1规则：露天非水浇地单季粮食（不含水稻）
C1,山坡地,single,13,红薯,1,附件1规则：露天非水浇地单季粮食（不含水稻）
C1,山坡地,single,14,莜麦,1,附件1规则：露天非水浇地单季粮食（不含水稻）
C1,山坡地,single,15,大麦,1,附件1规则：露天非水浇地单季粮食（不含水稻）
C1,山坡地,single,16,水稻,0,附件1规则：露天非水浇地单季粮食（不含水稻）
C1,山坡地,single,17,豇豆,0,附件1规则：露天非水浇地单季粮食（不含水稻）
C1,山坡地,single,18,刀豆,0,附件1规则：露天非水浇地单季粮食（不含水稻）
C1,山坡地,single,19,芸豆,0,附件1规则：露天非水浇地单季粮食（不含水稻）
C1,山坡地,single,20,土豆,0,附件1规则：露天非水浇地单季粮食（不含水稻）
C1,山坡地,single,21,西红柿,0,附件1规则：露天非水浇地单季粮食（不含水稻）
C1,山坡地,single,22,茄子,0,附件1规则：露天非水浇地单季粮食（不含水稻）
C1,山坡地,single,23,菠菜,0,附件1规则：露天非水浇地单季粮食（不含水稻）
C1,山坡地,single,24,青椒,0,附件1规则：露天非水浇地单季粮食（不含水稻）
C1,山坡地,single,25,菜花,0,附件1规则：露天非水浇地单季粮食（不含水稻）
C1,山坡地,single,26,包菜,0,附件1规则：露天非水浇地单季粮食（不含水稻）
C1,山坡地,single,27,油麦菜,0,附件1规则：露天非水浇地单季粮食（不含水稻）
C1,山坡地,single,28,小青菜,0,附件1规则：露天非水浇地单季粮食（不含水稻）
C1,山坡地,single,29,黄瓜,0,附件1规则：露天非水浇地单季粮食（不含水稻）
C1,山坡地,single,30,生菜,0,附件1规则：露天非水浇地单季粮食（不含水稻）
C1,山坡地,single,31,辣椒,0,附件1规则：露天非水浇地单季粮食（不含水稻）
C1,山坡地,single,32,空心菜,0,附件1规则：露天非水浇地单季粮食（不含水稻）
C1,山坡地,single,33,黄心菜,0,附件1规则：露天非水浇地单季粮食（不含水稻）
C1,山坡地,single,34,芹菜,0,附件1规则：露天非水浇地单季粮食（不含水稻）
C1,山坡地,single,35,大白菜,0,附件1规则：露天非水浇地单季粮食（不含水稻）
C1,山坡地,single,36,白萝卜,0,附件1规则：露天非水浇地单季粮食（不含水稻）
C1,山坡地,single,37,红萝卜,0,附件1规则：露天非水浇地单季粮食（不含水稻）
C1,山坡地,single,38,榆黄菇,0,附件1规则：露天非水浇地单季粮食（不含水稻）
C1,山坡地,single,39,香菇,0,附件1规则：露天非水浇地单季粮食（不含水稻）
C1,山坡地,single,40,白灵菇,0,附件1规则：露天非水浇地单季粮食（不含水稻）
C1,山坡地,single,41,羊肚菌,0,附件1规则：露天非水浇地单季粮食（不含水稻）
C2,山坡地,single,1,黄豆,1,附件1规则：露天非水浇地单季粮食（不含水稻）
C2,山坡地,single,2,黑豆,1,附件1规则：露天非水浇地单季粮食（不含水稻）
C2,山坡地,single,3,红豆,1,附件1规则：露天非水浇地单季粮食（不含水稻）
C2,山坡地,single,4,绿豆,1,附件1规则：露天非水浇地单季粮食（不含水稻）
C2,山坡地,single,5,爬豆,1,附件1规则：露天非水浇地单季粮食（不含水稻）
C2,山坡地,single,6,小麦,1,附件1规则：露天非水浇地单季粮食（不含水稻）
C2,山坡地,single,7,玉米,1,附件1规则：露天非水浇地单季粮食（不含水稻）
C2,山坡地,single,8,谷子,1,附件1规则：露天非水浇地单季粮食（不含水稻）
C2,山坡地,single,9,高粱,1,附件1规则：露天非水浇地单季粮食（不含水稻）
C2,山坡地,single,10,黍子,1,附件1规则：露天非水浇地单季粮食（不含水稻）
C2,山坡地,single,11,荞麦,1,附件1规则：露天非水浇地单季粮食（不含水稻）
C2,山坡地,single,12,南瓜,1,附件1规则：露天非水浇地单季粮食（不含水稻）
C2,山坡地,single,13,红薯,1,附件1规则：露天非水浇地单季粮食（不含水稻）
C2,山坡地,single,14,莜麦,1,附件1规则：露天非水浇地单季粮食（不含水稻）
C2,山坡地,single,15,大麦,1,附件1规则：露天非水浇地单季粮食（不含水稻）
C2,山坡地,single,16,水稻,0,附件1规则：露天非水浇地单季粮食（不含水稻）
C2,山坡地,single,17,豇豆,0,附件1规则：露天非水浇地单季粮食（不含水稻）
C2,山坡地,single,18,刀豆,0,附件1规则：露天非水浇地单季粮食（不含水稻）
C2,山坡地,single,19,芸豆,0,附件1规则：露天非水浇地单季粮食（不含水稻）
C2,山坡地,single,20,土豆,0,附件1规则：露天非水浇地单季粮食（不含水稻）
C2,山坡地,single,21,西红柿,0,附件1规则：露天非水浇地单季粮食（不含水稻）
C2,山坡地,single,22,茄子,0,附件1规则：露天非水浇地单季粮食（不含水稻）
C2,山坡地,single,23,菠菜,0,附件1规则：露天非水浇地单季粮食（不含水稻）
C2,山坡地,single,24,青椒,0,附件1规则：露天非水浇地单季粮食（不含水稻）
C2,山坡地,single,25,菜花,0,附件1规则：露天非水浇地单季粮食（不含水稻）
C2,山坡地,single,26,包菜,0,附件1规则：露天非水浇地单季粮食（不含水稻）
C2,山坡地,single,27,油麦菜,0,附件1规则：露天非水浇地单季粮食（不含水稻）
C2,山坡地,single,28,小青菜,0,附件1规则：露天非水浇地单季粮食（不含水稻）
C2,山坡地,single,29,黄瓜,0,附件1规则：露天非水浇地单季粮食（不含水稻）
C2,山坡地,single,30,生菜,0,附件1规则：露天非水浇地单季粮食（不含水稻）
C2,山坡地,single,31,辣椒,0,附件1规则：露天非水浇地单季粮食（不含水稻）
C2,山坡地,single,32,空心菜,0,附件1规则：露天非水浇地单季粮食（不含水稻）
C2,山坡地,single,33,黄心菜,0,附件1规则：露天非水浇地单季粮食（不含水稻）
C2,山坡地,single,34,芹菜,0,附件1规则：露天非水浇地单季粮食（不含水稻）
C2,山坡地,single,35,大白菜,0,附件1规则：露天非水浇地单季粮食（不含水稻）
C2,山坡地,single,36,白萝卜,0,附件1规则：露天非水浇地单季粮食（不含水稻）
C2,山坡地,single,37,红萝卜,0,附件1规则：露天非水浇地单季粮食（不含水稻）
C2,山坡地,single,38,榆黄菇,0,附件1规则：露天非水浇地单季粮食（不含水稻）
C2,山坡地,single,39,香菇,0,附件1规则：露天非水浇地单季粮食（不含水稻）
C2,山坡地,single,40,白灵菇,0,附件1规则：露天非水浇地单季粮食（不含水稻）
C2,山坡地,single,41,羊肚菌,0,附件1规则：露天非水浇地单季粮食（不含水稻）
C3,山坡地,single,1,黄豆,1,附件1规则：露天非水浇地单季粮食（不含水稻）
C3,山坡地,single,2,黑豆,1,附件1规则：露天非水浇地单季粮食（不含水稻）
C3,山坡地,single,3,红豆,1,附件1规则：露天非水浇地单季粮食（不含水稻）
C3,山坡地,single,4,绿豆,1,附件1规则：露天非水浇地单季粮食（不含水稻）
C3,山坡地,single,5,爬豆,1,附件1规则：露天非水浇地单季粮食（不含水稻）
C3,山坡地,single,6,小麦,1,附件1规则：露天非水浇地单季粮食（不含水稻）
C3,山坡地,single,7,玉米,1,附件1规则：露天非水浇地单季粮食（不含水稻）
C3,山坡地,single,8,谷子,1,附件1规则：露天非水浇地单季粮食（不含水稻）
C3,山坡地,single,9,高粱,1,附件1规则：露天非水浇地单季粮食（不含水稻）
C3,山坡地,single,10,黍子,1,附件1规则：露天非水浇地单季粮食（不含水稻）
C3,山坡地,single,11,荞麦,1,附件1规则：露天非水浇地单季粮食（不含水稻）
C3,山坡地,single,12,南瓜,1,附件1规则：露天非水浇地单季粮食（不含水稻）
C3,山坡地,single,13,红薯,1,附件1规则：露天非水浇地单季粮食（不含水稻）
C3,山坡地,single,14,莜麦,1,附件1规则：露天非水浇地单季粮食（不含水稻）
C3,山坡地,single,15,大麦,1,附件1规则：露天非水浇地单季粮食（不含水稻）
C3,山坡地,single,16,水稻,0,附件1规则：露天非水浇地单季粮食（不含水稻）
C3,山坡地,single,17,豇豆,0,附件1规则：露天非水浇地单季粮食（不含水稻）
C3,山坡地,single,18,刀豆,0,附件1规则：露天非水浇地单季粮食（不含水稻）
C3,山坡地,single,19,芸豆,0,附件1规则：露天非水浇地单季粮食（不含水稻）
C3,山坡地,single,20,土豆,0,附件1规则：露天非水浇地单季粮食（不含水稻）
C3,山坡地,single,21,西红柿,0,附件1规则：露天非水浇地单季粮食（不含水稻）
C3,山坡地,single,22,茄子,0,附件1规则：露天非水浇地单季粮食（不含水稻）
C3,山坡地,single,23,菠菜,0,附件1规则：露天非水浇地单季粮食（不含水稻）
C3,山坡地,single,24,青椒,0,附件1规则：露天非水浇地单季粮食（不含水稻）
C3,山坡地,single,25,菜花,0,附件1规则：露天非水浇地单季粮食（不含水稻）
C3,山坡地,single,26,包菜,0,附件1规则：露天非水浇地单季粮食（不含水稻）
C3,山坡地,single,27,油麦菜,0,附件1规则：露天非水浇地单季粮食（不含水稻）
C3,山坡地,single,28,小青菜,0,附件1规则：露天非水浇地单季粮食（不含水稻）
C3,山坡地,single,29,黄瓜,0,附件1规则：露天非水浇地单季粮食（不含水稻）
C3,山坡地,single,30,生菜,0,附件1规则：露天非水浇地单季粮食（不含水稻）
C3,山坡地,single,31,辣椒,0,附件1规则：露天非水浇地单季粮食（不含水稻）
C3,山坡地,single,32,空心菜,0,附件1规则：露天非水浇地单季粮食（不含水稻）
C3,山坡地,single,33,黄心菜,0,附件1规则：露天非水浇地单季粮食（不含水稻）
C3,山坡地,single,34,芹菜,0,附件1规则：露天非水浇地单季粮食（不含水稻）
C3,山坡地,single,35,大白菜,0,附件1规则：露天非水浇地单季粮食（不含水稻）
C3,山坡地,single,36,白萝卜,0,附件1规则：露天非水浇地单季粮食（不含水稻）
C3,山坡地,single,37,红萝卜,0,附件1规则：露天非水浇地单季粮食（不含水稻）
C3,山坡地,single,38,榆黄菇,0,附件1规则：露天非水浇地单季粮食（不含水稻）
C3,山坡地,single,39,香菇,0,附件1规则：露天非水浇地单季粮食（不含水稻）
C3,山坡地,single,40,白灵菇,0,附件1规则：露天非水浇地单季粮食（不含水稻）
C3,山坡地,single,41,羊肚菌,0,附件1规则：露天非水浇地单季粮食（不含水稻）
C4,山坡地,single,1,黄豆,1,附件1规则：露天非水浇地单季粮食（不含水稻）
C4,山坡地,single,2,黑豆,1,附件1规则：露天非水浇地单季粮食（不含水稻）
C4,山坡地,single,3,红豆,1,附件1规则：露天非水浇地单季粮食（不含水稻）
C4,山坡地,single,4,绿豆,1,附件1规则：露天非水浇地单季粮食（不含水稻）
C4,山坡地,single,5,爬豆,1,附件1规则：露天非水浇地单季粮食（不含水稻）
C4,山坡地,single,6,小麦,1,附件1规则：露天非水浇地单季粮食（不含水稻）
C4,山坡地,single,7,玉米,1,附件1规则：露天非水浇地单季粮食（不含水稻）
C4,山坡地,single,8,谷子,1,附件1规则：露天非水浇地单季粮食（不含水稻）
C4,山坡地,single,9,高粱,1,附件1规则：露天非水浇地单季粮食（不含水稻）
C4,山坡地,single,10,黍子,1,附件1规则：露天非水浇地单季粮食（不含水稻）
C4,山坡地,single,11,荞麦,1,附件1规则：露天非水浇地单季粮食（不含水稻）
C4,山坡地,single,12,南瓜,1,附件1规则：露天非水浇地单季粮食（不含水稻）
C4,山坡地,single,13,红薯,1,附件1规则：露天非水浇地单季粮食（不含水稻）
C4,山坡地,single,14,莜麦,1,附件1规则：露天非水浇地单季粮食（不含水稻）
C4,山坡地,single,15,大麦,1,附件1规则：露天非水浇地单季粮食（不含水稻）
C4,山坡地,single,16,水稻,0,附件1规则：露天非水浇地单季粮食（不含水稻）
C4,山坡地,single,17,豇豆,0,附件1规则：露天非水浇地单季粮食（不含水稻）
C4,山坡地,single,18,刀豆,0,附件1规则：露天非水浇地单季粮食（不含水稻）
C4,山坡地,single,19,芸豆,0,附件1规则：露天非水浇地单季粮食（不含水稻）
C4,山坡地,single,20,土豆,0,附件1规则：露天非水浇地单季粮食（不含水稻）
C4,山坡地,single,21,西红柿,0,附件1规则：露天非水浇地单季粮食（不含水稻）
C4,山坡地,single,22,茄子,0,附件1规则：露天非水浇地单季粮食（不含水稻）
C4,山坡地,single,23,菠菜,0,附件1规则：露天非水浇地单季粮食（不含水稻）
C4,山坡地,single,24,青椒,0,附件1规则：露天非水浇地单季粮食（不含水稻）
C4,山坡地,single,25,菜花,0,附件1规则：露天非水浇地单季粮食（不含水稻）
C4,山坡地,single,26,包菜,0,附件1规则：露天非水浇地单季粮食（不含水稻）
C4,山坡地,single,27,油麦菜,0,附件1规则：露天非水浇地单季粮食（不含水稻）
C4,山坡地,single,28,小青菜,0,附件1规则：露天非水浇地单季粮食（不含水稻）
C4,山坡地,single,29,黄瓜,0,附件1规则：露天非水浇地单季粮食（不含水稻）
C4,山坡地,single,30,生菜,0,附件1规则：露天非水浇地单季粮食（不含水稻）
C4,山坡地,single,31,辣椒,0,附件1规则：露天非水浇地单季粮食（不含水稻）
C4,山坡地,single,32,空心菜,0,附件1规则：露天非水浇地单季粮食（不含水稻）
C4,山坡地,single,33,黄心菜,0,附件1规则：露天非水浇地单季粮食（不含水稻）
C4,山坡地,single,34,芹菜,0,附件1规则：露天非水浇地单季粮食（不含水稻）
C4,山坡地,single,35,大白菜,0,附件1规则：露天非水浇地单季粮食（不含水稻）
C4,山坡地,single,36,白萝卜,0,附件1规则：露天非水浇地单季粮食（不含水稻）
C4,山坡地,single,37,红萝卜,0,附件1规则：露天非水浇地单季粮食（不含水稻）
C4,山坡地,single,38,榆黄菇,0,附件1规则：露天非水浇地单季粮食（不含水稻）
C4,山坡地,single,39,香菇,0,附件1规则：露天非水浇地单季粮食（不含水稻）
C4,山坡地,single,40,白灵菇,0,附件1规则：露天非水浇地单季粮食（不含水稻）
C4,山坡地,single,41,羊肚菌,0,附件1规则：露天非水浇地单季粮食（不含水稻）
C5,山坡地,single,1,黄豆,1,附件1规则：露天非水浇地单季粮食（不含水稻）
C5,山坡地,single,2,黑豆,1,附件1规则：露天非水浇地单季粮食（不含水稻）
C5,山坡地,single,3,红豆,1,附件1规则：露天非水浇地单季粮食（不含水稻）
C5,山坡地,single,4,绿豆,1,附件1规则：露天非水浇地单季粮食（不含水稻）
C5,山坡地,single,5,爬豆,1,附件1规则：露天非水浇地单季粮食（不含水稻）
C5,山坡地,single,6,小麦,1,附件1规则：露天非水浇地单季粮食（不含水稻）
C5,山坡地,single,7,玉米,1,附件1规则：露天非水浇地单季粮食（不含水稻）
C5,山坡地,single,8,谷子,1,附件1规则：露天非水浇地单季粮食（不含水稻）
C5,山坡地,single,9,高粱,1,附件1规则：露天非水浇地单季粮食（不含水稻）
C5,山坡地,single,10,黍子,1,附件1规则：露天非水浇地单季粮食（不含水稻）
C5,山坡地,single,11,荞麦,1,附件1规则：露天非水浇地单季粮食（不含水稻）
C5,山坡地,single,12,南瓜,1,附件1规则：露天非水浇地单季粮食（不含水稻）
C5,山坡地,single,13,红薯,1,附件1规则：露天非水浇地单季粮食（不含水稻）
C5,山坡地,single,14,莜麦,1,附件1规则：露天非水浇地单季粮食（不含水稻）
C5,山坡地,single,15,大麦,1,附件1规则：露天非水浇地单季粮食（不含水稻）
C5,山坡地,single,16,水稻,0,附件1规则：露天非水浇地单季粮食（不含水稻）
C5,山坡地,single,17,豇豆,0,附件1规则：露天非水浇地单季粮食（不含水稻）
C5,山坡地,single,18,刀豆,0,附件1规则：露天非水浇地单季粮食（不含水稻）
C5,山坡地,single,19,芸豆,0,附件1规则：露天非水浇地单季粮食（不含水稻）
C5,山坡地,single,20,土豆,0,附件1规则：露天非水浇地单季粮食（不含水稻）
C5,山坡地,single,21,西红柿,0,附件1规则：露天非水浇地单季粮食（不含水稻）
C5,山坡地,single,22,茄子,0,附件1规则：露天非水浇地单季粮食（不含水稻）
C5,山坡地,single,23,菠菜,0,附件1规则：露天非水浇地单季粮食（不含水稻）
C5,山坡地,single,24,青椒,0,附件1规则：露天非水浇地单季粮食（不含水稻）
C5,山坡地,single,25,菜花,0,附件1规则：露天非水浇地单季粮食（不含水稻）
C5,山坡地,single,26,包菜,0,附件1规则：露天非水浇地单季粮食（不含水稻）
C5,山坡地,single,27,油麦菜,0,附件1规则：露天非水浇地单季粮食（不含水稻）
C5,山坡地,single,28,小青菜,0,附件1规则：露天非水浇地单季粮食（不含水稻）
C5,山坡地,single,29,黄瓜,0,附件1规则：露天非水浇地单季粮食（不含水稻）
C5,山坡地,single,30,生菜,0,附件1规则：露天非水浇地单季粮食（不含水稻）
C5,山坡地,single,31,辣椒,0,附件1规则：露天非水浇地单季粮食（不含水稻）
C5,山坡地,single,32,空心菜,0,附件1规则：露天非水浇地单季粮食（不含水稻）
C5,山坡地,single,33,黄心菜,0,附件1规则：露天非水浇地单季粮食（不含水稻）
C5,山坡地,single,34,芹菜,0,附件1规则：露天非水浇地单季粮食（不含水稻）
C5,山坡地,single,35,大白菜,0,附件1规则：露天非水浇地单季粮食（不含水稻）
C5,山坡地,single,36,白萝卜,0,附件1规则：露天非水浇地单季粮食（不含水稻）
C5,山坡地,single,37,红萝卜,0,附件1规则：露天非水浇地单季粮食（不含水稻）
C5,山坡地,single,38,榆黄菇,0,附件1规则：露天非水浇地单季粮食（不含水稻）
C5,山坡地,single,39,香菇,0,附件1规则：露天非水浇地单季粮食（不含水稻）
C5,山坡地,single,40,白灵菇,0,附件1规则：露天非水浇地单季粮食（不含水稻）
C5,山坡地,single,41,羊肚菌,0,附件1规则：露天非水浇地单季粮食（不含水稻）
C6,山坡地,single,1,黄豆,1,附件1规则：露天非水浇地单季粮食（不含水稻）
C6,山坡地,single,2,黑豆,1,附件1规则：露天非水浇地单季粮食（不含水稻）
C6,山坡地,single,3,红豆,1,附件1规则：露天非水浇地单季粮食（不含水稻）
C6,山坡地,single,4,绿豆,1,附件1规则：露天非水浇地单季粮食（不含水稻）
C6,山坡地,single,5,爬豆,1,附件1规则：露天非水浇地单季粮食（不含水稻）
C6,山坡地,single,6,小麦,1,附件1规则：露天非水浇地单季粮食（不含水稻）
C6,山坡地,single,7,玉米,1,附件1规则：露天非水浇地单季粮食（不含水稻）
C6,山坡地,single,8,谷子,1,附件1规则：露天非水浇地单季粮食（不含水稻）
C6,山坡地,single,9,高粱,1,附件1规则：露天非水浇地单季粮食（不含水稻）
C6,山坡地,single,10,黍子,1,附件1规则：露天非水浇地单季粮食（不含水稻）
C6,山坡地,single,11,荞麦,1,附件1规则：露天非水浇地单季粮食（不含水稻）
C6,山坡地,single,12,南瓜,1,附件1规则：露天非水浇地单季粮食（不含水稻）
C6,山坡地,single,13,红薯,1,附件1规则：露天非水浇地单季粮食（不含水稻）
C6,山坡地,single,14,莜麦,1,附件1规则：露天非水浇地单季粮食（不含水稻）
C6,山坡地,single,15,大麦,1,附件1规则：露天非水浇地单季粮食（不含水稻）
C6,山坡地,single,16,水稻,0,附件1规则：露天非水浇地单季粮食（不含水稻）
C6,山坡地,single,17,豇豆,0,附件1规则：露天非水浇地单季粮食（不含水稻）
C6,山坡地,single,18,刀豆,0,附件1规则：露天非水浇地单季粮食（不含水稻）
C6,山坡地,single,19,芸豆,0,附件1规则：露天非水浇地单季粮食（不含水稻）
C6,山坡地,single,20,土豆,0,附件1规则：露天非水浇地单季粮食（不含水稻）
C6,山坡地,single,21,西红柿,0,附件1规则：露天非水浇地单季粮食（不含水稻）
C6,山坡地,single,22,茄子,0,附件1规则：露天非水浇地单季粮食（不含水稻）
C6,山坡地,single,23,菠菜,0,附件1规则：露天非水浇地单季粮食（不含水稻）
C6,山坡地,single,24,青椒,0,附件1规则：露天非水浇地单季粮食（不含水稻）
C6,山坡地,single,25,菜花,0,附件1规则：露天非水浇地单季粮食（不含水稻）
C6,山坡地,single,26,包菜,0,附件1规则：露天非水浇地单季粮食（不含水稻）
C6,山坡地,single,27,油麦菜,0,附件1规则：露天非水浇地单季粮食（不含水稻）
C6,山坡地,single,28,小青菜,0,附件1规则：露天非水浇地单季粮食（不含水稻）
C6,山坡地,single,29,黄瓜,0,附件1规则：露天非水浇地单季粮食（不含水稻）
C6,山坡地,single,30,生菜,0,附件1规则：露天非水浇地单季粮食（不含水稻）
C6,山坡地,single,31,辣椒,0,附件1规则：露天非水浇地单季粮食（不含水稻）
C6,山坡地,single,32,空心菜,0,附件1规则：露天非水浇地单季粮食（不含水稻）
C6,山坡地,single,33,黄心菜,0,附件1规则：露天非水浇地单季粮食（不含水稻）
C6,山坡地,single,34,芹菜,0,附件1规则：露天非水浇地单季粮食（不含水稻）
C6,山坡地,single,35,大白菜,0,附件1规则：露天非水浇地单季粮食（不含水稻）
C6,山坡地,single,36,白萝卜,0,附件1规则：露天非水浇地单季粮食（不含水稻）
C6,山坡地,single,37,红萝卜,0,附件1规则：露天非水浇地单季粮食（不含水稻）
C6,山坡地,single,38,榆黄菇,0,附件1规则：露天非水浇地单季粮食（不含水稻）
C6,山坡地,single,39,香菇,0,附件1规则：露天非水浇地单季粮食（不含水稻）
C6,山坡地,single,40,白灵菇,0,附件1规则：露天非水浇地单季粮食（不含水稻）
C6,山坡地,single,41,羊肚菌,0,附件1规则：露天非水浇地单季粮食（不含水稻）
D1,水浇地,single,1,黄豆,0,附件1规则：水浇地单季水稻
D1,水浇地,single,2,黑豆,0,附件1规则：水浇地单季水稻
D1,水浇地,single,3,红豆,0,附件1规则：水浇地单季水稻
D1,水浇地,single,4,绿豆,0,附件1规则：水浇地单季水稻
D1,水浇地,single,5,爬豆,0,附件1规则：水浇地单季水稻
D1,水浇地,single,6,小麦,0,附件1规则：水浇地单季水稻
D1,水浇地,single,7,玉米,0,附件1规则：水浇地单季水稻
D1,水浇地,single,8,谷子,0,附件1规则：水浇地单季水稻
D1,水浇地,single,9,高粱,0,附件1规则：水浇地单季水稻
D1,水浇地,single,10,黍子,0,附件1规则：水浇地单季水稻
D1,水浇地,single,11,荞麦,0,附件1规则：水浇地单季水稻
D1,水浇地,single,12,南瓜,0,附件1规则：水浇地单季水稻
D1,水浇地,single,13,红薯,0,附件1规则：水浇地单季水稻
D1,水浇地,single,14,莜麦,0,附件1规则：水浇地单季水稻
D1,水浇地,single,15,大麦,0,附件1规则：水浇地单季水稻
D1,水浇地,single,16,水稻,1,附件1规则：水浇地单季水稻
D1,水浇地,single,17,豇豆,0,附件1规则：水浇地单季水稻
D1,水浇地,single,18,刀豆,0,附件1规则：水浇地单季水稻
D1,水浇地,single,19,芸豆,0,附件1规则：水浇地单季水稻
D1,水浇地,single,20,土豆,0,附件1规则：水浇地单季水稻
D1,水浇地,single,21,西红柿,0,附件1规则：水浇地单季水稻
D1,水浇地,single,22,茄子,0,附件1规则：水浇地单季水稻
D1,水浇地,single,23,菠菜,0,附件1规则：水浇地单季水稻
D1,水浇地,single,24,青椒,0,附件1规则：水浇地单季水稻
D1,水浇地,single,25,菜花,0,附件1规则：水浇地单季水稻
D1,水浇地,single,26,包菜,0,附件1规则：水浇地单季水稻
D1,水浇地,single,27,油麦菜,0,附件1规则：水浇地单季水稻
D1,水浇地,single,28,小青菜,0,附件1规则：水浇地单季水稻
D1,水浇地,single,29,黄瓜,0,附件1规则：水浇地单季水稻
D1,水浇地,single,30,生菜,0,附件1规则：水浇地单季水稻
D1,水浇地,single,31,辣椒,0,附件1规则：水浇地单季水稻
D1,水浇地,single,32,空心菜,0,附件1规则：水浇地单季水稻
D1,水浇地,single,33,黄心菜,0,附件1规则：水浇地单季水稻
D1,水浇地,single,34,芹菜,0,附件1规则：水浇地单季水稻
D1,水浇地,single,35,大白菜,0,附件1规则：水浇地单季水稻
D1,水浇地,single,36,白萝卜,0,附件1规则：水浇地单季水稻
D1,水浇地,single,37,红萝卜,0,附件1规则：水浇地单季水稻
D1,水浇地,single,38,榆黄菇,0,附件1规则：水浇地单季水稻
D1,水浇地,single,39,香菇,0,附件1规则：水浇地单季水稻
D1,水浇地,single,40,白灵菇,0,附件1规则：水浇地单季水稻
D1,水浇地,single,41,羊肚菌,0,附件1规则：水浇地单季水稻
D1,水浇地,first,1,黄豆,0,附件1规则：水浇地第一季蔬菜
D1,水浇地,first,2,黑豆,0,附件1规则：水浇地第一季蔬菜
D1,水浇地,first,3,红豆,0,附件1规则：水浇地第一季蔬菜
D1,水浇地,first,4,绿豆,0,附件1规则：水浇地第一季蔬菜
D1,水浇地,first,5,爬豆,0,附件1规则：水浇地第一季蔬菜
D1,水浇地,first,6,小麦,0,附件1规则：水浇地第一季蔬菜
D1,水浇地,first,7,玉米,0,附件1规则：水浇地第一季蔬菜
D1,水浇地,first,8,谷子,0,附件1规则：水浇地第一季蔬菜
D1,水浇地,first,9,高粱,0,附件1规则：水浇地第一季蔬菜
D1,水浇地,first,10,黍子,0,附件1规则：水浇地第一季蔬菜
D1,水浇地,first,11,荞麦,0,附件1规则：水浇地第一季蔬菜
D1,水浇地,first,12,南瓜,0,附件1规则：水浇地第一季蔬菜
D1,水浇地,first,13,红薯,0,附件1规则：水浇地第一季蔬菜
D1,水浇地,first,14,莜麦,0,附件1规则：水浇地第一季蔬菜
D1,水浇地,first,15,大麦,0,附件1规则：水浇地第一季蔬菜
D1,水浇地,first,16,水稻,0,附件1规则：水浇地第一季蔬菜
D1,水浇地,first,17,豇豆,1,附件1规则：水浇地第一季蔬菜
D1,水浇地,first,18,刀豆,1,附件1规则：水浇地第一季蔬菜
D1,水浇地,first,19,芸豆,1,附件1规则：水浇地第一季蔬菜
D1,水浇地,first,20,土豆,1,附件1规则：水浇地第一季蔬菜
D1,水浇地,first,21,西红柿,1,附件1规则：水浇地第一季蔬菜
D1,水浇地,first,22,茄子,1,附件1规则：水浇地第一季蔬菜
D1,水浇地,first,23,菠菜,1,附件1规则：水浇地第一季蔬菜
D1,水浇地,first,24,青椒,1,附件1规则：水浇地第一季蔬菜
D1,水浇地,first,25,菜花,1,附件1规则：水浇地第一季蔬菜
D1,水浇地,first,26,包菜,1,附件1规则：水浇地第一季蔬菜
D1,水浇地,first,27,油麦菜,1,附件1规则：水浇地第一季蔬菜
D1,水浇地,first,28,小青菜,1,附件1规则：水浇地第一季蔬菜
D1,水浇地,first,29,黄瓜,1,附件1规则：水浇地第一季蔬菜
D1,水浇地,first,30,生菜,1,附件1规则：水浇地第一季蔬菜
D1,水浇地,first,31,辣椒,1,附件1规则：水浇地第一季蔬菜
D1,水浇地,first,32,空心菜,1,附件1规则：水浇地第一季蔬菜
D1,水浇地,first,33,黄心菜,1,附件1规则：水浇地第一季蔬菜
D1,水浇地,first,34,芹菜,1,附件1规则：水浇地第一季蔬菜
D1,水浇地,first,35,大白菜,0,附件1规则：水浇地第一季蔬菜
D1,水浇地,first,36,白萝卜,0,附件1规则：水浇地第一季蔬菜
D1,水浇地,first,37,红萝卜,0,附件1规则：水浇地第一季蔬菜
D1,水浇地,first,38,榆黄菇,0,附件1规则：水浇地第一季蔬菜
D1,水浇地,first,39,香菇,0,附件1规则：水浇地第一季蔬菜
D1,水浇地,first,40,白灵菇,0,附件1规则：水浇地第一季蔬菜
D1,水浇地,first,41,羊肚菌,0,附件1规则：水浇地第一季蔬菜
D1,水浇地,second,1,黄豆,0,附件1规则：水浇地第二季三种根菜
D1,水浇地,second,2,黑豆,0,附件1规则：水浇地第二季三种根菜
D1,水浇地,second,3,红豆,0,附件1规则：水浇地第二季三种根菜
D1,水浇地,second,4,绿豆,0,附件1规则：水浇地第二季三种根菜
D1,水浇地,second,5,爬豆,0,附件1规则：水浇地第二季三种根菜
D1,水浇地,second,6,小麦,0,附件1规则：水浇地第二季三种根菜
D1,水浇地,second,7,玉米,0,附件1规则：水浇地第二季三种根菜
D1,水浇地,second,8,谷子,0,附件1规则：水浇地第二季三种根菜
D1,水浇地,second,9,高粱,0,附件1规则：水浇地第二季三种根菜
D1,水浇地,second,10,黍子,0,附件1规则：水浇地第二季三种根菜
D1,水浇地,second,11,荞麦,0,附件1规则：水浇地第二季三种根菜
D1,水浇地,second,12,南瓜,0,附件1规则：水浇地第二季三种根菜
D1,水浇地,second,13,红薯,0,附件1规则：水浇地第二季三种根菜
D1,水浇地,second,14,莜麦,0,附件1规则：水浇地第二季三种根菜
D1,水浇地,second,15,大麦,0,附件1规则：水浇地第二季三种根菜
D1,水浇地,second,16,水稻,0,附件1规则：水浇地第二季三种根菜
D1,水浇地,second,17,豇豆,0,附件1规则：水浇地第二季三种根菜
D1,水浇地,second,18,刀豆,0,附件1规则：水浇地第二季三种根菜
D1,水浇地,second,19,芸豆,0,附件1规则：水浇地第二季三种根菜
D1,水浇地,second,20,土豆,0,附件1规则：水浇地第二季三种根菜
D1,水浇地,second,21,西红柿,0,附件1规则：水浇地第二季三种根菜
D1,水浇地,second,22,茄子,0,附件1规则：水浇地第二季三种根菜
D1,水浇地,second,23,菠菜,0,附件1规则：水浇地第二季三种根菜
D1,水浇地,second,24,青椒,0,附件1规则：水浇地第二季三种根菜
D1,水浇地,second,25,菜花,0,附件1规则：水浇地第二季三种根菜
D1,水浇地,second,26,包菜,0,附件1规则：水浇地第二季三种根菜
D1,水浇地,second,27,油麦菜,0,附件1规则：水浇地第二季三种根菜
D1,水浇地,second,28,小青菜,0,附件1规则：水浇地第二季三种根菜
D1,水浇地,second,29,黄瓜,0,附件1规则：水浇地第二季三种根菜
D1,水浇地,second,30,生菜,0,附件1规则：水浇地第二季三种根菜
D1,水浇地,second,31,辣椒,0,附件1规则：水浇地第二季三种根菜
D1,水浇地,second,32,空心菜,0,附件1规则：水浇地第二季三种根菜
D1,水浇地,second,33,黄心菜,0,附件1规则：水浇地第二季三种根菜
D1,水浇地,second,34,芹菜,0,附件1规则：水浇地第二季三种根菜
D1,水浇地,second,35,大白菜,1,附件1规则：水浇地第二季三种根菜
D1,水浇地,second,36,白萝卜,1,附件1规则：水浇地第二季三种根菜
D1,水浇地,second,37,红萝卜,1,附件1规则：水浇地第二季三种根菜
D1,水浇地,second,38,榆黄菇,0,附件1规则：水浇地第二季三种根菜
D1,水浇地,second,39,香菇,0,附件1规则：水浇地第二季三种根菜
D1,水浇地,second,40,白灵菇,0,附件1规则：水浇地第二季三种根菜
D1,水浇地,second,41,羊肚菌,0,附件1规则：水浇地第二季三种根菜
D2,水浇地,single,1,黄豆,0,附件1规则：水浇地单季水稻
D2,水浇地,single,2,黑豆,0,附件1规则：水浇地单季水稻
D2,水浇地,single,3,红豆,0,附件1规则：水浇地单季水稻
D2,水浇地,single,4,绿豆,0,附件1规则：水浇地单季水稻
D2,水浇地,single,5,爬豆,0,附件1规则：水浇地单季水稻
D2,水浇地,single,6,小麦,0,附件1规则：水浇地单季水稻
D2,水浇地,single,7,玉米,0,附件1规则：水浇地单季水稻
D2,水浇地,single,8,谷子,0,附件1规则：水浇地单季水稻
D2,水浇地,single,9,高粱,0,附件1规则：水浇地单季水稻
D2,水浇地,single,10,黍子,0,附件1规则：水浇地单季水稻
D2,水浇地,single,11,荞麦,0,附件1规则：水浇地单季水稻
D2,水浇地,single,12,南瓜,0,附件1规则：水浇地单季水稻
D2,水浇地,single,13,红薯,0,附件1规则：水浇地单季水稻
D2,水浇地,single,14,莜麦,0,附件1规则：水浇地单季水稻
D2,水浇地,single,15,大麦,0,附件1规则：水浇地单季水稻
D2,水浇地,single,16,水稻,1,附件1规则：水浇地单季水稻
D2,水浇地,single,17,豇豆,0,附件1规则：水浇地单季水稻
D2,水浇地,single,18,刀豆,0,附件1规则：水浇地单季水稻
D2,水浇地,single,19,芸豆,0,附件1规则：水浇地单季水稻
D2,水浇地,single,20,土豆,0,附件1规则：水浇地单季水稻
D2,水浇地,single,21,西红柿,0,附件1规则：水浇地单季水稻
D2,水浇地,single,22,茄子,0,附件1规则：水浇地单季水稻
D2,水浇地,single,23,菠菜,0,附件1规则：水浇地单季水稻
D2,水浇地,single,24,青椒,0,附件1规则：水浇地单季水稻
D2,水浇地,single,25,菜花,0,附件1规则：水浇地单季水稻
D2,水浇地,single,26,包菜,0,附件1规则：水浇地单季水稻
D2,水浇地,single,27,油麦菜,0,附件1规则：水浇地单季水稻
D2,水浇地,single,28,小青菜,0,附件1规则：水浇地单季水稻
D2,水浇地,single,29,黄瓜,0,附件1规则：水浇地单季水稻
D2,水浇地,single,30,生菜,0,附件1规则：水浇地单季水稻
D2,水浇地,single,31,辣椒,0,附件1规则：水浇地单季水稻
D2,水浇地,single,32,空心菜,0,附件1规则：水浇地单季水稻
D2,水浇地,single,33,黄心菜,0,附件1规则：水浇地单季水稻
D2,水浇地,single,34,芹菜,0,附件1规则：水浇地单季水稻
D2,水浇地,single,35,大白菜,0,附件1规则：水浇地单季水稻
D2,水浇地,single,36,白萝卜,0,附件1规则：水浇地单季水稻
D2,水浇地,single,37,红萝卜,0,附件1规则：水浇地单季水稻
D2,水浇地,single,38,榆黄菇,0,附件1规则：水浇地单季水稻
D2,水浇地,single,39,香菇,0,附件1规则：水浇地单季水稻
D2,水浇地,single,40,白灵菇,0,附件1规则：水浇地单季水稻
D2,水浇地,single,41,羊肚菌,0,附件1规则：水浇地单季水稻
D2,水浇地,first,1,黄豆,0,附件1规则：水浇地第一季蔬菜
D2,水浇地,first,2,黑豆,0,附件1规则：水浇地第一季蔬菜
D2,水浇地,first,3,红豆,0,附件1规则：水浇地第一季蔬菜
D2,水浇地,first,4,绿豆,0,附件1规则：水浇地第一季蔬菜
D2,水浇地,first,5,爬豆,0,附件1规则：水浇地第一季蔬菜
D2,水浇地,first,6,小麦,0,附件1规则：水浇地第一季蔬菜
D2,水浇地,first,7,玉米,0,附件1规则：水浇地第一季蔬菜
D2,水浇地,first,8,谷子,0,附件1规则：水浇地第一季蔬菜
D2,水浇地,first,9,高粱,0,附件1规则：水浇地第一季蔬菜
D2,水浇地,first,10,黍子,0,附件1规则：水浇地第一季蔬菜
D2,水浇地,first,11,荞麦,0,附件1规则：水浇地第一季蔬菜
D2,水浇地,first,12,南瓜,0,附件1规则：水浇地第一季蔬菜
D2,水浇地,first,13,红薯,0,附件1规则：水浇地第一季蔬菜
D2,水浇地,first,14,莜麦,0,附件1规则：水浇地第一季蔬菜
D2,水浇地,first,15,大麦,0,附件1规则：水浇地第一季蔬菜
D2,水浇地,first,16,水稻,0,附件1规则：水浇地第一季蔬菜
D2,水浇地,first,17,豇豆,1,附件1规则：水浇地第一季蔬菜
D2,水浇地,first,18,刀豆,1,附件1规则：水浇地第一季蔬菜
D2,水浇地,first,19,芸豆,1,附件1规则：水浇地第一季蔬菜
D2,水浇地,first,20,土豆,1,附件1规则：水浇地第一季蔬菜
D2,水浇地,first,21,西红柿,1,附件1规则：水浇地第一季蔬菜
D2,水浇地,first,22,茄子,1,附件1规则：水浇地第一季蔬菜
D2,水浇地,first,23,菠菜,1,附件1规则：水浇地第一季蔬菜
D2,水浇地,first,24,青椒,1,附件1规则：水浇地第一季蔬菜
D2,水浇地,first,25,菜花,1,附件1规则：水浇地第一季蔬菜
D2,水浇地,first,26,包菜,1,附件1规则：水浇地第一季蔬菜
D2,水浇地,first,27,油麦菜,1,附件1规则：水浇地第一季蔬菜
D2,水浇地,first,28,小青菜,1,附件1规则：水浇地第一季蔬菜
D2,水浇地,first,29,黄瓜,1,附件1规则：水浇地第一季蔬菜
D2,水浇地,first,30,生菜,1,附件1规则：水浇地第一季蔬菜
D2,水浇地,first,31,辣椒,1,附件1规则：水浇地第一季蔬菜
D2,水浇地,first,32,空心菜,1,附件1规则：水浇地第一季蔬菜
D2,水浇地,first,33,黄心菜,1,附件1规则：水浇地第一季蔬菜
D2,水浇地,first,34,芹菜,1,附件1规则：水浇地第一季蔬菜
D2,水浇地,first,35,大白菜,0,附件1规则：水浇地第一季蔬菜
D2,水浇地,first,36,白萝卜,0,附件1规则：水浇地第一季蔬菜
D2,水浇地,first,37,红萝卜,0,附件1规则：水浇地第一季蔬菜
D2,水浇地,first,38,榆黄菇,0,附件1规则：水浇地第一季蔬菜
D2,水浇地,first,39,香菇,0,附件1规则：水浇地第一季蔬菜
D2,水浇地,first,40,白灵菇,0,附件1规则：水浇地第一季蔬菜
D2,水浇地,first,41,羊肚菌,0,附件1规则：水浇地第一季蔬菜
D2,水浇地,second,1,黄豆,0,附件1规则：水浇地第二季三种根菜
D2,水浇地,second,2,黑豆,0,附件1规则：水浇地第二季三种根菜
D2,水浇地,second,3,红豆,0,附件1规则：水浇地第二季三种根菜
D2,水浇地,second,4,绿豆,0,附件1规则：水浇地第二季三种根菜
D2,水浇地,second,5,爬豆,0,附件1规则：水浇地第二季三种根菜
D2,水浇地,second,6,小麦,0,附件1规则：水浇地第二季三种根菜
D2,水浇地,second,7,玉米,0,附件1规则：水浇地第二季三种根菜
D2,水浇地,second,8,谷子,0,附件1规则：水浇地第二季三种根菜
D2,水浇地,second,9,高粱,0,附件1规则：水浇地第二季三种根菜
D2,水浇地,second,10,黍子,0,附件1规则：水浇地第二季三种根菜
D2,水浇地,second,11,荞麦,0,附件1规则：水浇地第二季三种根菜
D2,水浇地,second,12,南瓜,0,附件1规则：水浇地第二季三种根菜
D2,水浇地,second,13,红薯,0,附件1规则：水浇地第二季三种根菜
D2,水浇地,second,14,莜麦,0,附件1规则：水浇地第二季三种根菜
D2,水浇地,second,15,大麦,0,附件1规则：水浇地第二季三种根菜
D2,水浇地,second,16,水稻,0,附件1规则：水浇地第二季三种根菜
D2,水浇地,second,17,豇豆,0,附件1规则：水浇地第二季三种根菜
D2,水浇地,second,18,刀豆,0,附件1规则：水浇地第二季三种根菜
D2,水浇地,second,19,芸豆,0,附件1规则：水浇地第二季三种根菜
D2,水浇地,second,20,土豆,0,附件1规则：水浇地第二季三种根菜
D2,水浇地,second,21,西红柿,0,附件1规则：水浇地第二季三种根菜
D2,水浇地,second,22,茄子,0,附件1规则：水浇地第二季三种根菜
D2,水浇地,second,23,菠菜,0,附件1规则：水浇地第二季三种根菜
D2,水浇地,second,24,青椒,0,附件1规则：水浇地第二季三种根菜
D2,水浇地,second,25,菜花,0,附件1规则：水浇地第二季三种根菜
D2,水浇地,second,26,包菜,0,附件1规则：水浇地第二季三种根菜
D2,水浇地,second,27,油麦菜,0,附件1规则：水浇地第二季三种根菜
D2,水浇地,second,28,小青菜,0,附件1规则：水浇地第二季三种根菜
D2,水浇地,second,29,黄瓜,0,附件1规则：水浇地第二季三种根菜
D2,水浇地,second,30,生菜,0,附件1规则：水浇地第二季三种根菜
D2,水浇地,second,31,辣椒,0,附件1规则：水浇地第二季三种根菜
D2,水浇地,second,32,空心菜,0,附件1规则：水浇地第二季三种根菜
D2,水浇地,second,33,黄心菜,0,附件1规则：水浇地第二季三种根菜
D2,水浇地,second,34,芹菜,0,附件1规则：水浇地第二季三种根菜
D2,水浇地,second,35,大白菜,1,附件1规则：水浇地第二季三种根菜
D2,水浇地,second,36,白萝卜,1,附件1规则：水浇地第二季三种根菜
D2,水浇地,second,37,红萝卜,1,附件1规则：水浇地第二季三种根菜
D2,水浇地,second,38,榆黄菇,0,附件1规则：水浇地第二季三种根菜
D2,水浇地,second,39,香菇,0,附件1规则：水浇地第二季三种根菜
D2,水浇地,second,40,白灵菇,0,附件1规则：水浇地第二季三种根菜
D2,水浇地,second,41,羊肚菌,0,附件1规则：水浇地第二季三种根菜
D3,水浇地,single,1,黄豆,0,附件1规则：水浇地单季水稻
D3,水浇地,single,2,黑豆,0,附件1规则：水浇地单季水稻
D3,水浇地,single,3,红豆,0,附件1规则：水浇地单季水稻
D3,水浇地,single,4,绿豆,0,附件1规则：水浇地单季水稻
D3,水浇地,single,5,爬豆,0,附件1规则：水浇地单季水稻
D3,水浇地,single,6,小麦,0,附件1规则：水浇地单季水稻
D3,水浇地,single,7,玉米,0,附件1规则：水浇地单季水稻
D3,水浇地,single,8,谷子,0,附件1规则：水浇地单季水稻
D3,水浇地,single,9,高粱,0,附件1规则：水浇地单季水稻
D3,水浇地,single,10,黍子,0,附件1规则：水浇地单季水稻
D3,水浇地,single,11,荞麦,0,附件1规则：水浇地单季水稻
D3,水浇地,single,12,南瓜,0,附件1规则：水浇地单季水稻
D3,水浇地,single,13,红薯,0,附件1规则：水浇地单季水稻
D3,水浇地,single,14,莜麦,0,附件1规则：水浇地单季水稻
D3,水浇地,single,15,大麦,0,附件1规则：水浇地单季水稻
D3,水浇地,single,16,水稻,1,附件1规则：水浇地单季水稻
D3,水浇地,single,17,豇豆,0,附件1规则：水浇地单季水稻
D3,水浇地,single,18,刀豆,0,附件1规则：水浇地单季水稻
D3,水浇地,single,19,芸豆,0,附件1规则：水浇地单季水稻
D3,水浇地,single,20,土豆,0,附件1规则：水浇地单季水稻
D3,水浇地,single,21,西红柿,0,附件1规则：水浇地单季水稻
D3,水浇地,single,22,茄子,0,附件1规则：水浇地单季水稻
D3,水浇地,single,23,菠菜,0,附件1规则：水浇地单季水稻
D3,水浇地,single,24,青椒,0,附件1规则：水浇地单季水稻
D3,水浇地,single,25,菜花,0,附件1规则：水浇地单季水稻
D3,水浇地,single,26,包菜,0,附件1规则：水浇地单季水稻
D3,水浇地,single,27,油麦菜,0,附件1规则：水浇地单季水稻
D3,水浇地,single,28,小青菜,0,附件1规则：水浇地单季水稻
D3,水浇地,single,29,黄瓜,0,附件1规则：水浇地单季水稻
D3,水浇地,single,30,生菜,0,附件1规则：水浇地单季水稻
D3,水浇地,single,31,辣椒,0,附件1规则：水浇地单季水稻
D3,水浇地,single,32,空心菜,0,附件1规则：水浇地单季水稻
D3,水浇地,single,33,黄心菜,0,附件1规则：水浇地单季水稻
D3,水浇地,single,34,芹菜,0,附件1规则：水浇地单季水稻
D3,水浇地,single,35,大白菜,0,附件1规则：水浇地单季水稻
D3,水浇地,single,36,白萝卜,0,附件1规则：水浇地单季水稻
D3,水浇地,single,37,红萝卜,0,附件1规则：水浇地单季水稻
D3,水浇地,single,38,榆黄菇,0,附件1规则：水浇地单季水稻
D3,水浇地,single,39,香菇,0,附件1规则：水浇地单季水稻
D3,水浇地,single,40,白灵菇,0,附件1规则：水浇地单季水稻
D3,水浇地,single,41,羊肚菌,0,附件1规则：水浇地单季水稻
D3,水浇地,first,1,黄豆,0,附件1规则：水浇地第一季蔬菜
D3,水浇地,first,2,黑豆,0,附件1规则：水浇地第一季蔬菜
D3,水浇地,first,3,红豆,0,附件1规则：水浇地第一季蔬菜
D3,水浇地,first,4,绿豆,0,附件1规则：水浇地第一季蔬菜
D3,水浇地,first,5,爬豆,0,附件1规则：水浇地第一季蔬菜
D3,水浇地,first,6,小麦,0,附件1规则：水浇地第一季蔬菜
D3,水浇地,first,7,玉米,0,附件1规则：水浇地第一季蔬菜
D3,水浇地,first,8,谷子,0,附件1规则：水浇地第一季蔬菜
D3,水浇地,first,9,高粱,0,附件1规则：水浇地第一季蔬菜
D3,水浇地,first,10,黍子,0,附件1规则：水浇地第一季蔬菜
D3,水浇地,first,11,荞麦,0,附件1规则：水浇地第一季蔬菜
D3,水浇地,first,12,南瓜,0,附件1规则：水浇地第一季蔬菜
D3,水浇地,first,13,红薯,0,附件1规则：水浇地第一季蔬菜
D3,水浇地,first,14,莜麦,0,附件1规则：水浇地第一季蔬菜
D3,水浇地,first,15,大麦,0,附件1规则：水浇地第一季蔬菜
D3,水浇地,first,16,水稻,0,附件1规则：水浇地第一季蔬菜
D3,水浇地,first,17,豇豆,1,附件1规则：水浇地第一季蔬菜
D3,水浇地,first,18,刀豆,1,附件1规则：水浇地第一季蔬菜
D3,水浇地,first,19,芸豆,1,附件1规则：水浇地第一季蔬菜
D3,水浇地,first,20,土豆,1,附件1规则：水浇地第一季蔬菜
D3,水浇地,first,21,西红柿,1,附件1规则：水浇地第一季蔬菜
D3,水浇地,first,22,茄子,1,附件1规则：水浇地第一季蔬菜
D3,水浇地,first,23,菠菜,1,附件1规则：水浇地第一季蔬菜
D3,水浇地,first,24,青椒,1,附件1规则：水浇地第一季蔬菜
D3,水浇地,first,25,菜花,1,附件1规则：水浇地第一季蔬菜
D3,水浇地,first,26,包菜,1,附件1规则：水浇地第一季蔬菜
D3,水浇地,first,27,油麦菜,1,附件1规则：水浇地第一季蔬菜
D3,水浇地,first,28,小青菜,1,附件1规则：水浇地第一季蔬菜
D3,水浇地,first,29,黄瓜,1,附件1规则：水浇地第一季蔬菜
D3,水浇地,first,30,生菜,1,附件1规则：水浇地第一季蔬菜
D3,水浇地,first,31,辣椒,1,附件1规则：水浇地第一季蔬菜
D3,水浇地,first,32,空心菜,1,附件1规则：水浇地第一季蔬菜
D3,水浇地,first,33,黄心菜,1,附件1规则：水浇地第一季蔬菜
D3,水浇地,first,34,芹菜,1,附件1规则：水浇地第一季蔬菜
D3,水浇地,first,35,大白菜,0,附件1规则：水浇地第一季蔬菜
D3,水浇地,first,36,白萝卜,0,附件1规则：水浇地第一季蔬菜
D3,水浇地,first,37,红萝卜,0,附件1规则：水浇地第一季蔬菜
D3,水浇地,first,38,榆黄菇,0,附件1规则：水浇地第一季蔬菜
D3,水浇地,first,39,香菇,0,附件1规则：水浇地第一季蔬菜
D3,水浇地,first,40,白灵菇,0,附件1规则：水浇地第一季蔬菜
D3,水浇地,first,41,羊肚菌,0,附件1规则：水浇地第一季蔬菜
D3,水浇地,second,1,黄豆,0,附件1规则：水浇地第二季三种根菜
D3,水浇地,second,2,黑豆,0,附件1规则：水浇地第二季三种根菜
D3,水浇地,second,3,红豆,0,附件1规则：水浇地第二季三种根菜
D3,水浇地,second,4,绿豆,0,附件1规则：水浇地第二季三种根菜
D3,水浇地,second,5,爬豆,0,附件1规则：水浇地第二季三种根菜
D3,水浇地,second,6,小麦,0,附件1规则：水浇地第二季三种根菜
D3,水浇地,second,7,玉米,0,附件1规则：水浇地第二季三种根菜
D3,水浇地,second,8,谷子,0,附件1规则：水浇地第二季三种根菜
D3,水浇地,second,9,高粱,0,附件1规则：水浇地第二季三种根菜
D3,水浇地,second,10,黍子,0,附件1规则：水浇地第二季三种根菜
D3,水浇地,second,11,荞麦,0,附件1规则：水浇地第二季三种根菜
D3,水浇地,second,12,南瓜,0,附件1规则：水浇地第二季三种根菜
D3,水浇地,second,13,红薯,0,附件1规则：水浇地第二季三种根菜
D3,水浇地,second,14,莜麦,0,附件1规则：水浇地第二季三种根菜
D3,水浇地,second,15,大麦,0,附件1规则：水浇地第二季三种根菜
D3,水浇地,second,16,水稻,0,附件1规则：水浇地第二季三种根菜
D3,水浇地,second,17,豇豆,0,附件1规则：水浇地第二季三种根菜
D3,水浇地,second,18,刀豆,0,附件1规则：水浇地第二季三种根菜
D3,水浇地,second,19,芸豆,0,附件1规则：水浇地第二季三种根菜
D3,水浇地,second,20,土豆,0,附件1规则：水浇地第二季三种根菜
D3,水浇地,second,21,西红柿,0,附件1规则：水浇地第二季三种根菜
D3,水浇地,second,22,茄子,0,附件1规则：水浇地第二季三种根菜
D3,水浇地,second,23,菠菜,0,附件1规则：水浇地第二季三种根菜
D3,水浇地,second,24,青椒,0,附件1规则：水浇地第二季三种根菜
D3,水浇地,second,25,菜花,0,附件1规则：水浇地第二季三种根菜
D3,水浇地,second,26,包菜,0,附件1规则：水浇地第二季三种根菜
D3,水浇地,second,27,油麦菜,0,附件1规则：水浇地第二季三种根菜
D3,水浇地,second,28,小青菜,0,附件1规则：水浇地第二季三种根菜
D3,水浇地,second,29,黄瓜,0,附件1规则：水浇地第二季三种根菜
D3,水浇地,second,30,生菜,0,附件1规则：水浇地第二季三种根菜
D3,水浇地,second,31,辣椒,0,附件1规则：水浇地第二季三种根菜
D3,水浇地,second,32,空心菜,0,附件1规则：水浇地第二季三种根菜
D3,水浇地,second,33,黄心菜,0,附件1规则：水浇地第二季三种根菜
D3,水浇地,second,34,芹菜,0,附件1规则：水浇地第二季三种根菜
D3,水浇地,second,35,大白菜,1,附件1规则：水浇地第二季三种根菜
D3,水浇地,second,36,白萝卜,1,附件1规则：水浇地第二季三种根菜
D3,水浇地,second,37,红萝卜,1,附件1规则：水浇地第二季三种根菜
D3,水浇地,second,38,榆黄菇,0,附件1规则：水浇地第二季三种根菜
D3,水浇地,second,39,香菇,0,附件1规则：水浇地第二季三种根菜
D3,水浇地,second,40,白灵菇,0,附件1规则：水浇地第二季三种根菜
D3,水浇地,second,41,羊肚菌,0,附件1规则：水浇地第二季三种根菜
D4,水浇地,single,1,黄豆,0,附件1规则：水浇地单季水稻
D4,水浇地,single,2,黑豆,0,附件1规则：水浇地单季水稻
D4,水浇地,single,3,红豆,0,附件1规则：水浇地单季水稻
D4,水浇地,single,4,绿豆,0,附件1规则：水浇地单季水稻
D4,水浇地,single,5,爬豆,0,附件1规则：水浇地单季水稻
D4,水浇地,single,6,小麦,0,附件1规则：水浇地单季水稻
D4,水浇地,single,7,玉米,0,附件1规则：水浇地单季水稻
D4,水浇地,single,8,谷子,0,附件1规则：水浇地单季水稻
D4,水浇地,single,9,高粱,0,附件1规则：水浇地单季水稻
D4,水浇地,single,10,黍子,0,附件1规则：水浇地单季水稻
D4,水浇地,single,11,荞麦,0,附件1规则：水浇地单季水稻
D4,水浇地,single,12,南瓜,0,附件1规则：水浇地单季水稻
D4,水浇地,single,13,红薯,0,附件1规则：水浇地单季水稻
D4,水浇地,single,14,莜麦,0,附件1规则：水浇地单季水稻
D4,水浇地,single,15,大麦,0,附件1规则：水浇地单季水稻
D4,水浇地,single,16,水稻,1,附件1规则：水浇地单季水稻
D4,水浇地,single,17,豇豆,0,附件1规则：水浇地单季水稻
D4,水浇地,single,18,刀豆,0,附件1规则：水浇地单季水稻
D4,水浇地,single,19,芸豆,0,附件1规则：水浇地单季水稻
D4,水浇地,single,20,土豆,0,附件1规则：水浇地单季水稻
D4,水浇地,single,21,西红柿,0,附件1规则：水浇地单季水稻
D4,水浇地,single,22,茄子,0,附件1规则：水浇地单季水稻
D4,水浇地,single,23,菠菜,0,附件1规则：水浇地单季水稻
D4,水浇地,single,24,青椒,0,附件1规则：水浇地单季水稻
D4,水浇地,single,25,菜花,0,附件1规则：水浇地单季水稻
D4,水浇地,single,26,包菜,0,附件1规则：水浇地单季水稻
D4,水浇地,single,27,油麦菜,0,附件1规则：水浇地单季水稻
D4,水浇地,single,28,小青菜,0,附件1规则：水浇地单季水稻
D4,水浇地,single,29,黄瓜,0,附件1规则：水浇地单季水稻
D4,水浇地,single,30,生菜,0,附件1规则：水浇地单季水稻
D4,水浇地,single,31,辣椒,0,附件1规则：水浇地单季水稻
D4,水浇地,single,32,空心菜,0,附件1规则：水浇地单季水稻
D4,水浇地,single,33,黄心菜,0,附件1规则：水浇地单季水稻
D4,水浇地,single,34,芹菜,0,附件1规则：水浇地单季水稻
D4,水浇地,single,35,大白菜,0,附件1规则：水浇地单季水稻
D4,水浇地,single,36,白萝卜,0,附件1规则：水浇地单季水稻
D4,水浇地,single,37,红萝卜,0,附件1规则：水浇地单季水稻
D4,水浇地,single,38,榆黄菇,0,附件1规则：水浇地单季水稻
D4,水浇地,single,39,香菇,0,附件1规则：水浇地单季水稻
D4,水浇地,single,40,白灵菇,0,附件1规则：水浇地单季水稻
D4,水浇地,single,41,羊肚菌,0,附件1规则：水浇地单季水稻
D4,水浇地,first,1,黄豆,0,附件1规则：水浇地第一季蔬菜
D4,水浇地,first,2,黑豆,0,附件1规则：水浇地第一季蔬菜
D4,水浇地,first,3,红豆,0,附件1规则：水浇地第一季蔬菜
D4,水浇地,first,4,绿豆,0,附件1规则：水浇地第一季蔬菜
D4,水浇地,first,5,爬豆,0,附件1规则：水浇地第一季蔬菜
D4,水浇地,first,6,小麦,0,附件1规则：水浇地第一季蔬菜
D4,水浇地,first,7,玉米,0,附件1规则：水浇地第一季蔬菜
D4,水浇地,first,8,谷子,0,附件1规则：水浇地第一季蔬菜
D4,水浇地,first,9,高粱,0,附件1规则：水浇地第一季蔬菜
D4,水浇地,first,10,黍子,0,附件1规则：水浇地第一季蔬菜
D4,水浇地,first,11,荞麦,0,附件1规则：水浇地第一季蔬菜
D4,水浇地,first,12,南瓜,0,附件1规则：水浇地第一季蔬菜
D4,水浇地,first,13,红薯,0,附件1规则：水浇地第一季蔬菜
D4,水浇地,first,14,莜麦,0,附件1规则：水浇地第一季蔬菜
D4,水浇地,first,15,大麦,0,附件1规则：水浇地第一季蔬菜
D4,水浇地,first,16,水稻,0,附件1规则：水浇地第一季蔬菜
D4,水浇地,first,17,豇豆,1,附件1规则：水浇地第一季蔬菜
D4,水浇地,first,18,刀豆,1,附件1规则：水浇地第一季蔬菜
D4,水浇地,first,19,芸豆,1,附件1规则：水浇地第一季蔬菜
D4,水浇地,first,20,土豆,1,附件1规则：水浇地第一季蔬菜
D4,水浇地,first,21,西红柿,1,附件1规则：水浇地第一季蔬菜
D4,水浇地,first,22,茄子,1,附件1规则：水浇地第一季蔬菜
D4,水浇地,first,23,菠菜,1,附件1规则：水浇地第一季蔬菜
D4,水浇地,first,24,青椒,1,附件1规则：水浇地第一季蔬菜
D4,水浇地,first,25,菜花,1,附件1规则：水浇地第一季蔬菜
D4,水浇地,first,26,包菜,1,附件1规则：水浇地第一季蔬菜
D4,水浇地,first,27,油麦菜,1,附件1规则：水浇地第一季蔬菜
D4,水浇地,first,28,小青菜,1,附件1规则：水浇地第一季蔬菜
D4,水浇地,first,29,黄瓜,1,附件1规则：水浇地第一季蔬菜
D4,水浇地,first,30,生菜,1,附件1规则：水浇地第一季蔬菜
D4,水浇地,first,31,辣椒,1,附件1规则：水浇地第一季蔬菜
D4,水浇地,first,32,空心菜,1,附件1规则：水浇地第一季蔬菜
D4,水浇地,first,33,黄心菜,1,附件1规则：水浇地第一季蔬菜
D4,水浇地,first,34,芹菜,1,附件1规则：水浇地第一季蔬菜
D4,水浇地,first,35,大白菜,0,附件1规则：水浇地第一季蔬菜
D4,水浇地,first,36,白萝卜,0,附件1规则：水浇地第一季蔬菜
D4,水浇地,first,37,红萝卜,0,附件1规则：水浇地第一季蔬菜
D4,水浇地,first,38,榆黄菇,0,附件1规则：水浇地第一季蔬菜
D4,水浇地,first,39,香菇,0,附件1规则：水浇地第一季蔬菜
D4,水浇地,first,40,白灵菇,0,附件1规则：水浇地第一季蔬菜
D4,水浇地,first,41,羊肚菌,0,附件1规则：水浇地第一季蔬菜
D4,水浇地,second,1,黄豆,0,附件1规则：水浇地第二季三种根菜
D4,水浇地,second,2,黑豆,0,附件1规则：水浇地第二季三种根菜
D4,水浇地,second,3,红豆,0,附件1规则：水浇地第二季三种根菜
D4,水浇地,second,4,绿豆,0,附件1规则：水浇地第二季三种根菜
D4,水浇地,second,5,爬豆,0,附件1规则：水浇地第二季三种根菜
D4,水浇地,second,6,小麦,0,附件1规则：水浇地第二季三种根菜
D4,水浇地,second,7,玉米,0,附件1规则：水浇地第二季三种根菜
D4,水浇地,second,8,谷子,0,附件1规则：水浇地第二季三种根菜
D4,水浇地,second,9,高粱,0,附件1规则：水浇地第二季三种根菜
D4,水浇地,second,10,黍子,0,附件1规则：水浇地第二季三种根菜
D4,水浇地,second,11,荞麦,0,附件1规则：水浇地第二季三种根菜
D4,水浇地,second,12,南瓜,0,附件1规则：水浇地第二季三种根菜
D4,水浇地,second,13,红薯,0,附件1规则：水浇地第二季三种根菜
D4,水浇地,second,14,莜麦,0,附件1规则：水浇地第二季三种根菜
D4,水浇地,second,15,大麦,0,附件1规则：水浇地第二季三种根菜
D4,水浇地,second,16,水稻,0,附件1规则：水浇地第二季三种根菜
D4,水浇地,second,17,豇豆,0,附件1规则：水浇地第二季三种根菜
D4,水浇地,second,18,刀豆,0,附件1规则：水浇地第二季三种根菜
D4,水浇地,second,19,芸豆,0,附件1规则：水浇地第二季三种根菜
D4,水浇地,second,20,土豆,0,附件1规则：水浇地第二季三种根菜
D4,水浇地,second,21,西红柿,0,附件1规则：水浇地第二季三种根菜
D4,水浇地,second,22,茄子,0,附件1规则：水浇地第二季三种根菜
D4,水浇地,second,23,菠菜,0,附件1规则：水浇地第二季三种根菜
D4,水浇地,second,24,青椒,0,附件1规则：水浇地第二季三种根菜
D4,水浇地,second,25,菜花,0,附件1规则：水浇地第二季三种根菜
D4,水浇地,second,26,包菜,0,附件1规则：水浇地第二季三种根菜
D4,水浇地,second,27,油麦菜,0,附件1规则：水浇地第二季三种根菜
D4,水浇地,second,28,小青菜,0,附件1规则：水浇地第二季三种根菜
D4,水浇地,second,29,黄瓜,0,附件1规则：水浇地第二季三种根菜
D4,水浇地,second,30,生菜,0,附件1规则：水浇地第二季三种根菜
D4,水浇地,second,31,辣椒,0,附件1规则：水浇地第二季三种根菜
D4,水浇地,second,32,空心菜,0,附件1规则：水浇地第二季三种根菜
D4,水浇地,second,33,黄心菜,0,附件1规则：水浇地第二季三种根菜
D4,水浇地,second,34,芹菜,0,附件1规则：水浇地第二季三种根菜
D4,水浇地,second,35,大白菜,1,附件1规则：水浇地第二季三种根菜
D4,水浇地,second,36,白萝卜,1,附件1规则：水浇地第二季三种根菜
D4,水浇地,second,37,红萝卜,1,附件1规则：水浇地第二季三种根菜
D4,水浇地,second,38,榆黄菇,0,附件1规则：水浇地第二季三种根菜
D4,水浇地,second,39,香菇,0,附件1规则：水浇地第二季三种根菜
D4,水浇地,second,40,白灵菇,0,附件1规则：水浇地第二季三种根菜
D4,水浇地,second,41,羊肚菌,0,附件1规则：水浇地第二季三种根菜
D5,水浇地,single,1,黄豆,0,附件1规则：水浇地单季水稻
D5,水浇地,single,2,黑豆,0,附件1规则：水浇地单季水稻
D5,水浇地,single,3,红豆,0,附件1规则：水浇地单季水稻
D5,水浇地,single,4,绿豆,0,附件1规则：水浇地单季水稻
D5,水浇地,single,5,爬豆,0,附件1规则：水浇地单季水稻
D5,水浇地,single,6,小麦,0,附件1规则：水浇地单季水稻
D5,水浇地,single,7,玉米,0,附件1规则：水浇地单季水稻
D5,水浇地,single,8,谷子,0,附件1规则：水浇地单季水稻
D5,水浇地,single,9,高粱,0,附件1规则：水浇地单季水稻
D5,水浇地,single,10,黍子,0,附件1规则：水浇地单季水稻
D5,水浇地,single,11,荞麦,0,附件1规则：水浇地单季水稻
D5,水浇地,single,12,南瓜,0,附件1规则：水浇地单季水稻
D5,水浇地,single,13,红薯,0,附件1规则：水浇地单季水稻
D5,水浇地,single,14,莜麦,0,附件1规则：水浇地单季水稻
D5,水浇地,single,15,大麦,0,附件1规则：水浇地单季水稻
D5,水浇地,single,16,水稻,1,附件1规则：水浇地单季水稻
D5,水浇地,single,17,豇豆,0,附件1规则：水浇地单季水稻
D5,水浇地,single,18,刀豆,0,附件1规则：水浇地单季水稻
D5,水浇地,single,19,芸豆,0,附件1规则：水浇地单季水稻
D5,水浇地,single,20,土豆,0,附件1规则：水浇地单季水稻
D5,水浇地,single,21,西红柿,0,附件1规则：水浇地单季水稻
D5,水浇地,single,22,茄子,0,附件1规则：水浇地单季水稻
D5,水浇地,single,23,菠菜,0,附件1规则：水浇地单季水稻
D5,水浇地,single,24,青椒,0,附件1规则：水浇地单季水稻
D5,水浇地,single,25,菜花,0,附件1规则：水浇地单季水稻
D5,水浇地,single,26,包菜,0,附件1规则：水浇地单季水稻
D5,水浇地,single,27,油麦菜,0,附件1规则：水浇地单季水稻
D5,水浇地,single,28,小青菜,0,附件1规则：水浇地单季水稻
D5,水浇地,single,29,黄瓜,0,附件1规则：水浇地单季水稻
D5,水浇地,single,30,生菜,0,附件1规则：水浇地单季水稻
D5,水浇地,single,31,辣椒,0,附件1规则：水浇地单季水稻
D5,水浇地,single,32,空心菜,0,附件1规则：水浇地单季水稻
D5,水浇地,single,33,黄心菜,0,附件1规则：水浇地单季水稻
D5,水浇地,single,34,芹菜,0,附件1规则：水浇地单季水稻
D5,水浇地,single,35,大白菜,0,附件1规则：水浇地单季水稻
D5,水浇地,single,36,白萝卜,0,附件1规则：水浇地单季水稻
D5,水浇地,single,37,红萝卜,0,附件1规则：水浇地单季水稻
D5,水浇地,single,38,榆黄菇,0,附件1规则：水浇地单季水稻
D5,水浇地,single,39,香菇,0,附件1规则：水浇地单季水稻
D5,水浇地,single,40,白灵菇,0,附件1规则：水浇地单季水稻
D5,水浇地,single,41,羊肚菌,0,附件1规则：水浇地单季水稻
D5,水浇地,first,1,黄豆,0,附件1规则：水浇地第一季蔬菜
D5,水浇地,first,2,黑豆,0,附件1规则：水浇地第一季蔬菜
D5,水浇地,first,3,红豆,0,附件1规则：水浇地第一季蔬菜
D5,水浇地,first,4,绿豆,0,附件1规则：水浇地第一季蔬菜
D5,水浇地,first,5,爬豆,0,附件1规则：水浇地第一季蔬菜
D5,水浇地,first,6,小麦,0,附件1规则：水浇地第一季蔬菜
D5,水浇地,first,7,玉米,0,附件1规则：水浇地第一季蔬菜
D5,水浇地,first,8,谷子,0,附件1规则：水浇地第一季蔬菜
D5,水浇地,first,9,高粱,0,附件1规则：水浇地第一季蔬菜
D5,水浇地,first,10,黍子,0,附件1规则：水浇地第一季蔬菜
D5,水浇地,first,11,荞麦,0,附件1规则：水浇地第一季蔬菜
D5,水浇地,first,12,南瓜,0,附件1规则：水浇地第一季蔬菜
D5,水浇地,first,13,红薯,0,附件1规则：水浇地第一季蔬菜
D5,水浇地,first,14,莜麦,0,附件1规则：水浇地第一季蔬菜
D5,水浇地,first,15,大麦,0,附件1规则：水浇地第一季蔬菜
D5,水浇地,first,16,水稻,0,附件1规则：水浇地第一季蔬菜
D5,水浇地,first,17,豇豆,1,附件1规则：水浇地第一季蔬菜
D5,水浇地,first,18,刀豆,1,附件1规则：水浇地第一季蔬菜
D5,水浇地,first,19,芸豆,1,附件1规则：水浇地第一季蔬菜
D5,水浇地,first,20,土豆,1,附件1规则：水浇地第一季蔬菜
D5,水浇地,first,21,西红柿,1,附件1规则：水浇地第一季蔬菜
D5,水浇地,first,22,茄子,1,附件1规则：水浇地第一季蔬菜
D5,水浇地,first,23,菠菜,1,附件1规则：水浇地第一季蔬菜
D5,水浇地,first,24,青椒,1,附件1规则：水浇地第一季蔬菜
D5,水浇地,first,25,菜花,1,附件1规则：水浇地第一季蔬菜
D5,水浇地,first,26,包菜,1,附件1规则：水浇地第一季蔬菜
D5,水浇地,first,27,油麦菜,1,附件1规则：水浇地第一季蔬菜
D5,水浇地,first,28,小青菜,1,附件1规则：水浇地第一季蔬菜
D5,水浇地,first,29,黄瓜,1,附件1规则：水浇地第一季蔬菜
D5,水浇地,first,30,生菜,1,附件1规则：水浇地第一季蔬菜
D5,水浇地,first,31,辣椒,1,附件1规则：水浇地第一季蔬菜
D5,水浇地,first,32,空心菜,1,附件1规则：水浇地第一季蔬菜
D5,水浇地,first,33,黄心菜,1,附件1规则：水浇地第一季蔬菜
D5,水浇地,first,34,芹菜,1,附件1规则：水浇地第一季蔬菜
D5,水浇地,first,35,大白菜,0,附件1规则：水浇地第一季蔬菜
D5,水浇地,first,36,白萝卜,0,附件1规则：水浇地第一季蔬菜
D5,水浇地,first,37,红萝卜,0,附件1规则：水浇地第一季蔬菜
D5,水浇地,first,38,榆黄菇,0,附件1规则：水浇地第一季蔬菜
D5,水浇地,first,39,香菇,0,附件1规则：水浇地第一季蔬菜
D5,水浇地,first,40,白灵菇,0,附件1规则：水浇地第一季蔬菜
D5,水浇地,first,41,羊肚菌,0,附件1规则：水浇地第一季蔬菜
D5,水浇地,second,1,黄豆,0,附件1规则：水浇地第二季三种根菜
D5,水浇地,second,2,黑豆,0,附件1规则：水浇地第二季三种根菜
D5,水浇地,second,3,红豆,0,附件1规则：水浇地第二季三种根菜
D5,水浇地,second,4,绿豆,0,附件1规则：水浇地第二季三种根菜
D5,水浇地,second,5,爬豆,0,附件1规则：水浇地第二季三种根菜
D5,水浇地,second,6,小麦,0,附件1规则：水浇地第二季三种根菜
D5,水浇地,second,7,玉米,0,附件1规则：水浇地第二季三种根菜
D5,水浇地,second,8,谷子,0,附件1规则：水浇地第二季三种根菜
D5,水浇地,second,9,高粱,0,附件1规则：水浇地第二季三种根菜
D5,水浇地,second,10,黍子,0,附件1规则：水浇地第二季三种根菜
D5,水浇地,second,11,荞麦,0,附件1规则：水浇地第二季三种根菜
D5,水浇地,second,12,南瓜,0,附件1规则：水浇地第二季三种根菜
D5,水浇地,second,13,红薯,0,附件1规则：水浇地第二季三种根菜
D5,水浇地,second,14,莜麦,0,附件1规则：水浇地第二季三种根菜
D5,水浇地,second,15,大麦,0,附件1规则：水浇地第二季三种根菜
D5,水浇地,second,16,水稻,0,附件1规则：水浇地第二季三种根菜
D5,水浇地,second,17,豇豆,0,附件1规则：水浇地第二季三种根菜
D5,水浇地,second,18,刀豆,0,附件1规则：水浇地第二季三种根菜
D5,水浇地,second,19,芸豆,0,附件1规则：水浇地第二季三种根菜
D5,水浇地,second,20,土豆,0,附件1规则：水浇地第二季三种根菜
D5,水浇地,second,21,西红柿,0,附件1规则：水浇地第二季三种根菜
D5,水浇地,second,22,茄子,0,附件1规则：水浇地第二季三种根菜
D5,水浇地,second,23,菠菜,0,附件1规则：水浇地第二季三种根菜
D5,水浇地,second,24,青椒,0,附件1规则：水浇地第二季三种根菜
D5,水浇地,second,25,菜花,0,附件1规则：水浇地第二季三种根菜
D5,水浇地,second,26,包菜,0,附件1规则：水浇地第二季三种根菜
D5,水浇地,second,27,油麦菜,0,附件1规则：水浇地第二季三种根菜
D5,水浇地,second,28,小青菜,0,附件1规则：水浇地第二季三种根菜
D5,水浇地,second,29,黄瓜,0,附件1规则：水浇地第二季三种根菜
D5,水浇地,second,30,生菜,0,附件1规则：水浇地第二季三种根菜
D5,水浇地,second,31,辣椒,0,附件1规则：水浇地第二季三种根菜
D5,水浇地,second,32,空心菜,0,附件1规则：水浇地第二季三种根菜
D5,水浇地,second,33,黄心菜,0,附件1规则：水浇地第二季三种根菜
D5,水浇地,second,34,芹菜,0,附件1规则：水浇地第二季三种根菜
D5,水浇地,second,35,大白菜,1,附件1规则：水浇地第二季三种根菜
D5,水浇地,second,36,白萝卜,1,附件1规则：水浇地第二季三种根菜
D5,水浇地,second,37,红萝卜,1,附件1规则：水浇地第二季三种根菜
D5,水浇地,second,38,榆黄菇,0,附件1规则：水浇地第二季三种根菜
D5,水浇地,second,39,香菇,0,附件1规则：水浇地第二季三种根菜
D5,水浇地,second,40,白灵菇,0,附件1规则：水浇地第二季三种根菜
D5,水浇地,second,41,羊肚菌,0,附件1规则：水浇地第二季三种根菜
D6,水浇地,single,1,黄豆,0,附件1规则：水浇地单季水稻
D6,水浇地,single,2,黑豆,0,附件1规则：水浇地单季水稻
D6,水浇地,single,3,红豆,0,附件1规则：水浇地单季水稻
D6,水浇地,single,4,绿豆,0,附件1规则：水浇地单季水稻
D6,水浇地,single,5,爬豆,0,附件1规则：水浇地单季水稻
D6,水浇地,single,6,小麦,0,附件1规则：水浇地单季水稻
D6,水浇地,single,7,玉米,0,附件1规则：水浇地单季水稻
D6,水浇地,single,8,谷子,0,附件1规则：水浇地单季水稻
D6,水浇地,single,9,高粱,0,附件1规则：水浇地单季水稻
D6,水浇地,single,10,黍子,0,附件1规则：水浇地单季水稻
D6,水浇地,single,11,荞麦,0,附件1规则：水浇地单季水稻
D6,水浇地,single,12,南瓜,0,附件1规则：水浇地单季水稻
D6,水浇地,single,13,红薯,0,附件1规则：水浇地单季水稻
D6,水浇地,single,14,莜麦,0,附件1规则：水浇地单季水稻
D6,水浇地,single,15,大麦,0,附件1规则：水浇地单季水稻
D6,水浇地,single,16,水稻,1,附件1规则：水浇地单季水稻
D6,水浇地,single,17,豇豆,0,附件1规则：水浇地单季水稻
D6,水浇地,single,18,刀豆,0,附件1规则：水浇地单季水稻
D6,水浇地,single,19,芸豆,0,附件1规则：水浇地单季水稻
D6,水浇地,single,20,土豆,0,附件1规则：水浇地单季水稻
D6,水浇地,single,21,西红柿,0,附件1规则：水浇地单季水稻
D6,水浇地,single,22,茄子,0,附件1规则：水浇地单季水稻
D6,水浇地,single,23,菠菜,0,附件1规则：水浇地单季水稻
D6,水浇地,single,24,青椒,0,附件1规则：水浇地单季水稻
D6,水浇地,single,25,菜花,0,附件1规则：水浇地单季水稻
D6,水浇地,single,26,包菜,0,附件1规则：水浇地单季水稻
D6,水浇地,single,27,油麦菜,0,附件1规则：水浇地单季水稻
D6,水浇地,single,28,小青菜,0,附件1规则：水浇地单季水稻
D6,水浇地,single,29,黄瓜,0,附件1规则：水浇地单季水稻
D6,水浇地,single,30,生菜,0,附件1规则：水浇地单季水稻
D6,水浇地,single,31,辣椒,0,附件1规则：水浇地单季水稻
D6,水浇地,single,32,空心菜,0,附件1规则：水浇地单季水稻
D6,水浇地,single,33,黄心菜,0,附件1规则：水浇地单季水稻
D6,水浇地,single,34,芹菜,0,附件1规则：水浇地单季水稻
D6,水浇地,single,35,大白菜,0,附件1规则：水浇地单季水稻
D6,水浇地,single,36,白萝卜,0,附件1规则：水浇地单季水稻
D6,水浇地,single,37,红萝卜,0,附件1规则：水浇地单季水稻
D6,水浇地,single,38,榆黄菇,0,附件1规则：水浇地单季水稻
D6,水浇地,single,39,香菇,0,附件1规则：水浇地单季水稻
D6,水浇地,single,40,白灵菇,0,附件1规则：水浇地单季水稻
D6,水浇地,single,41,羊肚菌,0,附件1规则：水浇地单季水稻
D6,水浇地,first,1,黄豆,0,附件1规则：水浇地第一季蔬菜
D6,水浇地,first,2,黑豆,0,附件1规则：水浇地第一季蔬菜
D6,水浇地,first,3,红豆,0,附件1规则：水浇地第一季蔬菜
D6,水浇地,first,4,绿豆,0,附件1规则：水浇地第一季蔬菜
D6,水浇地,first,5,爬豆,0,附件1规则：水浇地第一季蔬菜
D6,水浇地,first,6,小麦,0,附件1规则：水浇地第一季蔬菜
D6,水浇地,first,7,玉米,0,附件1规则：水浇地第一季蔬菜
D6,水浇地,first,8,谷子,0,附件1规则：水浇地第一季蔬菜
D6,水浇地,first,9,高粱,0,附件1规则：水浇地第一季蔬菜
D6,水浇地,first,10,黍子,0,附件1规则：水浇地第一季蔬菜
D6,水浇地,first,11,荞麦,0,附件1规则：水浇地第一季蔬菜
D6,水浇地,first,12,南瓜,0,附件1规则：水浇地第一季蔬菜
D6,水浇地,first,13,红薯,0,附件1规则：水浇地第一季蔬菜
D6,水浇地,first,14,莜麦,0,附件1规则：水浇地第一季蔬菜
D6,水浇地,first,15,大麦,0,附件1规则：水浇地第一季蔬菜
D6,水浇地,first,16,水稻,0,附件1规则：水浇地第一季蔬菜
D6,水浇地,first,17,豇豆,1,附件1规则：水浇地第一季蔬菜
D6,水浇地,first,18,刀豆,1,附件1规则：水浇地第一季蔬菜
D6,水浇地,first,19,芸豆,1,附件1规则：水浇地第一季蔬菜
D6,水浇地,first,20,土豆,1,附件1规则：水浇地第一季蔬菜
D6,水浇地,first,21,西红柿,1,附件1规则：水浇地第一季蔬菜
D6,水浇地,first,22,茄子,1,附件1规则：水浇地第一季蔬菜
D6,水浇地,first,23,菠菜,1,附件1规则：水浇地第一季蔬菜
D6,水浇地,first,24,青椒,1,附件1规则：水浇地第一季蔬菜
D6,水浇地,first,25,菜花,1,附件1规则：水浇地第一季蔬菜
D6,水浇地,first,26,包菜,1,附件1规则：水浇地第一季蔬菜
D6,水浇地,first,27,油麦菜,1,附件1规则：水浇地第一季蔬菜
D6,水浇地,first,28,小青菜,1,附件1规则：水浇地第一季蔬菜
D6,水浇地,first,29,黄瓜,1,附件1规则：水浇地第一季蔬菜
D6,水浇地,first,30,生菜,1,附件1规则：水浇地第一季蔬菜
D6,水浇地,first,31,辣椒,1,附件1规则：水浇地第一季蔬菜
D6,水浇地,first,32,空心菜,1,附件1规则：水浇地第一季蔬菜
D6,水浇地,first,33,黄心菜,1,附件1规则：水浇地第一季蔬菜
D6,水浇地,first,34,芹菜,1,附件1规则：水浇地第一季蔬菜
D6,水浇地,first,35,大白菜,0,附件1规则：水浇地第一季蔬菜
D6,水浇地,first,36,白萝卜,0,附件1规则：水浇地第一季蔬菜
D6,水浇地,first,37,红萝卜,0,附件1规则：水浇地第一季蔬菜
D6,水浇地,first,38,榆黄菇,0,附件1规则：水浇地第一季蔬菜
D6,水浇地,first,39,香菇,0,附件1规则：水浇地第一季蔬菜
D6,水浇地,first,40,白灵菇,0,附件1规则：水浇地第一季蔬菜
D6,水浇地,first,41,羊肚菌,0,附件1规则：水浇地第一季蔬菜
D6,水浇地,second,1,黄豆,0,附件1规则：水浇地第二季三种根菜
D6,水浇地,second,2,黑豆,0,附件1规则：水浇地第二季三种根菜
D6,水浇地,second,3,红豆,0,附件1规则：水浇地第二季三种根菜
D6,水浇地,second,4,绿豆,0,附件1规则：水浇地第二季三种根菜
D6,水浇地,second,5,爬豆,0,附件1规则：水浇地第二季三种根菜
D6,水浇地,second,6,小麦,0,附件1规则：水浇地第二季三种根菜
D6,水浇地,second,7,玉米,0,附件1规则：水浇地第二季三种根菜
D6,水浇地,second,8,谷子,0,附件1规则：水浇地第二季三种根菜
D6,水浇地,second,9,高粱,0,附件1规则：水浇地第二季三种根菜
D6,水浇地,second,10,黍子,0,附件1规则：水浇地第二季三种根菜
D6,水浇地,second,11,荞麦,0,附件1规则：水浇地第二季三种根菜
D6,水浇地,second,12,南瓜,0,附件1规则：水浇地第二季三种根菜
D6,水浇地,second,13,红薯,0,附件1规则：水浇地第二季三种根菜
D6,水浇地,second,14,莜麦,0,附件1规则：水浇地第二季三种根菜
D6,水浇地,second,15,大麦,0,附件1规则：水浇地第二季三种根菜
D6,水浇地,second,16,水稻,0,附件1规则：水浇地第二季三种根菜
D6,水浇地,second,17,豇豆,0,附件1规则：水浇地第二季三种根菜
D6,水浇地,second,18,刀豆,0,附件1规则：水浇地第二季三种根菜
D6,水浇地,second,19,芸豆,0,附件1规则：水浇地第二季三种根菜
D6,水浇地,second,20,土豆,0,附件1规则：水浇地第二季三种根菜
D6,水浇地,second,21,西红柿,0,附件1规则：水浇地第二季三种根菜
D6,水浇地,second,22,茄子,0,附件1规则：水浇地第二季三种根菜
D6,水浇地,second,23,菠菜,0,附件1规则：水浇地第二季三种根菜
D6,水浇地,second,24,青椒,0,附件1规则：水浇地第二季三种根菜
D6,水浇地,second,25,菜花,0,附件1规则：水浇地第二季三种根菜
D6,水浇地,second,26,包菜,0,附件1规则：水浇地第二季三种根菜
D6,水浇地,second,27,油麦菜,0,附件1规则：水浇地第二季三种根菜
D6,水浇地,second,28,小青菜,0,附件1规则：水浇地第二季三种根菜
D6,水浇地,second,29,黄瓜,0,附件1规则：水浇地第二季三种根菜
D6,水浇地,second,30,生菜,0,附件1规则：水浇地第二季三种根菜
D6,水浇地,second,31,辣椒,0,附件1规则：水浇地第二季三种根菜
D6,水浇地,second,32,空心菜,0,附件1规则：水浇地第二季三种根菜
D6,水浇地,second,33,黄心菜,0,附件1规则：水浇地第二季三种根菜
D6,水浇地,second,34,芹菜,0,附件1规则：水浇地第二季三种根菜
D6,水浇地,second,35,大白菜,1,附件1规则：水浇地第二季三种根菜
D6,水浇地,second,36,白萝卜,1,附件1规则：水浇地第二季三种根菜
D6,水浇地,second,37,红萝卜,1,附件1规则：水浇地第二季三种根菜
D6,水浇地,second,38,榆黄菇,0,附件1规则：水浇地第二季三种根菜
D6,水浇地,second,39,香菇,0,附件1规则：水浇地第二季三种根菜
D6,水浇地,second,40,白灵菇,0,附件1规则：水浇地第二季三种根菜
D6,水浇地,second,41,羊肚菌,0,附件1规则：水浇地第二季三种根菜
D7,水浇地,single,1,黄豆,0,附件1规则：水浇地单季水稻
D7,水浇地,single,2,黑豆,0,附件1规则：水浇地单季水稻
D7,水浇地,single,3,红豆,0,附件1规则：水浇地单季水稻
D7,水浇地,single,4,绿豆,0,附件1规则：水浇地单季水稻
D7,水浇地,single,5,爬豆,0,附件1规则：水浇地单季水稻
D7,水浇地,single,6,小麦,0,附件1规则：水浇地单季水稻
D7,水浇地,single,7,玉米,0,附件1规则：水浇地单季水稻
D7,水浇地,single,8,谷子,0,附件1规则：水浇地单季水稻
D7,水浇地,single,9,高粱,0,附件1规则：水浇地单季水稻
D7,水浇地,single,10,黍子,0,附件1规则：水浇地单季水稻
D7,水浇地,single,11,荞麦,0,附件1规则：水浇地单季水稻
D7,水浇地,single,12,南瓜,0,附件1规则：水浇地单季水稻
D7,水浇地,single,13,红薯,0,附件1规则：水浇地单季水稻
D7,水浇地,single,14,莜麦,0,附件1规则：水浇地单季水稻
D7,水浇地,single,15,大麦,0,附件1规则：水浇地单季水稻
D7,水浇地,single,16,水稻,1,附件1规则：水浇地单季水稻
D7,水浇地,single,17,豇豆,0,附件1规则：水浇地单季水稻
D7,水浇地,single,18,刀豆,0,附件1规则：水浇地单季水稻
D7,水浇地,single,19,芸豆,0,附件1规则：水浇地单季水稻
D7,水浇地,single,20,土豆,0,附件1规则：水浇地单季水稻
D7,水浇地,single,21,西红柿,0,附件1规则：水浇地单季水稻
D7,水浇地,single,22,茄子,0,附件1规则：水浇地单季水稻
D7,水浇地,single,23,菠菜,0,附件1规则：水浇地单季水稻
D7,水浇地,single,24,青椒,0,附件1规则：水浇地单季水稻
D7,水浇地,single,25,菜花,0,附件1规则：水浇地单季水稻
D7,水浇地,single,26,包菜,0,附件1规则：水浇地单季水稻
D7,水浇地,single,27,油麦菜,0,附件1规则：水浇地单季水稻
D7,水浇地,single,28,小青菜,0,附件1规则：水浇地单季水稻
D7,水浇地,single,29,黄瓜,0,附件1规则：水浇地单季水稻
D7,水浇地,single,30,生菜,0,附件1规则：水浇地单季水稻
D7,水浇地,single,31,辣椒,0,附件1规则：水浇地单季水稻
D7,水浇地,single,32,空心菜,0,附件1规则：水浇地单季水稻
D7,水浇地,single,33,黄心菜,0,附件1规则：水浇地单季水稻
D7,水浇地,single,34,芹菜,0,附件1规则：水浇地单季水稻
D7,水浇地,single,35,大白菜,0,附件1规则：水浇地单季水稻
D7,水浇地,single,36,白萝卜,0,附件1规则：水浇地单季水稻
D7,水浇地,single,37,红萝卜,0,附件1规则：水浇地单季水稻
D7,水浇地,single,38,榆黄菇,0,附件1规则：水浇地单季水稻
D7,水浇地,single,39,香菇,0,附件1规则：水浇地单季水稻
D7,水浇地,single,40,白灵菇,0,附件1规则：水浇地单季水稻
D7,水浇地,single,41,羊肚菌,0,附件1规则：水浇地单季水稻
D7,水浇地,first,1,黄豆,0,附件1规则：水浇地第一季蔬菜
D7,水浇地,first,2,黑豆,0,附件1规则：水浇地第一季蔬菜
D7,水浇地,first,3,红豆,0,附件1规则：水浇地第一季蔬菜
D7,水浇地,first,4,绿豆,0,附件1规则：水浇地第一季蔬菜
D7,水浇地,first,5,爬豆,0,附件1规则：水浇地第一季蔬菜
D7,水浇地,first,6,小麦,0,附件1规则：水浇地第一季蔬菜
D7,水浇地,first,7,玉米,0,附件1规则：水浇地第一季蔬菜
D7,水浇地,first,8,谷子,0,附件1规则：水浇地第一季蔬菜
D7,水浇地,first,9,高粱,0,附件1规则：水浇地第一季蔬菜
D7,水浇地,first,10,黍子,0,附件1规则：水浇地第一季蔬菜
D7,水浇地,first,11,荞麦,0,附件1规则：水浇地第一季蔬菜
D7,水浇地,first,12,南瓜,0,附件1规则：水浇地第一季蔬菜
D7,水浇地,first,13,红薯,0,附件1规则：水浇地第一季蔬菜
D7,水浇地,first,14,莜麦,0,附件1规则：水浇地第一季蔬菜
D7,水浇地,first,15,大麦,0,附件1规则：水浇地第一季蔬菜
D7,水浇地,first,16,水稻,0,附件1规则：水浇地第一季蔬菜
D7,水浇地,first,17,豇豆,1,附件1规则：水浇地第一季蔬菜
D7,水浇地,first,18,刀豆,1,附件1规则：水浇地第一季蔬菜
D7,水浇地,first,19,芸豆,1,附件1规则：水浇地第一季蔬菜
D7,水浇地,first,20,土豆,1,附件1规则：水浇地第一季蔬菜
D7,水浇地,first,21,西红柿,1,附件1规则：水浇地第一季蔬菜
D7,水浇地,first,22,茄子,1,附件1规则：水浇地第一季蔬菜
D7,水浇地,first,23,菠菜,1,附件1规则：水浇地第一季蔬菜
D7,水浇地,first,24,青椒,1,附件1规则：水浇地第一季蔬菜
D7,水浇地,first,25,菜花,1,附件1规则：水浇地第一季蔬菜
D7,水浇地,first,26,包菜,1,附件1规则：水浇地第一季蔬菜
D7,水浇地,first,27,油麦菜,1,附件1规则：水浇地第一季蔬菜
D7,水浇地,first,28,小青菜,1,附件1规则：水浇地第一季蔬菜
D7,水浇地,first,29,黄瓜,1,附件1规则：水浇地第一季蔬菜
D7,水浇地,first,30,生菜,1,附件1规则：水浇地第一季蔬菜
D7,水浇地,first,31,辣椒,1,附件1规则：水浇地第一季蔬菜
D7,水浇地,first,32,空心菜,1,附件1规则：水浇地第一季蔬菜
D7,水浇地,first,33,黄心菜,1,附件1规则：水浇地第一季蔬菜
D7,水浇地,first,34,芹菜,1,附件1规则：水浇地第一季蔬菜
D7,水浇地,first,35,大白菜,0,附件1规则：水浇地第一季蔬菜
D7,水浇地,first,36,白萝卜,0,附件1规则：水浇地第一季蔬菜
D7,水浇地,first,37,红萝卜,0,附件1规则：水浇地第一季蔬菜
D7,水浇地,first,38,榆黄菇,0,附件1规则：水浇地第一季蔬菜
D7,水浇地,first,39,香菇,0,附件1规则：水浇地第一季蔬菜
D7,水浇地,first,40,白灵菇,0,附件1规则：水浇地第一季蔬菜
D7,水浇地,first,41,羊肚菌,0,附件1规则：水浇地第一季蔬菜
D7,水浇地,second,1,黄豆,0,附件1规则：水浇地第二季三种根菜
D7,水浇地,second,2,黑豆,0,附件1规则：水浇地第二季三种根菜
D7,水浇地,second,3,红豆,0,附件1规则：水浇地第二季三种根菜
D7,水浇地,second,4,绿豆,0,附件1规则：水浇地第二季三种根菜
D7,水浇地,second,5,爬豆,0,附件1规则：水浇地第二季三种根菜
D7,水浇地,second,6,小麦,0,附件1规则：水浇地第二季三种根菜
D7,水浇地,second,7,玉米,0,附件1规则：水浇地第二季三种根菜
D7,水浇地,second,8,谷子,0,附件1规则：水浇地第二季三种根菜
D7,水浇地,second,9,高粱,0,附件1规则：水浇地第二季三种根菜
D7,水浇地,second,10,黍子,0,附件1规则：水浇地第二季三种根菜
D7,水浇地,second,11,荞麦,0,附件1规则：水浇地第二季三种根菜
D7,水浇地,second,12,南瓜,0,附件1规则：水浇地第二季三种根菜
D7,水浇地,second,13,红薯,0,附件1规则：水浇地第二季三种根菜
D7,水浇地,second,14,莜麦,0,附件1规则：水浇地第二季三种根菜
D7,水浇地,second,15,大麦,0,附件1规则：水浇地第二季三种根菜
D7,水浇地,second,16,水稻,0,附件1规则：水浇地第二季三种根菜
D7,水浇地,second,17,豇豆,0,附件1规则：水浇地第二季三种根菜
D7,水浇地,second,18,刀豆,0,附件1规则：水浇地第二季三种根菜
D7,水浇地,second,19,芸豆,0,附件1规则：水浇地第二季三种根菜
D7,水浇地,second,20,土豆,0,附件1规则：水浇地第二季三种根菜
D7,水浇地,second,21,西红柿,0,附件1规则：水浇地第二季三种根菜
D7,水浇地,second,22,茄子,0,附件1规则：水浇地第二季三种根菜
D7,水浇地,second,23,菠菜,0,附件1规则：水浇地第二季三种根菜
D7,水浇地,second,24,青椒,0,附件1规则：水浇地第二季三种根菜
D7,水浇地,second,25,菜花,0,附件1规则：水浇地第二季三种根菜
D7,水浇地,second,26,包菜,0,附件1规则：水浇地第二季三种根菜
D7,水浇地,second,27,油麦菜,0,附件1规则：水浇地第二季三种根菜
D7,水浇地,second,28,小青菜,0,附件1规则：水浇地第二季三种根菜
D7,水浇地,second,29,黄瓜,0,附件1规则：水浇地第二季三种根菜
D7,水浇地,second,30,生菜,0,附件1规则：水浇地第二季三种根菜
D7,水浇地,second,31,辣椒,0,附件1规则：水浇地第二季三种根菜
D7,水浇地,second,32,空心菜,0,附件1规则：水浇地第二季三种根菜
D7,水浇地,second,33,黄心菜,0,附件1规则：水浇地第二季三种根菜
D7,水浇地,second,34,芹菜,0,附件1规则：水浇地第二季三种根菜
D7,水浇地,second,35,大白菜,1,附件1规则：水浇地第二季三种根菜
D7,水浇地,second,36,白萝卜,1,附件1规则：水浇地第二季三种根菜
D7,水浇地,second,37,红萝卜,1,附件1规则：水浇地第二季三种根菜
D7,水浇地,second,38,榆黄菇,0,附件1规则：水浇地第二季三种根菜
D7,水浇地,second,39,香菇,0,附件1规则：水浇地第二季三种根菜
D7,水浇地,second,40,白灵菇,0,附件1规则：水浇地第二季三种根菜
D7,水浇地,second,41,羊肚菌,0,附件1规则：水浇地第二季三种根菜
D8,水浇地,single,1,黄豆,0,附件1规则：水浇地单季水稻
D8,水浇地,single,2,黑豆,0,附件1规则：水浇地单季水稻
D8,水浇地,single,3,红豆,0,附件1规则：水浇地单季水稻
D8,水浇地,single,4,绿豆,0,附件1规则：水浇地单季水稻
D8,水浇地,single,5,爬豆,0,附件1规则：水浇地单季水稻
D8,水浇地,single,6,小麦,0,附件1规则：水浇地单季水稻
D8,水浇地,single,7,玉米,0,附件1规则：水浇地单季水稻
D8,水浇地,single,8,谷子,0,附件1规则：水浇地单季水稻
D8,水浇地,single,9,高粱,0,附件1规则：水浇地单季水稻
D8,水浇地,single,10,黍子,0,附件1规则：水浇地单季水稻
D8,水浇地,single,11,荞麦,0,附件1规则：水浇地单季水稻
D8,水浇地,single,12,南瓜,0,附件1规则：水浇地单季水稻
D8,水浇地,single,13,红薯,0,附件1规则：水浇地单季水稻
D8,水浇地,single,14,莜麦,0,附件1规则：水浇地单季水稻
D8,水浇地,single,15,大麦,0,附件1规则：水浇地单季水稻
D8,水浇地,single,16,水稻,1,附件1规则：水浇地单季水稻
D8,水浇地,single,17,豇豆,0,附件1规则：水浇地单季水稻
D8,水浇地,single,18,刀豆,0,附件1规则：水浇地单季水稻
D8,水浇地,single,19,芸豆,0,附件1规则：水浇地单季水稻
D8,水浇地,single,20,土豆,0,附件1规则：水浇地单季水稻
D8,水浇地,single,21,西红柿,0,附件1规则：水浇地单季水稻
D8,水浇地,single,22,茄子,0,附件1规则：水浇地单季水稻
D8,水浇地,single,23,菠菜,0,附件1规则：水浇地单季水稻
D8,水浇地,single,24,青椒,0,附件1规则：水浇地单季水稻
D8,水浇地,single,25,菜花,0,附件1规则：水浇地单季水稻
D8,水浇地,single,26,包菜,0,附件1规则：水浇地单季水稻
D8,水浇地,single,27,油麦菜,0,附件1规则：水浇地单季水稻
D8,水浇地,single,28,小青菜,0,附件1规则：水浇地单季水稻
D8,水浇地,single,29,黄瓜,0,附件1规则：水浇地单季水稻
D8,水浇地,single,30,生菜,0,附件1规则：水浇地单季水稻
D8,水浇地,single,31,辣椒,0,附件1规则：水浇地单季水稻
D8,水浇地,single,32,空心菜,0,附件1规则：水浇地单季水稻
D8,水浇地,single,33,黄心菜,0,附件1规则：水浇地单季水稻
D8,水浇地,single,34,芹菜,0,附件1规则：水浇地单季水稻
D8,水浇地,single,35,大白菜,0,附件1规则：水浇地单季水稻
D8,水浇地,single,36,白萝卜,0,附件1规则：水浇地单季水稻
D8,水浇地,single,37,红萝卜,0,附件1规则：水浇地单季水稻
D8,水浇地,single,38,榆黄菇,0,附件1规则：水浇地单季水稻
D8,水浇地,single,39,香菇,0,附件1规则：水浇地单季水稻
D8,水浇地,single,40,白灵菇,0,附件1规则：水浇地单季水稻
D8,水浇地,single,41,羊肚菌,0,附件1规则：水浇地单季水稻
D8,水浇地,first,1,黄豆,0,附件1规则：水浇地第一季蔬菜
D8,水浇地,first,2,黑豆,0,附件1规则：水浇地第一季蔬菜
D8,水浇地,first,3,红豆,0,附件1规则：水浇地第一季蔬菜
D8,水浇地,first,4,绿豆,0,附件1规则：水浇地第一季蔬菜
D8,水浇地,first,5,爬豆,0,附件1规则：水浇地第一季蔬菜
D8,水浇地,first,6,小麦,0,附件1规则：水浇地第一季蔬菜
D8,水浇地,first,7,玉米,0,附件1规则：水浇地第一季蔬菜
D8,水浇地,first,8,谷子,0,附件1规则：水浇地第一季蔬菜
D8,水浇地,first,9,高粱,0,附件1规则：水浇地第一季蔬菜
D8,水浇地,first,10,黍子,0,附件1规则：水浇地第一季蔬菜
D8,水浇地,first,11,荞麦,0,附件1规则：水浇地第一季蔬菜
D8,水浇地,first,12,南瓜,0,附件1规则：水浇地第一季蔬菜
D8,水浇地,first,13,红薯,0,附件1规则：水浇地第一季蔬菜
D8,水浇地,first,14,莜麦,0,附件1规则：水浇地第一季蔬菜
D8,水浇地,first,15,大麦,0,附件1规则：水浇地第一季蔬菜
D8,水浇地,first,16,水稻,0,附件1规则：水浇地第一季蔬菜
D8,水浇地,first,17,豇豆,1,附件1规则：水浇地第一季蔬菜
D8,水浇地,first,18,刀豆,1,附件1规则：水浇地第一季蔬菜
D8,水浇地,first,19,芸豆,1,附件1规则：水浇地第一季蔬菜
D8,水浇地,first,20,土豆,1,附件1规则：水浇地第一季蔬菜
D8,水浇地,first,21,西红柿,1,附件1规则：水浇地第一季蔬菜
D8,水浇地,first,22,茄子,1,附件1规则：水浇地第一季蔬菜
D8,水浇地,first,23,菠菜,1,附件1规则：水浇地第一季蔬菜
D8,水浇地,first,24,青椒,1,附件1规则：水浇地第一季蔬菜
D8,水浇地,first,25,菜花,1,附件1规则：水浇地第一季蔬菜
D8,水浇地,first,26,包菜,1,附件1规则：水浇地第一季蔬菜
D8,水浇地,first,27,油麦菜,1,附件1规则：水浇地第一季蔬菜
D8,水浇地,first,28,小青菜,1,附件1规则：水浇地第一季蔬菜
D8,水浇地,first,29,黄瓜,1,附件1规则：水浇地第一季蔬菜
D8,水浇地,first,30,生菜,1,附件1规则：水浇地第一季蔬菜
D8,水浇地,first,31,辣椒,1,附件1规则：水浇地第一季蔬菜
D8,水浇地,first,32,空心菜,1,附件1规则：水浇地第一季蔬菜
D8,水浇地,first,33,黄心菜,1,附件1规则：水浇地第一季蔬菜
D8,水浇地,first,34,芹菜,1,附件1规则：水浇地第一季蔬菜
D8,水浇地,first,35,大白菜,0,附件1规则：水浇地第一季蔬菜
D8,水浇地,first,36,白萝卜,0,附件1规则：水浇地第一季蔬菜
D8,水浇地,first,37,红萝卜,0,附件1规则：水浇地第一季蔬菜
D8,水浇地,first,38,榆黄菇,0,附件1规则：水浇地第一季蔬菜
D8,水浇地,first,39,香菇,0,附件1规则：水浇地第一季蔬菜
D8,水浇地,first,40,白灵菇,0,附件1规则：水浇地第一季蔬菜
D8,水浇地,first,41,羊肚菌,0,附件1规则：水浇地第一季蔬菜
D8,水浇地,second,1,黄豆,0,附件1规则：水浇地第二季三种根菜
D8,水浇地,second,2,黑豆,0,附件1规则：水浇地第二季三种根菜
D8,水浇地,second,3,红豆,0,附件1规则：水浇地第二季三种根菜
D8,水浇地,second,4,绿豆,0,附件1规则：水浇地第二季三种根菜
D8,水浇地,second,5,爬豆,0,附件1规则：水浇地第二季三种根菜
D8,水浇地,second,6,小麦,0,附件1规则：水浇地第二季三种根菜
D8,水浇地,second,7,玉米,0,附件1规则：水浇地第二季三种根菜
D8,水浇地,second,8,谷子,0,附件1规则：水浇地第二季三种根菜
D8,水浇地,second,9,高粱,0,附件1规则：水浇地第二季三种根菜
D8,水浇地,second,10,黍子,0,附件1规则：水浇地第二季三种根菜
D8,水浇地,second,11,荞麦,0,附件1规则：水浇地第二季三种根菜
D8,水浇地,second,12,南瓜,0,附件1规则：水浇地第二季三种根菜
D8,水浇地,second,13,红薯,0,附件1规则：水浇地第二季三种根菜
D8,水浇地,second,14,莜麦,0,附件1规则：水浇地第二季三种根菜
D8,水浇地,second,15,大麦,0,附件1规则：水浇地第二季三种根菜
D8,水浇地,second,16,水稻,0,附件1规则：水浇地第二季三种根菜
D8,水浇地,second,17,豇豆,0,附件1规则：水浇地第二季三种根菜
D8,水浇地,second,18,刀豆,0,附件1规则：水浇地第二季三种根菜
D8,水浇地,second,19,芸豆,0,附件1规则：水浇地第二季三种根菜
D8,水浇地,second,20,土豆,0,附件1规则：水浇地第二季三种根菜
D8,水浇地,second,21,西红柿,0,附件1规则：水浇地第二季三种根菜
D8,水浇地,second,22,茄子,0,附件1规则：水浇地第二季三种根菜
D8,水浇地,second,23,菠菜,0,附件1规则：水浇地第二季三种根菜
D8,水浇地,second,24,青椒,0,附件1规则：水浇地第二季三种根菜
D8,水浇地,second,25,菜花,0,附件1规则：水浇地第二季三种根菜
D8,水浇地,second,26,包菜,0,附件1规则：水浇地第二季三种根菜
D8,水浇地,second,27,油麦菜,0,附件1规则：水浇地第二季三种根菜
D8,水浇地,second,28,小青菜,0,附件1规则：水浇地第二季三种根菜
D8,水浇地,second,29,黄瓜,0,附件1规则：水浇地第二季三种根菜
D8,水浇地,second,30,生菜,0,附件1规则：水浇地第二季三种根菜
D8,水浇地,second,31,辣椒,0,附件1规则：水浇地第二季三种根菜
D8,水浇地,second,32,空心菜,0,附件1规则：水浇地第二季三种根菜
D8,水浇地,second,33,黄心菜,0,附件1规则：水浇地第二季三种根菜
D8,水浇地,second,34,芹菜,0,附件1规则：水浇地第二季三种根菜
D8,水浇地,second,35,大白菜,1,附件1规则：水浇地第二季三种根菜
D8,水浇地,second,36,白萝卜,1,附件1规则：水浇地第二季三种根菜
D8,水浇地,second,37,红萝卜,1,附件1规则：水浇地第二季三种根菜
D8,水浇地,second,38,榆黄菇,0,附件1规则：水浇地第二季三种根菜
D8,水浇地,second,39,香菇,0,附件1规则：水浇地第二季三种根菜
D8,水浇地,second,40,白灵菇,0,附件1规则：水浇地第二季三种根菜
D8,水浇地,second,41,羊肚菌,0,附件1规则：水浇地第二季三种根菜
E1,普通大棚,first,1,黄豆,0,附件1规则：普通大棚第一季蔬菜
E1,普通大棚,first,2,黑豆,0,附件1规则：普通大棚第一季蔬菜
E1,普通大棚,first,3,红豆,0,附件1规则：普通大棚第一季蔬菜
E1,普通大棚,first,4,绿豆,0,附件1规则：普通大棚第一季蔬菜
E1,普通大棚,first,5,爬豆,0,附件1规则：普通大棚第一季蔬菜
E1,普通大棚,first,6,小麦,0,附件1规则：普通大棚第一季蔬菜
E1,普通大棚,first,7,玉米,0,附件1规则：普通大棚第一季蔬菜
E1,普通大棚,first,8,谷子,0,附件1规则：普通大棚第一季蔬菜
E1,普通大棚,first,9,高粱,0,附件1规则：普通大棚第一季蔬菜
E1,普通大棚,first,10,黍子,0,附件1规则：普通大棚第一季蔬菜
E1,普通大棚,first,11,荞麦,0,附件1规则：普通大棚第一季蔬菜
E1,普通大棚,first,12,南瓜,0,附件1规则：普通大棚第一季蔬菜
E1,普通大棚,first,13,红薯,0,附件1规则：普通大棚第一季蔬菜
E1,普通大棚,first,14,莜麦,0,附件1规则：普通大棚第一季蔬菜
E1,普通大棚,first,15,大麦,0,附件1规则：普通大棚第一季蔬菜
E1,普通大棚,first,16,水稻,0,附件1规则：普通大棚第一季蔬菜
E1,普通大棚,first,17,豇豆,1,附件1规则：普通大棚第一季蔬菜
E1,普通大棚,first,18,刀豆,1,附件1规则：普通大棚第一季蔬菜
E1,普通大棚,first,19,芸豆,1,附件1规则：普通大棚第一季蔬菜
E1,普通大棚,first,20,土豆,1,附件1规则：普通大棚第一季蔬菜
E1,普通大棚,first,21,西红柿,1,附件1规则：普通大棚第一季蔬菜
E1,普通大棚,first,22,茄子,1,附件1规则：普通大棚第一季蔬菜
E1,普通大棚,first,23,菠菜,1,附件1规则：普通大棚第一季蔬菜
E1,普通大棚,first,24,青椒,1,附件1规则：普通大棚第一季蔬菜
E1,普通大棚,first,25,菜花,1,附件1规则：普通大棚第一季蔬菜
E1,普通大棚,first,26,包菜,1,附件1规则：普通大棚第一季蔬菜
E1,普通大棚,first,27,油麦菜,1,附件1规则：普通大棚第一季蔬菜
E1,普通大棚,first,28,小青菜,1,附件1规则：普通大棚第一季蔬菜
E1,普通大棚,first,29,黄瓜,1,附件1规则：普通大棚第一季蔬菜
E1,普通大棚,first,30,生菜,1,附件1规则：普通大棚第一季蔬菜
E1,普通大棚,first,31,辣椒,1,附件1规则：普通大棚第一季蔬菜
E1,普通大棚,first,32,空心菜,1,附件1规则：普通大棚第一季蔬菜
E1,普通大棚,first,33,黄心菜,1,附件1规则：普通大棚第一季蔬菜
E1,普通大棚,first,34,芹菜,1,附件1规则：普通大棚第一季蔬菜
E1,普通大棚,first,35,大白菜,0,附件1规则：普通大棚第一季蔬菜
E1,普通大棚,first,36,白萝卜,0,附件1规则：普通大棚第一季蔬菜
E1,普通大棚,first,37,红萝卜,0,附件1规则：普通大棚第一季蔬菜
E1,普通大棚,first,38,榆黄菇,0,附件1规则：普通大棚第一季蔬菜
E1,普通大棚,first,39,香菇,0,附件1规则：普通大棚第一季蔬菜
E1,普通大棚,first,40,白灵菇,0,附件1规则：普通大棚第一季蔬菜
E1,普通大棚,first,41,羊肚菌,0,附件1规则：普通大棚第一季蔬菜
E1,普通大棚,second,1,黄豆,0,附件1规则：普通大棚第二季食用菌
E1,普通大棚,second,2,黑豆,0,附件1规则：普通大棚第二季食用菌
E1,普通大棚,second,3,红豆,0,附件1规则：普通大棚第二季食用菌
E1,普通大棚,second,4,绿豆,0,附件1规则：普通大棚第二季食用菌
E1,普通大棚,second,5,爬豆,0,附件1规则：普通大棚第二季食用菌
E1,普通大棚,second,6,小麦,0,附件1规则：普通大棚第二季食用菌
E1,普通大棚,second,7,玉米,0,附件1规则：普通大棚第二季食用菌
E1,普通大棚,second,8,谷子,0,附件1规则：普通大棚第二季食用菌
E1,普通大棚,second,9,高粱,0,附件1规则：普通大棚第二季食用菌
E1,普通大棚,second,10,黍子,0,附件1规则：普通大棚第二季食用菌
E1,普通大棚,second,11,荞麦,0,附件1规则：普通大棚第二季食用菌
E1,普通大棚,second,12,南瓜,0,附件1规则：普通大棚第二季食用菌
E1,普通大棚,second,13,红薯,0,附件1规则：普通大棚第二季食用菌
E1,普通大棚,second,14,莜麦,0,附件1规则：普通大棚第二季食用菌
E1,普通大棚,second,15,大麦,0,附件1规则：普通大棚第二季食用菌
E1,普通大棚,second,16,水稻,0,附件1规则：普通大棚第二季食用菌
E1,普通大棚,second,17,豇豆,0,附件1规则：普通大棚第二季食用菌
E1,普通大棚,second,18,刀豆,0,附件1规则：普通大棚第二季食用菌
E1,普通大棚,second,19,芸豆,0,附件1规则：普通大棚第二季食用菌
E1,普通大棚,second,20,土豆,0,附件1规则：普通大棚第二季食用菌
E1,普通大棚,second,21,西红柿,0,附件1规则：普通大棚第二季食用菌
E1,普通大棚,second,22,茄子,0,附件1规则：普通大棚第二季食用菌
E1,普通大棚,second,23,菠菜,0,附件1规则：普通大棚第二季食用菌
E1,普通大棚,second,24,青椒,0,附件1规则：普通大棚第二季食用菌
E1,普通大棚,second,25,菜花,0,附件1规则：普通大棚第二季食用菌
E1,普通大棚,second,26,包菜,0,附件1规则：普通大棚第二季食用菌
E1,普通大棚,second,27,油麦菜,0,附件1规则：普通大棚第二季食用菌
E1,普通大棚,second,28,小青菜,0,附件1规则：普通大棚第二季食用菌
E1,普通大棚,second,29,黄瓜,0,附件1规则：普通大棚第二季食用菌
E1,普通大棚,second,30,生菜,0,附件1规则：普通大棚第二季食用菌
E1,普通大棚,second,31,辣椒,0,附件1规则：普通大棚第二季食用菌
E1,普通大棚,second,32,空心菜,0,附件1规则：普通大棚第二季食用菌
E1,普通大棚,second,33,黄心菜,0,附件1规则：普通大棚第二季食用菌
E1,普通大棚,second,34,芹菜,0,附件1规则：普通大棚第二季食用菌
E1,普通大棚,second,35,大白菜,0,附件1规则：普通大棚第二季食用菌
E1,普通大棚,second,36,白萝卜,0,附件1规则：普通大棚第二季食用菌
E1,普通大棚,second,37,红萝卜,0,附件1规则：普通大棚第二季食用菌
E1,普通大棚,second,38,榆黄菇,1,附件1规则：普通大棚第二季食用菌
E1,普通大棚,second,39,香菇,1,附件1规则：普通大棚第二季食用菌
E1,普通大棚,second,40,白灵菇,1,附件1规则：普通大棚第二季食用菌
E1,普通大棚,second,41,羊肚菌,1,附件1规则：普通大棚第二季食用菌
E2,普通大棚,first,1,黄豆,0,附件1规则：普通大棚第一季蔬菜
E2,普通大棚,first,2,黑豆,0,附件1规则：普通大棚第一季蔬菜
E2,普通大棚,first,3,红豆,0,附件1规则：普通大棚第一季蔬菜
E2,普通大棚,first,4,绿豆,0,附件1规则：普通大棚第一季蔬菜
E2,普通大棚,first,5,爬豆,0,附件1规则：普通大棚第一季蔬菜
E2,普通大棚,first,6,小麦,0,附件1规则：普通大棚第一季蔬菜
E2,普通大棚,first,7,玉米,0,附件1规则：普通大棚第一季蔬菜
E2,普通大棚,first,8,谷子,0,附件1规则：普通大棚第一季蔬菜
E2,普通大棚,first,9,高粱,0,附件1规则：普通大棚第一季蔬菜
E2,普通大棚,first,10,黍子,0,附件1规则：普通大棚第一季蔬菜
E2,普通大棚,first,11,荞麦,0,附件1规则：普通大棚第一季蔬菜
E2,普通大棚,first,12,南瓜,0,附件1规则：普通大棚第一季蔬菜
E2,普通大棚,first,13,红薯,0,附件1规则：普通大棚第一季蔬菜
E2,普通大棚,first,14,莜麦,0,附件1规则：普通大棚第一季蔬菜
E2,普通大棚,first,15,大麦,0,附件1规则：普通大棚第一季蔬菜
E2,普通大棚,first,16,水稻,0,附件1规则：普通大棚第一季蔬菜
E2,普通大棚,first,17,豇豆,1,附件1规则：普通大棚第一季蔬菜
E2,普通大棚,first,18,刀豆,1,附件1规则：普通大棚第一季蔬菜
E2,普通大棚,first,19,芸豆,1,附件1规则：普通大棚第一季蔬菜
E2,普通大棚,first,20,土豆,1,附件1规则：普通大棚第一季蔬菜
E2,普通大棚,first,21,西红柿,1,附件1规则：普通大棚第一季蔬菜
E2,普通大棚,first,22,茄子,1,附件1规则：普通大棚第一季蔬菜
E2,普通大棚,first,23,菠菜,1,附件1规则：普通大棚第一季蔬菜
E2,普通大棚,first,24,青椒,1,附件1规则：普通大棚第一季蔬菜
E2,普通大棚,first,25,菜花,1,附件1规则：普通大棚第一季蔬菜
E2,普通大棚,first,26,包菜,1,附件1规则：普通大棚第一季蔬菜
E2,普通大棚,first,27,油麦菜,1,附件1规则：普通大棚第一季蔬菜
E2,普通大棚,first,28,小青菜,1,附件1规则：普通大棚第一季蔬菜
E2,普通大棚,first,29,黄瓜,1,附件1规则：普通大棚第一季蔬菜
E2,普通大棚,first,30,生菜,1,附件1规则：普通大棚第一季蔬菜
E2,普通大棚,first,31,辣椒,1,附件1规则：普通大棚第一季蔬菜
E2,普通大棚,first,32,空心菜,1,附件1规则：普通大棚第一季蔬菜
E2,普通大棚,first,33,黄心菜,1,附件1规则：普通大棚第一季蔬菜
E2,普通大棚,first,34,芹菜,1,附件1规则：普通大棚第一季蔬菜
E2,普通大棚,first,35,大白菜,0,附件1规则：普通大棚第一季蔬菜
E2,普通大棚,first,36,白萝卜,0,附件1规则：普通大棚第一季蔬菜
E2,普通大棚,first,37,红萝卜,0,附件1规则：普通大棚第一季蔬菜
E2,普通大棚,first,38,榆黄菇,0,附件1规则：普通大棚第一季蔬菜
E2,普通大棚,first,39,香菇,0,附件1规则：普通大棚第一季蔬菜
E2,普通大棚,first,40,白灵菇,0,附件1规则：普通大棚第一季蔬菜
E2,普通大棚,first,41,羊肚菌,0,附件1规则：普通大棚第一季蔬菜
E2,普通大棚,second,1,黄豆,0,附件1规则：普通大棚第二季食用菌
E2,普通大棚,second,2,黑豆,0,附件1规则：普通大棚第二季食用菌
E2,普通大棚,second,3,红豆,0,附件1规则：普通大棚第二季食用菌
E2,普通大棚,second,4,绿豆,0,附件1规则：普通大棚第二季食用菌
E2,普通大棚,second,5,爬豆,0,附件1规则：普通大棚第二季食用菌
E2,普通大棚,second,6,小麦,0,附件1规则：普通大棚第二季食用菌
E2,普通大棚,second,7,玉米,0,附件1规则：普通大棚第二季食用菌
E2,普通大棚,second,8,谷子,0,附件1规则：普通大棚第二季食用菌
E2,普通大棚,second,9,高粱,0,附件1规则：普通大棚第二季食用菌
E2,普通大棚,second,10,黍子,0,附件1规则：普通大棚第二季食用菌
E2,普通大棚,second,11,荞麦,0,附件1规则：普通大棚第二季食用菌
E2,普通大棚,second,12,南瓜,0,附件1规则：普通大棚第二季食用菌
E2,普通大棚,second,13,红薯,0,附件1规则：普通大棚第二季食用菌
E2,普通大棚,second,14,莜麦,0,附件1规则：普通大棚第二季食用菌
E2,普通大棚,second,15,大麦,0,附件1规则：普通大棚第二季食用菌
E2,普通大棚,second,16,水稻,0,附件1规则：普通大棚第二季食用菌
E2,普通大棚,second,17,豇豆,0,附件1规则：普通大棚第二季食用菌
E2,普通大棚,second,18,刀豆,0,附件1规则：普通大棚第二季食用菌
E2,普通大棚,second,19,芸豆,0,附件1规则：普通大棚第二季食用菌
E2,普通大棚,second,20,土豆,0,附件1规则：普通大棚第二季食用菌
E2,普通大棚,second,21,西红柿,0,附件1规则：普通大棚第二季食用菌
E2,普通大棚,second,22,茄子,0,附件1规则：普通大棚第二季食用菌
E2,普通大棚,second,23,菠菜,0,附件1规则：普通大棚第二季食用菌
E2,普通大棚,second,24,青椒,0,附件1规则：普通大棚第二季食用菌
E2,普通大棚,second,25,菜花,0,附件1规则：普通大棚第二季食用菌
E2,普通大棚,second,26,包菜,0,附件1规则：普通大棚第二季食用菌
E2,普通大棚,second,27,油麦菜,0,附件1规则：普通大棚第二季食用菌
E2,普通大棚,second,28,小青菜,0,附件1规则：普通大棚第二季食用菌
E2,普通大棚,second,29,黄瓜,0,附件1规则：普通大棚第二季食用菌
E2,普通大棚,second,30,生菜,0,附件1规则：普通大棚第二季食用菌
E2,普通大棚,second,31,辣椒,0,附件1规则：普通大棚第二季食用菌
E2,普通大棚,second,32,空心菜,0,附件1规则：普通大棚第二季食用菌
E2,普通大棚,second,33,黄心菜,0,附件1规则：普通大棚第二季食用菌
E2,普通大棚,second,34,芹菜,0,附件1规则：普通大棚第二季食用菌
E2,普通大棚,second,35,大白菜,0,附件1规则：普通大棚第二季食用菌
E2,普通大棚,second,36,白萝卜,0,附件1规则：普通大棚第二季食用菌
E2,普通大棚,second,37,红萝卜,0,附件1规则：普通大棚第二季食用菌
E2,普通大棚,second,38,榆黄菇,1,附件1规则：普通大棚第二季食用菌
E2,普通大棚,second,39,香菇,1,附件1规则：普通大棚第二季食用菌
E2,普通大棚,second,40,白灵菇,1,附件1规则：普通大棚第二季食用菌
E2,普通大棚,second,41,羊肚菌,1,附件1规则：普通大棚第二季食用菌
E3,普通大棚,first,1,黄豆,0,附件1规则：普通大棚第一季蔬菜
E3,普通大棚,first,2,黑豆,0,附件1规则：普通大棚第一季蔬菜
E3,普通大棚,first,3,红豆,0,附件1规则：普通大棚第一季蔬菜
E3,普通大棚,first,4,绿豆,0,附件1规则：普通大棚第一季蔬菜
E3,普通大棚,first,5,爬豆,0,附件1规则：普通大棚第一季蔬菜
E3,普通大棚,first,6,小麦,0,附件1规则：普通大棚第一季蔬菜
E3,普通大棚,first,7,玉米,0,附件1规则：普通大棚第一季蔬菜
E3,普通大棚,first,8,谷子,0,附件1规则：普通大棚第一季蔬菜
E3,普通大棚,first,9,高粱,0,附件1规则：普通大棚第一季蔬菜
E3,普通大棚,first,10,黍子,0,附件1规则：普通大棚第一季蔬菜
E3,普通大棚,first,11,荞麦,0,附件1规则：普通大棚第一季蔬菜
E3,普通大棚,first,12,南瓜,0,附件1规则：普通大棚第一季蔬菜
E3,普通大棚,first,13,红薯,0,附件1规则：普通大棚第一季蔬菜
E3,普通大棚,first,14,莜麦,0,附件1规则：普通大棚第一季蔬菜
E3,普通大棚,first,15,大麦,0,附件1规则：普通大棚第一季蔬菜
E3,普通大棚,first,16,水稻,0,附件1规则：普通大棚第一季蔬菜
E3,普通大棚,first,17,豇豆,1,附件1规则：普通大棚第一季蔬菜
E3,普通大棚,first,18,刀豆,1,附件1规则：普通大棚第一季蔬菜
E3,普通大棚,first,19,芸豆,1,附件1规则：普通大棚第一季蔬菜
E3,普通大棚,first,20,土豆,1,附件1规则：普通大棚第一季蔬菜
E3,普通大棚,first,21,西红柿,1,附件1规则：普通大棚第一季蔬菜
E3,普通大棚,first,22,茄子,1,附件1规则：普通大棚第一季蔬菜
E3,普通大棚,first,23,菠菜,1,附件1规则：普通大棚第一季蔬菜
E3,普通大棚,first,24,青椒,1,附件1规则：普通大棚第一季蔬菜
E3,普通大棚,first,25,菜花,1,附件1规则：普通大棚第一季蔬菜
E3,普通大棚,first,26,包菜,1,附件1规则：普通大棚第一季蔬菜
E3,普通大棚,first,27,油麦菜,1,附件1规则：普通大棚第一季蔬菜
E3,普通大棚,first,28,小青菜,1,附件1规则：普通大棚第一季蔬菜
E3,普通大棚,first,29,黄瓜,1,附件1规则：普通大棚第一季蔬菜
E3,普通大棚,first,30,生菜,1,附件1规则：普通大棚第一季蔬菜
E3,普通大棚,first,31,辣椒,1,附件1规则：普通大棚第一季蔬菜
E3,普通大棚,first,32,空心菜,1,附件1规则：普通大棚第一季蔬菜
E3,普通大棚,first,33,黄心菜,1,附件1规则：普通大棚第一季蔬菜
E3,普通大棚,first,34,芹菜,1,附件1规则：普通大棚第一季蔬菜
E3,普通大棚,first,35,大白菜,0,附件1规则：普通大棚第一季蔬菜
E3,普通大棚,first,36,白萝卜,0,附件1规则：普通大棚第一季蔬菜
E3,普通大棚,first,37,红萝卜,0,附件1规则：普通大棚第一季蔬菜
E3,普通大棚,first,38,榆黄菇,0,附件1规则：普通大棚第一季蔬菜
E3,普通大棚,first,39,香菇,0,附件1规则：普通大棚第一季蔬菜
E3,普通大棚,first,40,白灵菇,0,附件1规则：普通大棚第一季蔬菜
E3,普通大棚,first,41,羊肚菌,0,附件1规则：普通大棚第一季蔬菜
E3,普通大棚,second,1,黄豆,0,附件1规则：普通大棚第二季食用菌
E3,普通大棚,second,2,黑豆,0,附件1规则：普通大棚第二季食用菌
E3,普通大棚,second,3,红豆,0,附件1规则：普通大棚第二季食用菌
E3,普通大棚,second,4,绿豆,0,附件1规则：普通大棚第二季食用菌
E3,普通大棚,second,5,爬豆,0,附件1规则：普通大棚第二季食用菌
E3,普通大棚,second,6,小麦,0,附件1规则：普通大棚第二季食用菌
E3,普通大棚,second,7,玉米,0,附件1规则：普通大棚第二季食用菌
E3,普通大棚,second,8,谷子,0,附件1规则：普通大棚第二季食用菌
E3,普通大棚,second,9,高粱,0,附件1规则：普通大棚第二季食用菌
E3,普通大棚,second,10,黍子,0,附件1规则：普通大棚第二季食用菌
E3,普通大棚,second,11,荞麦,0,附件1规则：普通大棚第二季食用菌
E3,普通大棚,second,12,南瓜,0,附件1规则：普通大棚第二季食用菌
E3,普通大棚,second,13,红薯,0,附件1规则：普通大棚第二季食用菌
E3,普通大棚,second,14,莜麦,0,附件1规则：普通大棚第二季食用菌
E3,普通大棚,second,15,大麦,0,附件1规则：普通大棚第二季食用菌
E3,普通大棚,second,16,水稻,0,附件1规则：普通大棚第二季食用菌
E3,普通大棚,second,17,豇豆,0,附件1规则：普通大棚第二季食用菌
E3,普通大棚,second,18,刀豆,0,附件1规则：普通大棚第二季食用菌
E3,普通大棚,second,19,芸豆,0,附件1规则：普通大棚第二季食用菌
E3,普通大棚,second,20,土豆,0,附件1规则：普通大棚第二季食用菌
E3,普通大棚,second,21,西红柿,0,附件1规则：普通大棚第二季食用菌
E3,普通大棚,second,22,茄子,0,附件1规则：普通大棚第二季食用菌
E3,普通大棚,second,23,菠菜,0,附件1规则：普通大棚第二季食用菌
E3,普通大棚,second,24,青椒,0,附件1规则：普通大棚第二季食用菌
E3,普通大棚,second,25,菜花,0,附件1规则：普通大棚第二季食用菌
E3,普通大棚,second,26,包菜,0,附件1规则：普通大棚第二季食用菌
E3,普通大棚,second,27,油麦菜,0,附件1规则：普通大棚第二季食用菌
E3,普通大棚,second,28,小青菜,0,附件1规则：普通大棚第二季食用菌
E3,普通大棚,second,29,黄瓜,0,附件1规则：普通大棚第二季食用菌
E3,普通大棚,second,30,生菜,0,附件1规则：普通大棚第二季食用菌
E3,普通大棚,second,31,辣椒,0,附件1规则：普通大棚第二季食用菌
E3,普通大棚,second,32,空心菜,0,附件1规则：普通大棚第二季食用菌
E3,普通大棚,second,33,黄心菜,0,附件1规则：普通大棚第二季食用菌
E3,普通大棚,second,34,芹菜,0,附件1规则：普通大棚第二季食用菌
E3,普通大棚,second,35,大白菜,0,附件1规则：普通大棚第二季食用菌
E3,普通大棚,second,36,白萝卜,0,附件1规则：普通大棚第二季食用菌
E3,普通大棚,second,37,红萝卜,0,附件1规则：普通大棚第二季食用菌
E3,普通大棚,second,38,榆黄菇,1,附件1规则：普通大棚第二季食用菌
E3,普通大棚,second,39,香菇,1,附件1规则：普通大棚第二季食用菌
E3,普通大棚,second,40,白灵菇,1,附件1规则：普通大棚第二季食用菌
E3,普通大棚,second,41,羊肚菌,1,附件1规则：普通大棚第二季食用菌
E4,普通大棚,first,1,黄豆,0,附件1规则：普通大棚第一季蔬菜
E4,普通大棚,first,2,黑豆,0,附件1规则：普通大棚第一季蔬菜
E4,普通大棚,first,3,红豆,0,附件1规则：普通大棚第一季蔬菜
E4,普通大棚,first,4,绿豆,0,附件1规则：普通大棚第一季蔬菜
E4,普通大棚,first,5,爬豆,0,附件1规则：普通大棚第一季蔬菜
E4,普通大棚,first,6,小麦,0,附件1规则：普通大棚第一季蔬菜
E4,普通大棚,first,7,玉米,0,附件1规则：普通大棚第一季蔬菜
E4,普通大棚,first,8,谷子,0,附件1规则：普通大棚第一季蔬菜
E4,普通大棚,first,9,高粱,0,附件1规则：普通大棚第一季蔬菜
E4,普通大棚,first,10,黍子,0,附件1规则：普通大棚第一季蔬菜
E4,普通大棚,first,11,荞麦,0,附件1规则：普通大棚第一季蔬菜
E4,普通大棚,first,12,南瓜,0,附件1规则：普通大棚第一季蔬菜
E4,普通大棚,first,13,红薯,0,附件1规则：普通大棚第一季蔬菜
E4,普通大棚,first,14,莜麦,0,附件1规则：普通大棚第一季蔬菜
E4,普通大棚,first,15,大麦,0,附件1规则：普通大棚第一季蔬菜
E4,普通大棚,first,16,水稻,0,附件1规则：普通大棚第一季蔬菜
E4,普通大棚,first,17,豇豆,1,附件1规则：普通大棚第一季蔬菜
E4,普通大棚,first,18,刀豆,1,附件1规则：普通大棚第一季蔬菜
E4,普通大棚,first,19,芸豆,1,附件1规则：普通大棚第一季蔬菜
E4,普通大棚,first,20,土豆,1,附件1规则：普通大棚第一季蔬菜
E4,普通大棚,first,21,西红柿,1,附件1规则：普通大棚第一季蔬菜
E4,普通大棚,first,22,茄子,1,附件1规则：普通大棚第一季蔬菜
E4,普通大棚,first,23,菠菜,1,附件1规则：普通大棚第一季蔬菜
E4,普通大棚,first,24,青椒,1,附件1规则：普通大棚第一季蔬菜
E4,普通大棚,first,25,菜花,1,附件1规则：普通大棚第一季蔬菜
E4,普通大棚,first,26,包菜,1,附件1规则：普通大棚第一季蔬菜
E4,普通大棚,first,27,油麦菜,1,附件1规则：普通大棚第一季蔬菜
E4,普通大棚,first,28,小青菜,1,附件1规则：普通大棚第一季蔬菜
E4,普通大棚,first,29,黄瓜,1,附件1规则：普通大棚第一季蔬菜
E4,普通大棚,first,30,生菜,1,附件1规则：普通大棚第一季蔬菜
E4,普通大棚,first,31,辣椒,1,附件1规则：普通大棚第一季蔬菜
E4,普通大棚,first,32,空心菜,1,附件1规则：普通大棚第一季蔬菜
E4,普通大棚,first,33,黄心菜,1,附件1规则：普通大棚第一季蔬菜
E4,普通大棚,first,34,芹菜,1,附件1规则：普通大棚第一季蔬菜
E4,普通大棚,first,35,大白菜,0,附件1规则：普通大棚第一季蔬菜
E4,普通大棚,first,36,白萝卜,0,附件1规则：普通大棚第一季蔬菜
E4,普通大棚,first,37,红萝卜,0,附件1规则：普通大棚第一季蔬菜
E4,普通大棚,first,38,榆黄菇,0,附件1规则：普通大棚第一季蔬菜
E4,普通大棚,first,39,香菇,0,附件1规则：普通大棚第一季蔬菜
E4,普通大棚,first,40,白灵菇,0,附件1规则：普通大棚第一季蔬菜
E4,普通大棚,first,41,羊肚菌,0,附件1规则：普通大棚第一季蔬菜
E4,普通大棚,second,1,黄豆,0,附件1规则：普通大棚第二季食用菌
E4,普通大棚,second,2,黑豆,0,附件1规则：普通大棚第二季食用菌
E4,普通大棚,second,3,红豆,0,附件1规则：普通大棚第二季食用菌
E4,普通大棚,second,4,绿豆,0,附件1规则：普通大棚第二季食用菌
E4,普通大棚,second,5,爬豆,0,附件1规则：普通大棚第二季食用菌
E4,普通大棚,second,6,小麦,0,附件1规则：普通大棚第二季食用菌
E4,普通大棚,second,7,玉米,0,附件1规则：普通大棚第二季食用菌
E4,普通大棚,second,8,谷子,0,附件1规则：普通大棚第二季食用菌
E4,普通大棚,second,9,高粱,0,附件1规则：普通大棚第二季食用菌
E4,普通大棚,second,10,黍子,0,附件1规则：普通大棚第二季食用菌
E4,普通大棚,second,11,荞麦,0,附件1规则：普通大棚第二季食用菌
E4,普通大棚,second,12,南瓜,0,附件1规则：普通大棚第二季食用菌
E4,普通大棚,second,13,红薯,0,附件1规则：普通大棚第二季食用菌
E4,普通大棚,second,14,莜麦,0,附件1规则：普通大棚第二季食用菌
E4,普通大棚,second,15,大麦,0,附件1规则：普通大棚第二季食用菌
E4,普通大棚,second,16,水稻,0,附件1规则：普通大棚第二季食用菌
E4,普通大棚,second,17,豇豆,0,附件1规则：普通大棚第二季食用菌
E4,普通大棚,second,18,刀豆,0,附件1规则：普通大棚第二季食用菌
E4,普通大棚,second,19,芸豆,0,附件1规则：普通大棚第二季食用菌
E4,普通大棚,second,20,土豆,0,附件1规则：普通大棚第二季食用菌
E4,普通大棚,second,21,西红柿,0,附件1规则：普通大棚第二季食用菌
E4,普通大棚,second,22,茄子,0,附件1规则：普通大棚第二季食用菌
E4,普通大棚,second,23,菠菜,0,附件1规则：普通大棚第二季食用菌
E4,普通大棚,second,24,青椒,0,附件1规则：普通大棚第二季食用菌
E4,普通大棚,second,25,菜花,0,附件1规则：普通大棚第二季食用菌
E4,普通大棚,second,26,包菜,0,附件1规则：普通大棚第二季食用菌
E4,普通大棚,second,27,油麦菜,0,附件1规则：普通大棚第二季食用菌
E4,普通大棚,second,28,小青菜,0,附件1规则：普通大棚第二季食用菌
E4,普通大棚,second,29,黄瓜,0,附件1规则：普通大棚第二季食用菌
E4,普通大棚,second,30,生菜,0,附件1规则：普通大棚第二季食用菌
E4,普通大棚,second,31,辣椒,0,附件1规则：普通大棚第二季食用菌
E4,普通大棚,second,32,空心菜,0,附件1规则：普通大棚第二季食用菌
E4,普通大棚,second,33,黄心菜,0,附件1规则：普通大棚第二季食用菌
E4,普通大棚,second,34,芹菜,0,附件1规则：普通大棚第二季食用菌
E4,普通大棚,second,35,大白菜,0,附件1规则：普通大棚第二季食用菌
E4,普通大棚,second,36,白萝卜,0,附件1规则：普通大棚第二季食用菌
E4,普通大棚,second,37,红萝卜,0,附件1规则：普通大棚第二季食用菌
E4,普通大棚,second,38,榆黄菇,1,附件1规则：普通大棚第二季食用菌
E4,普通大棚,second,39,香菇,1,附件1规则：普通大棚第二季食用菌
E4,普通大棚,second,40,白灵菇,1,附件1规则：普通大棚第二季食用菌
E4,普通大棚,second,41,羊肚菌,1,附件1规则：普通大棚第二季食用菌
E5,普通大棚,first,1,黄豆,0,附件1规则：普通大棚第一季蔬菜
E5,普通大棚,first,2,黑豆,0,附件1规则：普通大棚第一季蔬菜
E5,普通大棚,first,3,红豆,0,附件1规则：普通大棚第一季蔬菜
E5,普通大棚,first,4,绿豆,0,附件1规则：普通大棚第一季蔬菜
E5,普通大棚,first,5,爬豆,0,附件1规则：普通大棚第一季蔬菜
E5,普通大棚,first,6,小麦,0,附件1规则：普通大棚第一季蔬菜
E5,普通大棚,first,7,玉米,0,附件1规则：普通大棚第一季蔬菜
E5,普通大棚,first,8,谷子,0,附件1规则：普通大棚第一季蔬菜
E5,普通大棚,first,9,高粱,0,附件1规则：普通大棚第一季蔬菜
E5,普通大棚,first,10,黍子,0,附件1规则：普通大棚第一季蔬菜
E5,普通大棚,first,11,荞麦,0,附件1规则：普通大棚第一季蔬菜
E5,普通大棚,first,12,南瓜,0,附件1规则：普通大棚第一季蔬菜
E5,普通大棚,first,13,红薯,0,附件1规则：普通大棚第一季蔬菜
E5,普通大棚,first,14,莜麦,0,附件1规则：普通大棚第一季蔬菜
E5,普通大棚,first,15,大麦,0,附件1规则：普通大棚第一季蔬菜
E5,普通大棚,first,16,水稻,0,附件1规则：普通大棚第一季蔬菜
E5,普通大棚,first,17,豇豆,1,附件1规则：普通大棚第一季蔬菜
E5,普通大棚,first,18,刀豆,1,附件1规则：普通大棚第一季蔬菜
E5,普通大棚,first,19,芸豆,1,附件1规则：普通大棚第一季蔬菜
E5,普通大棚,first,20,土豆,1,附件1规则：普通大棚第一季蔬菜
E5,普通大棚,first,21,西红柿,1,附件1规则：普通大棚第一季蔬菜
E5,普通大棚,first,22,茄子,1,附件1规则：普通大棚第一季蔬菜
E5,普通大棚,first,23,菠菜,1,附件1规则：普通大棚第一季蔬菜
E5,普通大棚,first,24,青椒,1,附件1规则：普通大棚第一季蔬菜
E5,普通大棚,first,25,菜花,1,附件1规则：普通大棚第一季蔬菜
E5,普通大棚,first,26,包菜,1,附件1规则：普通大棚第一季蔬菜
E5,普通大棚,first,27,油麦菜,1,附件1规则：普通大棚第一季蔬菜
E5,普通大棚,first,28,小青菜,1,附件1规则：普通大棚第一季蔬菜
E5,普通大棚,first,29,黄瓜,1,附件1规则：普通大棚第一季蔬菜
E5,普通大棚,first,30,生菜,1,附件1规则：普通大棚第一季蔬菜
E5,普通大棚,first,31,辣椒,1,附件1规则：普通大棚第一季蔬菜
E5,普通大棚,first,32,空心菜,1,附件1规则：普通大棚第一季蔬菜
E5,普通大棚,first,33,黄心菜,1,附件1规则：普通大棚第一季蔬菜
E5,普通大棚,first,34,芹菜,1,附件1规则：普通大棚第一季蔬菜
E5,普通大棚,first,35,大白菜,0,附件1规则：普通大棚第一季蔬菜
E5,普通大棚,first,36,白萝卜,0,附件1规则：普通大棚第一季蔬菜
E5,普通大棚,first,37,红萝卜,0,附件1规则：普通大棚第一季蔬菜
E5,普通大棚,first,38,榆黄菇,0,附件1规则：普通大棚第一季蔬菜
E5,普通大棚,first,39,香菇,0,附件1规则：普通大棚第一季蔬菜
E5,普通大棚,first,40,白灵菇,0,附件1规则：普通大棚第一季蔬菜
E5,普通大棚,first,41,羊肚菌,0,附件1规则：普通大棚第一季蔬菜
E5,普通大棚,second,1,黄豆,0,附件1规则：普通大棚第二季食用菌
E5,普通大棚,second,2,黑豆,0,附件1规则：普通大棚第二季食用菌
E5,普通大棚,second,3,红豆,0,附件1规则：普通大棚第二季食用菌
E5,普通大棚,second,4,绿豆,0,附件1规则：普通大棚第二季食用菌
E5,普通大棚,second,5,爬豆,0,附件1规则：普通大棚第二季食用菌
E5,普通大棚,second,6,小麦,0,附件1规则：普通大棚第二季食用菌
E5,普通大棚,second,7,玉米,0,附件1规则：普通大棚第二季食用菌
E5,普通大棚,second,8,谷子,0,附件1规则：普通大棚第二季食用菌
E5,普通大棚,second,9,高粱,0,附件1规则：普通大棚第二季食用菌
E5,普通大棚,second,10,黍子,0,附件1规则：普通大棚第二季食用菌
E5,普通大棚,second,11,荞麦,0,附件1规则：普通大棚第二季食用菌
E5,普通大棚,second,12,南瓜,0,附件1规则：普通大棚第二季食用菌
E5,普通大棚,second,13,红薯,0,附件1规则：普通大棚第二季食用菌
E5,普通大棚,second,14,莜麦,0,附件1规则：普通大棚第二季食用菌
E5,普通大棚,second,15,大麦,0,附件1规则：普通大棚第二季食用菌
E5,普通大棚,second,16,水稻,0,附件1规则：普通大棚第二季食用菌
E5,普通大棚,second,17,豇豆,0,附件1规则：普通大棚第二季食用菌
E5,普通大棚,second,18,刀豆,0,附件1规则：普通大棚第二季食用菌
E5,普通大棚,second,19,芸豆,0,附件1规则：普通大棚第二季食用菌
E5,普通大棚,second,20,土豆,0,附件1规则：普通大棚第二季食用菌
E5,普通大棚,second,21,西红柿,0,附件1规则：普通大棚第二季食用菌
E5,普通大棚,second,22,茄子,0,附件1规则：普通大棚第二季食用菌
E5,普通大棚,second,23,菠菜,0,附件1规则：普通大棚第二季食用菌
E5,普通大棚,second,24,青椒,0,附件1规则：普通大棚第二季食用菌
E5,普通大棚,second,25,菜花,0,附件1规则：普通大棚第二季食用菌
E5,普通大棚,second,26,包菜,0,附件1规则：普通大棚第二季食用菌
E5,普通大棚,second,27,油麦菜,0,附件1规则：普通大棚第二季食用菌
E5,普通大棚,second,28,小青菜,0,附件1规则：普通大棚第二季食用菌
E5,普通大棚,second,29,黄瓜,0,附件1规则：普通大棚第二季食用菌
E5,普通大棚,second,30,生菜,0,附件1规则：普通大棚第二季食用菌
E5,普通大棚,second,31,辣椒,0,附件1规则：普通大棚第二季食用菌
E5,普通大棚,second,32,空心菜,0,附件1规则：普通大棚第二季食用菌
E5,普通大棚,second,33,黄心菜,0,附件1规则：普通大棚第二季食用菌
E5,普通大棚,second,34,芹菜,0,附件1规则：普通大棚第二季食用菌
E5,普通大棚,second,35,大白菜,0,附件1规则：普通大棚第二季食用菌
E5,普通大棚,second,36,白萝卜,0,附件1规则：普通大棚第二季食用菌
E5,普通大棚,second,37,红萝卜,0,附件1规则：普通大棚第二季食用菌
E5,普通大棚,second,38,榆黄菇,1,附件1规则：普通大棚第二季食用菌
E5,普通大棚,second,39,香菇,1,附件1规则：普通大棚第二季食用菌
E5,普通大棚,second,40,白灵菇,1,附件1规则：普通大棚第二季食用菌
E5,普通大棚,second,41,羊肚菌,1,附件1规则：普通大棚第二季食用菌
E6,普通大棚,first,1,黄豆,0,附件1规则：普通大棚第一季蔬菜
E6,普通大棚,first,2,黑豆,0,附件1规则：普通大棚第一季蔬菜
E6,普通大棚,first,3,红豆,0,附件1规则：普通大棚第一季蔬菜
E6,普通大棚,first,4,绿豆,0,附件1规则：普通大棚第一季蔬菜
E6,普通大棚,first,5,爬豆,0,附件1规则：普通大棚第一季蔬菜
E6,普通大棚,first,6,小麦,0,附件1规则：普通大棚第一季蔬菜
E6,普通大棚,first,7,玉米,0,附件1规则：普通大棚第一季蔬菜
E6,普通大棚,first,8,谷子,0,附件1规则：普通大棚第一季蔬菜
E6,普通大棚,first,9,高粱,0,附件1规则：普通大棚第一季蔬菜
E6,普通大棚,first,10,黍子,0,附件1规则：普通大棚第一季蔬菜
E6,普通大棚,first,11,荞麦,0,附件1规则：普通大棚第一季蔬菜
E6,普通大棚,first,12,南瓜,0,附件1规则：普通大棚第一季蔬菜
E6,普通大棚,first,13,红薯,0,附件1规则：普通大棚第一季蔬菜
E6,普通大棚,first,14,莜麦,0,附件1规则：普通大棚第一季蔬菜
E6,普通大棚,first,15,大麦,0,附件1规则：普通大棚第一季蔬菜
E6,普通大棚,first,16,水稻,0,附件1规则：普通大棚第一季蔬菜
E6,普通大棚,first,17,豇豆,1,附件1规则：普通大棚第一季蔬菜
E6,普通大棚,first,18,刀豆,1,附件1规则：普通大棚第一季蔬菜
E6,普通大棚,first,19,芸豆,1,附件1规则：普通大棚第一季蔬菜
E6,普通大棚,first,20,土豆,1,附件1规则：普通大棚第一季蔬菜
E6,普通大棚,first,21,西红柿,1,附件1规则：普通大棚第一季蔬菜
E6,普通大棚,first,22,茄子,1,附件1规则：普通大棚第一季蔬菜
E6,普通大棚,first,23,菠菜,1,附件1规则：普通大棚第一季蔬菜
E6,普通大棚,first,24,青椒,1,附件1规则：普通大棚第一季蔬菜
E6,普通大棚,first,25,菜花,1,附件1规则：普通大棚第一季蔬菜
E6,普通大棚,first,26,包菜,1,附件1规则：普通大棚第一季蔬菜
E6,普通大棚,first,27,油麦菜,1,附件1规则：普通大棚第一季蔬菜
E6,普通大棚,first,28,小青菜,1,附件1规则：普通大棚第一季蔬菜
E6,普通大棚,first,29,黄瓜,1,附件1规则：普通大棚第一季蔬菜
E6,普通大棚,first,30,生菜,1,附件1规则：普通大棚第一季蔬菜
E6,普通大棚,first,31,辣椒,1,附件1规则：普通大棚第一季蔬菜
E6,普通大棚,first,32,空心菜,1,附件1规则：普通大棚第一季蔬菜
E6,普通大棚,first,33,黄心菜,1,附件1规则：普通大棚第一季蔬菜
E6,普通大棚,first,34,芹菜,1,附件1规则：普通大棚第一季蔬菜
E6,普通大棚,first,35,大白菜,0,附件1规则：普通大棚第一季蔬菜
E6,普通大棚,first,36,白萝卜,0,附件1规则：普通大棚第一季蔬菜
E6,普通大棚,first,37,红萝卜,0,附件1规则：普通大棚第一季蔬菜
E6,普通大棚,first,38,榆黄菇,0,附件1规则：普通大棚第一季蔬菜
E6,普通大棚,first,39,香菇,0,附件1规则：普通大棚第一季蔬菜
E6,普通大棚,first,40,白灵菇,0,附件1规则：普通大棚第一季蔬菜
E6,普通大棚,first,41,羊肚菌,0,附件1规则：普通大棚第一季蔬菜
E6,普通大棚,second,1,黄豆,0,附件1规则：普通大棚第二季食用菌
E6,普通大棚,second,2,黑豆,0,附件1规则：普通大棚第二季食用菌
E6,普通大棚,second,3,红豆,0,附件1规则：普通大棚第二季食用菌
E6,普通大棚,second,4,绿豆,0,附件1规则：普通大棚第二季食用菌
E6,普通大棚,second,5,爬豆,0,附件1规则：普通大棚第二季食用菌
E6,普通大棚,second,6,小麦,0,附件1规则：普通大棚第二季食用菌
E6,普通大棚,second,7,玉米,0,附件1规则：普通大棚第二季食用菌
E6,普通大棚,second,8,谷子,0,附件1规则：普通大棚第二季食用菌
E6,普通大棚,second,9,高粱,0,附件1规则：普通大棚第二季食用菌
E6,普通大棚,second,10,黍子,0,附件1规则：普通大棚第二季食用菌
E6,普通大棚,second,11,荞麦,0,附件1规则：普通大棚第二季食用菌
E6,普通大棚,second,12,南瓜,0,附件1规则：普通大棚第二季食用菌
E6,普通大棚,second,13,红薯,0,附件1规则：普通大棚第二季食用菌
E6,普通大棚,second,14,莜麦,0,附件1规则：普通大棚第二季食用菌
E6,普通大棚,second,15,大麦,0,附件1规则：普通大棚第二季食用菌
E6,普通大棚,second,16,水稻,0,附件1规则：普通大棚第二季食用菌
E6,普通大棚,second,17,豇豆,0,附件1规则：普通大棚第二季食用菌
E6,普通大棚,second,18,刀豆,0,附件1规则：普通大棚第二季食用菌
E6,普通大棚,second,19,芸豆,0,附件1规则：普通大棚第二季食用菌
E6,普通大棚,second,20,土豆,0,附件1规则：普通大棚第二季食用菌
E6,普通大棚,second,21,西红柿,0,附件1规则：普通大棚第二季食用菌
E6,普通大棚,second,22,茄子,0,附件1规则：普通大棚第二季食用菌
E6,普通大棚,second,23,菠菜,0,附件1规则：普通大棚第二季食用菌
E6,普通大棚,second,24,青椒,0,附件1规则：普通大棚第二季食用菌
E6,普通大棚,second,25,菜花,0,附件1规则：普通大棚第二季食用菌
E6,普通大棚,second,26,包菜,0,附件1规则：普通大棚第二季食用菌
E6,普通大棚,second,27,油麦菜,0,附件1规则：普通大棚第二季食用菌
E6,普通大棚,second,28,小青菜,0,附件1规则：普通大棚第二季食用菌
E6,普通大棚,second,29,黄瓜,0,附件1规则：普通大棚第二季食用菌
E6,普通大棚,second,30,生菜,0,附件1规则：普通大棚第二季食用菌
E6,普通大棚,second,31,辣椒,0,附件1规则：普通大棚第二季食用菌
E6,普通大棚,second,32,空心菜,0,附件1规则：普通大棚第二季食用菌
E6,普通大棚,second,33,黄心菜,0,附件1规则：普通大棚第二季食用菌
E6,普通大棚,second,34,芹菜,0,附件1规则：普通大棚第二季食用菌
E6,普通大棚,second,35,大白菜,0,附件1规则：普通大棚第二季食用菌
E6,普通大棚,second,36,白萝卜,0,附件1规则：普通大棚第二季食用菌
E6,普通大棚,second,37,红萝卜,0,附件1规则：普通大棚第二季食用菌
E6,普通大棚,second,38,榆黄菇,1,附件1规则：普通大棚第二季食用菌
E6,普通大棚,second,39,香菇,1,附件1规则：普通大棚第二季食用菌
E6,普通大棚,second,40,白灵菇,1,附件1规则：普通大棚第二季食用菌
E6,普通大棚,second,41,羊肚菌,1,附件1规则：普通大棚第二季食用菌
E7,普通大棚,first,1,黄豆,0,附件1规则：普通大棚第一季蔬菜
E7,普通大棚,first,2,黑豆,0,附件1规则：普通大棚第一季蔬菜
E7,普通大棚,first,3,红豆,0,附件1规则：普通大棚第一季蔬菜
E7,普通大棚,first,4,绿豆,0,附件1规则：普通大棚第一季蔬菜
E7,普通大棚,first,5,爬豆,0,附件1规则：普通大棚第一季蔬菜
E7,普通大棚,first,6,小麦,0,附件1规则：普通大棚第一季蔬菜
E7,普通大棚,first,7,玉米,0,附件1规则：普通大棚第一季蔬菜
E7,普通大棚,first,8,谷子,0,附件1规则：普通大棚第一季蔬菜
E7,普通大棚,first,9,高粱,0,附件1规则：普通大棚第一季蔬菜
E7,普通大棚,first,10,黍子,0,附件1规则：普通大棚第一季蔬菜
E7,普通大棚,first,11,荞麦,0,附件1规则：普通大棚第一季蔬菜
E7,普通大棚,first,12,南瓜,0,附件1规则：普通大棚第一季蔬菜
E7,普通大棚,first,13,红薯,0,附件1规则：普通大棚第一季蔬菜
E7,普通大棚,first,14,莜麦,0,附件1规则：普通大棚第一季蔬菜
E7,普通大棚,first,15,大麦,0,附件1规则：普通大棚第一季蔬菜
E7,普通大棚,first,16,水稻,0,附件1规则：普通大棚第一季蔬菜
E7,普通大棚,first,17,豇豆,1,附件1规则：普通大棚第一季蔬菜
E7,普通大棚,first,18,刀豆,1,附件1规则：普通大棚第一季蔬菜
E7,普通大棚,first,19,芸豆,1,附件1规则：普通大棚第一季蔬菜
E7,普通大棚,first,20,土豆,1,附件1规则：普通大棚第一季蔬菜
E7,普通大棚,first,21,西红柿,1,附件1规则：普通大棚第一季蔬菜
E7,普通大棚,first,22,茄子,1,附件1规则：普通大棚第一季蔬菜
E7,普通大棚,first,23,菠菜,1,附件1规则：普通大棚第一季蔬菜
E7,普通大棚,first,24,青椒,1,附件1规则：普通大棚第一季蔬菜
E7,普通大棚,first,25,菜花,1,附件1规则：普通大棚第一季蔬菜
E7,普通大棚,first,26,包菜,1,附件1规则：普通大棚第一季蔬菜
E7,普通大棚,first,27,油麦菜,1,附件1规则：普通大棚第一季蔬菜
E7,普通大棚,first,28,小青菜,1,附件1规则：普通大棚第一季蔬菜
E7,普通大棚,first,29,黄瓜,1,附件1规则：普通大棚第一季蔬菜
E7,普通大棚,first,30,生菜,1,附件1规则：普通大棚第一季蔬菜
E7,普通大棚,first,31,辣椒,1,附件1规则：普通大棚第一季蔬菜
E7,普通大棚,first,32,空心菜,1,附件1规则：普通大棚第一季蔬菜
E7,普通大棚,first,33,黄心菜,1,附件1规则：普通大棚第一季蔬菜
E7,普通大棚,first,34,芹菜,1,附件1规则：普通大棚第一季蔬菜
E7,普通大棚,first,35,大白菜,0,附件1规则：普通大棚第一季蔬菜
E7,普通大棚,first,36,白萝卜,0,附件1规则：普通大棚第一季蔬菜
E7,普通大棚,first,37,红萝卜,0,附件1规则：普通大棚第一季蔬菜
E7,普通大棚,first,38,榆黄菇,0,附件1规则：普通大棚第一季蔬菜
E7,普通大棚,first,39,香菇,0,附件1规则：普通大棚第一季蔬菜
E7,普通大棚,first,40,白灵菇,0,附件1规则：普通大棚第一季蔬菜
E7,普通大棚,first,41,羊肚菌,0,附件1规则：普通大棚第一季蔬菜
E7,普通大棚,second,1,黄豆,0,附件1规则：普通大棚第二季食用菌
E7,普通大棚,second,2,黑豆,0,附件1规则：普通大棚第二季食用菌
E7,普通大棚,second,3,红豆,0,附件1规则：普通大棚第二季食用菌
E7,普通大棚,second,4,绿豆,0,附件1规则：普通大棚第二季食用菌
E7,普通大棚,second,5,爬豆,0,附件1规则：普通大棚第二季食用菌
E7,普通大棚,second,6,小麦,0,附件1规则：普通大棚第二季食用菌
E7,普通大棚,second,7,玉米,0,附件1规则：普通大棚第二季食用菌
E7,普通大棚,second,8,谷子,0,附件1规则：普通大棚第二季食用菌
E7,普通大棚,second,9,高粱,0,附件1规则：普通大棚第二季食用菌
E7,普通大棚,second,10,黍子,0,附件1规则：普通大棚第二季食用菌
E7,普通大棚,second,11,荞麦,0,附件1规则：普通大棚第二季食用菌
E7,普通大棚,second,12,南瓜,0,附件1规则：普通大棚第二季食用菌
E7,普通大棚,second,13,红薯,0,附件1规则：普通大棚第二季食用菌
E7,普通大棚,second,14,莜麦,0,附件1规则：普通大棚第二季食用菌
E7,普通大棚,second,15,大麦,0,附件1规则：普通大棚第二季食用菌
E7,普通大棚,second,16,水稻,0,附件1规则：普通大棚第二季食用菌
E7,普通大棚,second,17,豇豆,0,附件1规则：普通大棚第二季食用菌
E7,普通大棚,second,18,刀豆,0,附件1规则：普通大棚第二季食用菌
E7,普通大棚,second,19,芸豆,0,附件1规则：普通大棚第二季食用菌
E7,普通大棚,second,20,土豆,0,附件1规则：普通大棚第二季食用菌
E7,普通大棚,second,21,西红柿,0,附件1规则：普通大棚第二季食用菌
E7,普通大棚,second,22,茄子,0,附件1规则：普通大棚第二季食用菌
E7,普通大棚,second,23,菠菜,0,附件1规则：普通大棚第二季食用菌
E7,普通大棚,second,24,青椒,0,附件1规则：普通大棚第二季食用菌
E7,普通大棚,second,25,菜花,0,附件1规则：普通大棚第二季食用菌
E7,普通大棚,second,26,包菜,0,附件1规则：普通大棚第二季食用菌
E7,普通大棚,second,27,油麦菜,0,附件1规则：普通大棚第二季食用菌
E7,普通大棚,second,28,小青菜,0,附件1规则：普通大棚第二季食用菌
E7,普通大棚,second,29,黄瓜,0,附件1规则：普通大棚第二季食用菌
E7,普通大棚,second,30,生菜,0,附件1规则：普通大棚第二季食用菌
E7,普通大棚,second,31,辣椒,0,附件1规则：普通大棚第二季食用菌
E7,普通大棚,second,32,空心菜,0,附件1规则：普通大棚第二季食用菌
E7,普通大棚,second,33,黄心菜,0,附件1规则：普通大棚第二季食用菌
E7,普通大棚,second,34,芹菜,0,附件1规则：普通大棚第二季食用菌
E7,普通大棚,second,35,大白菜,0,附件1规则：普通大棚第二季食用菌
E7,普通大棚,second,36,白萝卜,0,附件1规则：普通大棚第二季食用菌
E7,普通大棚,second,37,红萝卜,0,附件1规则：普通大棚第二季食用菌
E7,普通大棚,second,38,榆黄菇,1,附件1规则：普通大棚第二季食用菌
E7,普通大棚,second,39,香菇,1,附件1规则：普通大棚第二季食用菌
E7,普通大棚,second,40,白灵菇,1,附件1规则：普通大棚第二季食用菌
E7,普通大棚,second,41,羊肚菌,1,附件1规则：普通大棚第二季食用菌
E8,普通大棚,first,1,黄豆,0,附件1规则：普通大棚第一季蔬菜
E8,普通大棚,first,2,黑豆,0,附件1规则：普通大棚第一季蔬菜
E8,普通大棚,first,3,红豆,0,附件1规则：普通大棚第一季蔬菜
E8,普通大棚,first,4,绿豆,0,附件1规则：普通大棚第一季蔬菜
E8,普通大棚,first,5,爬豆,0,附件1规则：普通大棚第一季蔬菜
E8,普通大棚,first,6,小麦,0,附件1规则：普通大棚第一季蔬菜
E8,普通大棚,first,7,玉米,0,附件1规则：普通大棚第一季蔬菜
E8,普通大棚,first,8,谷子,0,附件1规则：普通大棚第一季蔬菜
E8,普通大棚,first,9,高粱,0,附件1规则：普通大棚第一季蔬菜
E8,普通大棚,first,10,黍子,0,附件1规则：普通大棚第一季蔬菜
E8,普通大棚,first,11,荞麦,0,附件1规则：普通大棚第一季蔬菜
E8,普通大棚,first,12,南瓜,0,附件1规则：普通大棚第一季蔬菜
E8,普通大棚,first,13,红薯,0,附件1规则：普通大棚第一季蔬菜
E8,普通大棚,first,14,莜麦,0,附件1规则：普通大棚第一季蔬菜
E8,普通大棚,first,15,大麦,0,附件1规则：普通大棚第一季蔬菜
E8,普通大棚,first,16,水稻,0,附件1规则：普通大棚第一季蔬菜
E8,普通大棚,first,17,豇豆,1,附件1规则：普通大棚第一季蔬菜
E8,普通大棚,first,18,刀豆,1,附件1规则：普通大棚第一季蔬菜
E8,普通大棚,first,19,芸豆,1,附件1规则：普通大棚第一季蔬菜
E8,普通大棚,first,20,土豆,1,附件1规则：普通大棚第一季蔬菜
E8,普通大棚,first,21,西红柿,1,附件1规则：普通大棚第一季蔬菜
E8,普通大棚,first,22,茄子,1,附件1规则：普通大棚第一季蔬菜
E8,普通大棚,first,23,菠菜,1,附件1规则：普通大棚第一季蔬菜
E8,普通大棚,first,24,青椒,1,附件1规则：普通大棚第一季蔬菜
E8,普通大棚,first,25,菜花,1,附件1规则：普通大棚第一季蔬菜
E8,普通大棚,first,26,包菜,1,附件1规则：普通大棚第一季蔬菜
E8,普通大棚,first,27,油麦菜,1,附件1规则：普通大棚第一季蔬菜
E8,普通大棚,first,28,小青菜,1,附件1规则：普通大棚第一季蔬菜
E8,普通大棚,first,29,黄瓜,1,附件1规则：普通大棚第一季蔬菜
E8,普通大棚,first,30,生菜,1,附件1规则：普通大棚第一季蔬菜
E8,普通大棚,first,31,辣椒,1,附件1规则：普通大棚第一季蔬菜
E8,普通大棚,first,32,空心菜,1,附件1规则：普通大棚第一季蔬菜
E8,普通大棚,first,33,黄心菜,1,附件1规则：普通大棚第一季蔬菜
E8,普通大棚,first,34,芹菜,1,附件1规则：普通大棚第一季蔬菜
E8,普通大棚,first,35,大白菜,0,附件1规则：普通大棚第一季蔬菜
E8,普通大棚,first,36,白萝卜,0,附件1规则：普通大棚第一季蔬菜
E8,普通大棚,first,37,红萝卜,0,附件1规则：普通大棚第一季蔬菜
E8,普通大棚,first,38,榆黄菇,0,附件1规则：普通大棚第一季蔬菜
E8,普通大棚,first,39,香菇,0,附件1规则：普通大棚第一季蔬菜
E8,普通大棚,first,40,白灵菇,0,附件1规则：普通大棚第一季蔬菜
E8,普通大棚,first,41,羊肚菌,0,附件1规则：普通大棚第一季蔬菜
E8,普通大棚,second,1,黄豆,0,附件1规则：普通大棚第二季食用菌
E8,普通大棚,second,2,黑豆,0,附件1规则：普通大棚第二季食用菌
E8,普通大棚,second,3,红豆,0,附件1规则：普通大棚第二季食用菌
E8,普通大棚,second,4,绿豆,0,附件1规则：普通大棚第二季食用菌
E8,普通大棚,second,5,爬豆,0,附件1规则：普通大棚第二季食用菌
E8,普通大棚,second,6,小麦,0,附件1规则：普通大棚第二季食用菌
E8,普通大棚,second,7,玉米,0,附件1规则：普通大棚第二季食用菌
E8,普通大棚,second,8,谷子,0,附件1规则：普通大棚第二季食用菌
E8,普通大棚,second,9,高粱,0,附件1规则：普通大棚第二季食用菌
E8,普通大棚,second,10,黍子,0,附件1规则：普通大棚第二季食用菌
E8,普通大棚,second,11,荞麦,0,附件1规则：普通大棚第二季食用菌
E8,普通大棚,second,12,南瓜,0,附件1规则：普通大棚第二季食用菌
E8,普通大棚,second,13,红薯,0,附件1规则：普通大棚第二季食用菌
E8,普通大棚,second,14,莜麦,0,附件1规则：普通大棚第二季食用菌
E8,普通大棚,second,15,大麦,0,附件1规则：普通大棚第二季食用菌
E8,普通大棚,second,16,水稻,0,附件1规则：普通大棚第二季食用菌
E8,普通大棚,second,17,豇豆,0,附件1规则：普通大棚第二季食用菌
E8,普通大棚,second,18,刀豆,0,附件1规则：普通大棚第二季食用菌
E8,普通大棚,second,19,芸豆,0,附件1规则：普通大棚第二季食用菌
E8,普通大棚,second,20,土豆,0,附件1规则：普通大棚第二季食用菌
E8,普通大棚,second,21,西红柿,0,附件1规则：普通大棚第二季食用菌
E8,普通大棚,second,22,茄子,0,附件1规则：普通大棚第二季食用菌
E8,普通大棚,second,23,菠菜,0,附件1规则：普通大棚第二季食用菌
E8,普通大棚,second,24,青椒,0,附件1规则：普通大棚第二季食用菌
E8,普通大棚,second,25,菜花,0,附件1规则：普通大棚第二季食用菌
E8,普通大棚,second,26,包菜,0,附件1规则：普通大棚第二季食用菌
E8,普通大棚,second,27,油麦菜,0,附件1规则：普通大棚第二季食用菌
E8,普通大棚,second,28,小青菜,0,附件1规则：普通大棚第二季食用菌
E8,普通大棚,second,29,黄瓜,0,附件1规则：普通大棚第二季食用菌
E8,普通大棚,second,30,生菜,0,附件1规则：普通大棚第二季食用菌
E8,普通大棚,second,31,辣椒,0,附件1规则：普通大棚第二季食用菌
E8,普通大棚,second,32,空心菜,0,附件1规则：普通大棚第二季食用菌
E8,普通大棚,second,33,黄心菜,0,附件1规则：普通大棚第二季食用菌
E8,普通大棚,second,34,芹菜,0,附件1规则：普通大棚第二季食用菌
E8,普通大棚,second,35,大白菜,0,附件1规则：普通大棚第二季食用菌
E8,普通大棚,second,36,白萝卜,0,附件1规则：普通大棚第二季食用菌
E8,普通大棚,second,37,红萝卜,0,附件1规则：普通大棚第二季食用菌
E8,普通大棚,second,38,榆黄菇,1,附件1规则：普通大棚第二季食用菌
E8,普通大棚,second,39,香菇,1,附件1规则：普通大棚第二季食用菌
E8,普通大棚,second,40,白灵菇,1,附件1规则：普通大棚第二季食用菌
E8,普通大棚,second,41,羊肚菌,1,附件1规则：普通大棚第二季食用菌
E9,普通大棚,first,1,黄豆,0,附件1规则：普通大棚第一季蔬菜
E9,普通大棚,first,2,黑豆,0,附件1规则：普通大棚第一季蔬菜
E9,普通大棚,first,3,红豆,0,附件1规则：普通大棚第一季蔬菜
E9,普通大棚,first,4,绿豆,0,附件1规则：普通大棚第一季蔬菜
E9,普通大棚,first,5,爬豆,0,附件1规则：普通大棚第一季蔬菜
E9,普通大棚,first,6,小麦,0,附件1规则：普通大棚第一季蔬菜
E9,普通大棚,first,7,玉米,0,附件1规则：普通大棚第一季蔬菜
E9,普通大棚,first,8,谷子,0,附件1规则：普通大棚第一季蔬菜
E9,普通大棚,first,9,高粱,0,附件1规则：普通大棚第一季蔬菜
E9,普通大棚,first,10,黍子,0,附件1规则：普通大棚第一季蔬菜
E9,普通大棚,first,11,荞麦,0,附件1规则：普通大棚第一季蔬菜
E9,普通大棚,first,12,南瓜,0,附件1规则：普通大棚第一季蔬菜
E9,普通大棚,first,13,红薯,0,附件1规则：普通大棚第一季蔬菜
E9,普通大棚,first,14,莜麦,0,附件1规则：普通大棚第一季蔬菜
E9,普通大棚,first,15,大麦,0,附件1规则：普通大棚第一季蔬菜
E9,普通大棚,first,16,水稻,0,附件1规则：普通大棚第一季蔬菜
E9,普通大棚,first,17,豇豆,1,附件1规则：普通大棚第一季蔬菜
E9,普通大棚,first,18,刀豆,1,附件1规则：普通大棚第一季蔬菜
E9,普通大棚,first,19,芸豆,1,附件1规则：普通大棚第一季蔬菜
E9,普通大棚,first,20,土豆,1,附件1规则：普通大棚第一季蔬菜
E9,普通大棚,first,21,西红柿,1,附件1规则：普通大棚第一季蔬菜
E9,普通大棚,first,22,茄子,1,附件1规则：普通大棚第一季蔬菜
E9,普通大棚,first,23,菠菜,1,附件1规则：普通大棚第一季蔬菜
E9,普通大棚,first,24,青椒,1,附件1规则：普通大棚第一季蔬菜
E9,普通大棚,first,25,菜花,1,附件1规则：普通大棚第一季蔬菜
E9,普通大棚,first,26,包菜,1,附件1规则：普通大棚第一季蔬菜
E9,普通大棚,first,27,油麦菜,1,附件1规则：普通大棚第一季蔬菜
E9,普通大棚,first,28,小青菜,1,附件1规则：普通大棚第一季蔬菜
E9,普通大棚,first,29,黄瓜,1,附件1规则：普通大棚第一季蔬菜
E9,普通大棚,first,30,生菜,1,附件1规则：普通大棚第一季蔬菜
E9,普通大棚,first,31,辣椒,1,附件1规则：普通大棚第一季蔬菜
E9,普通大棚,first,32,空心菜,1,附件1规则：普通大棚第一季蔬菜
E9,普通大棚,first,33,黄心菜,1,附件1规则：普通大棚第一季蔬菜
E9,普通大棚,first,34,芹菜,1,附件1规则：普通大棚第一季蔬菜
E9,普通大棚,first,35,大白菜,0,附件1规则：普通大棚第一季蔬菜
E9,普通大棚,first,36,白萝卜,0,附件1规则：普通大棚第一季蔬菜
E9,普通大棚,first,37,红萝卜,0,附件1规则：普通大棚第一季蔬菜
E9,普通大棚,first,38,榆黄菇,0,附件1规则：普通大棚第一季蔬菜
E9,普通大棚,first,39,香菇,0,附件1规则：普通大棚第一季蔬菜
E9,普通大棚,first,40,白灵菇,0,附件1规则：普通大棚第一季蔬菜
E9,普通大棚,first,41,羊肚菌,0,附件1规则：普通大棚第一季蔬菜
E9,普通大棚,second,1,黄豆,0,附件1规则：普通大棚第二季食用菌
E9,普通大棚,second,2,黑豆,0,附件1规则：普通大棚第二季食用菌
E9,普通大棚,second,3,红豆,0,附件1规则：普通大棚第二季食用菌
E9,普通大棚,second,4,绿豆,0,附件1规则：普通大棚第二季食用菌
E9,普通大棚,second,5,爬豆,0,附件1规则：普通大棚第二季食用菌
E9,普通大棚,second,6,小麦,0,附件1规则：普通大棚第二季食用菌
E9,普通大棚,second,7,玉米,0,附件1规则：普通大棚第二季食用菌
E9,普通大棚,second,8,谷子,0,附件1规则：普通大棚第二季食用菌
E9,普通大棚,second,9,高粱,0,附件1规则：普通大棚第二季食用菌
E9,普通大棚,second,10,黍子,0,附件1规则：普通大棚第二季食用菌
E9,普通大棚,second,11,荞麦,0,附件1规则：普通大棚第二季食用菌
E9,普通大棚,second,12,南瓜,0,附件1规则：普通大棚第二季食用菌
E9,普通大棚,second,13,红薯,0,附件1规则：普通大棚第二季食用菌
E9,普通大棚,second,14,莜麦,0,附件1规则：普通大棚第二季食用菌
E9,普通大棚,second,15,大麦,0,附件1规则：普通大棚第二季食用菌
E9,普通大棚,second,16,水稻,0,附件1规则：普通大棚第二季食用菌
E9,普通大棚,second,17,豇豆,0,附件1规则：普通大棚第二季食用菌
E9,普通大棚,second,18,刀豆,0,附件1规则：普通大棚第二季食用菌
E9,普通大棚,second,19,芸豆,0,附件1规则：普通大棚第二季食用菌
E9,普通大棚,second,20,土豆,0,附件1规则：普通大棚第二季食用菌
E9,普通大棚,second,21,西红柿,0,附件1规则：普通大棚第二季食用菌
E9,普通大棚,second,22,茄子,0,附件1规则：普通大棚第二季食用菌
E9,普通大棚,second,23,菠菜,0,附件1规则：普通大棚第二季食用菌
E9,普通大棚,second,24,青椒,0,附件1规则：普通大棚第二季食用菌
E9,普通大棚,second,25,菜花,0,附件1规则：普通大棚第二季食用菌
E9,普通大棚,second,26,包菜,0,附件1规则：普通大棚第二季食用菌
E9,普通大棚,second,27,油麦菜,0,附件1规则：普通大棚第二季食用菌
E9,普通大棚,second,28,小青菜,0,附件1规则：普通大棚第二季食用菌
E9,普通大棚,second,29,黄瓜,0,附件1规则：普通大棚第二季食用菌
E9,普通大棚,second,30,生菜,0,附件1规则：普通大棚第二季食用菌
E9,普通大棚,second,31,辣椒,0,附件1规则：普通大棚第二季食用菌
E9,普通大棚,second,32,空心菜,0,附件1规则：普通大棚第二季食用菌
E9,普通大棚,second,33,黄心菜,0,附件1规则：普通大棚第二季食用菌
E9,普通大棚,second,34,芹菜,0,附件1规则：普通大棚第二季食用菌
E9,普通大棚,second,35,大白菜,0,附件1规则：普通大棚第二季食用菌
E9,普通大棚,second,36,白萝卜,0,附件1规则：普通大棚第二季食用菌
E9,普通大棚,second,37,红萝卜,0,附件1规则：普通大棚第二季食用菌
E9,普通大棚,second,38,榆黄菇,1,附件1规则：普通大棚第二季食用菌
E9,普通大棚,second,39,香菇,1,附件1规则：普通大棚第二季食用菌
E9,普通大棚,second,40,白灵菇,1,附件1规则：普通大棚第二季食用菌
E9,普通大棚,second,41,羊肚菌,1,附件1规则：普通大棚第二季食用菌
E10,普通大棚,first,1,黄豆,0,附件1规则：普通大棚第一季蔬菜
E10,普通大棚,first,2,黑豆,0,附件1规则：普通大棚第一季蔬菜
E10,普通大棚,first,3,红豆,0,附件1规则：普通大棚第一季蔬菜
E10,普通大棚,first,4,绿豆,0,附件1规则：普通大棚第一季蔬菜
E10,普通大棚,first,5,爬豆,0,附件1规则：普通大棚第一季蔬菜
E10,普通大棚,first,6,小麦,0,附件1规则：普通大棚第一季蔬菜
E10,普通大棚,first,7,玉米,0,附件1规则：普通大棚第一季蔬菜
E10,普通大棚,first,8,谷子,0,附件1规则：普通大棚第一季蔬菜
E10,普通大棚,first,9,高粱,0,附件1规则：普通大棚第一季蔬菜
E10,普通大棚,first,10,黍子,0,附件1规则：普通大棚第一季蔬菜
E10,普通大棚,first,11,荞麦,0,附件1规则：普通大棚第一季蔬菜
E10,普通大棚,first,12,南瓜,0,附件1规则：普通大棚第一季蔬菜
E10,普通大棚,first,13,红薯,0,附件1规则：普通大棚第一季蔬菜
E10,普通大棚,first,14,莜麦,0,附件1规则：普通大棚第一季蔬菜
E10,普通大棚,first,15,大麦,0,附件1规则：普通大棚第一季蔬菜
E10,普通大棚,first,16,水稻,0,附件1规则：普通大棚第一季蔬菜
E10,普通大棚,first,17,豇豆,1,附件1规则：普通大棚第一季蔬菜
E10,普通大棚,first,18,刀豆,1,附件1规则：普通大棚第一季蔬菜
E10,普通大棚,first,19,芸豆,1,附件1规则：普通大棚第一季蔬菜
E10,普通大棚,first,20,土豆,1,附件1规则：普通大棚第一季蔬菜
E10,普通大棚,first,21,西红柿,1,附件1规则：普通大棚第一季蔬菜
E10,普通大棚,first,22,茄子,1,附件1规则：普通大棚第一季蔬菜
E10,普通大棚,first,23,菠菜,1,附件1规则：普通大棚第一季蔬菜
E10,普通大棚,first,24,青椒,1,附件1规则：普通大棚第一季蔬菜
E10,普通大棚,first,25,菜花,1,附件1规则：普通大棚第一季蔬菜
E10,普通大棚,first,26,包菜,1,附件1规则：普通大棚第一季蔬菜
E10,普通大棚,first,27,油麦菜,1,附件1规则：普通大棚第一季蔬菜
E10,普通大棚,first,28,小青菜,1,附件1规则：普通大棚第一季蔬菜
E10,普通大棚,first,29,黄瓜,1,附件1规则：普通大棚第一季蔬菜
E10,普通大棚,first,30,生菜,1,附件1规则：普通大棚第一季蔬菜
E10,普通大棚,first,31,辣椒,1,附件1规则：普通大棚第一季蔬菜
E10,普通大棚,first,32,空心菜,1,附件1规则：普通大棚第一季蔬菜
E10,普通大棚,first,33,黄心菜,1,附件1规则：普通大棚第一季蔬菜
E10,普通大棚,first,34,芹菜,1,附件1规则：普通大棚第一季蔬菜
E10,普通大棚,first,35,大白菜,0,附件1规则：普通大棚第一季蔬菜
E10,普通大棚,first,36,白萝卜,0,附件1规则：普通大棚第一季蔬菜
E10,普通大棚,first,37,红萝卜,0,附件1规则：普通大棚第一季蔬菜
E10,普通大棚,first,38,榆黄菇,0,附件1规则：普通大棚第一季蔬菜
E10,普通大棚,first,39,香菇,0,附件1规则：普通大棚第一季蔬菜
E10,普通大棚,first,40,白灵菇,0,附件1规则：普通大棚第一季蔬菜
E10,普通大棚,first,41,羊肚菌,0,附件1规则：普通大棚第一季蔬菜
E10,普通大棚,second,1,黄豆,0,附件1规则：普通大棚第二季食用菌
E10,普通大棚,second,2,黑豆,0,附件1规则：普通大棚第二季食用菌
E10,普通大棚,second,3,红豆,0,附件1规则：普通大棚第二季食用菌
E10,普通大棚,second,4,绿豆,0,附件1规则：普通大棚第二季食用菌
E10,普通大棚,second,5,爬豆,0,附件1规则：普通大棚第二季食用菌
E10,普通大棚,second,6,小麦,0,附件1规则：普通大棚第二季食用菌
E10,普通大棚,second,7,玉米,0,附件1规则：普通大棚第二季食用菌
E10,普通大棚,second,8,谷子,0,附件1规则：普通大棚第二季食用菌
E10,普通大棚,second,9,高粱,0,附件1规则：普通大棚第二季食用菌
E10,普通大棚,second,10,黍子,0,附件1规则：普通大棚第二季食用菌
E10,普通大棚,second,11,荞麦,0,附件1规则：普通大棚第二季食用菌
E10,普通大棚,second,12,南瓜,0,附件1规则：普通大棚第二季食用菌
E10,普通大棚,second,13,红薯,0,附件1规则：普通大棚第二季食用菌
E10,普通大棚,second,14,莜麦,0,附件1规则：普通大棚第二季食用菌
E10,普通大棚,second,15,大麦,0,附件1规则：普通大棚第二季食用菌
E10,普通大棚,second,16,水稻,0,附件1规则：普通大棚第二季食用菌
E10,普通大棚,second,17,豇豆,0,附件1规则：普通大棚第二季食用菌
E10,普通大棚,second,18,刀豆,0,附件1规则：普通大棚第二季食用菌
E10,普通大棚,second,19,芸豆,0,附件1规则：普通大棚第二季食用菌
E10,普通大棚,second,20,土豆,0,附件1规则：普通大棚第二季食用菌
E10,普通大棚,second,21,西红柿,0,附件1规则：普通大棚第二季食用菌
E10,普通大棚,second,22,茄子,0,附件1规则：普通大棚第二季食用菌
E10,普通大棚,second,23,菠菜,0,附件1规则：普通大棚第二季食用菌
E10,普通大棚,second,24,青椒,0,附件1规则：普通大棚第二季食用菌
E10,普通大棚,second,25,菜花,0,附件1规则：普通大棚第二季食用菌
E10,普通大棚,second,26,包菜,0,附件1规则：普通大棚第二季食用菌
E10,普通大棚,second,27,油麦菜,0,附件1规则：普通大棚第二季食用菌
E10,普通大棚,second,28,小青菜,0,附件1规则：普通大棚第二季食用菌
E10,普通大棚,second,29,黄瓜,0,附件1规则：普通大棚第二季食用菌
E10,普通大棚,second,30,生菜,0,附件1规则：普通大棚第二季食用菌
E10,普通大棚,second,31,辣椒,0,附件1规则：普通大棚第二季食用菌
E10,普通大棚,second,32,空心菜,0,附件1规则：普通大棚第二季食用菌
E10,普通大棚,second,33,黄心菜,0,附件1规则：普通大棚第二季食用菌
E10,普通大棚,second,34,芹菜,0,附件1规则：普通大棚第二季食用菌
E10,普通大棚,second,35,大白菜,0,附件1规则：普通大棚第二季食用菌
E10,普通大棚,second,36,白萝卜,0,附件1规则：普通大棚第二季食用菌
E10,普通大棚,second,37,红萝卜,0,附件1规则：普通大棚第二季食用菌
E10,普通大棚,second,38,榆黄菇,1,附件1规则：普通大棚第二季食用菌
E10,普通大棚,second,39,香菇,1,附件1规则：普通大棚第二季食用菌
E10,普通大棚,second,40,白灵菇,1,附件1规则：普通大棚第二季食用菌
E10,普通大棚,second,41,羊肚菌,1,附件1规则：普通大棚第二季食用菌
E11,普通大棚,first,1,黄豆,0,附件1规则：普通大棚第一季蔬菜
E11,普通大棚,first,2,黑豆,0,附件1规则：普通大棚第一季蔬菜
E11,普通大棚,first,3,红豆,0,附件1规则：普通大棚第一季蔬菜
E11,普通大棚,first,4,绿豆,0,附件1规则：普通大棚第一季蔬菜
E11,普通大棚,first,5,爬豆,0,附件1规则：普通大棚第一季蔬菜
E11,普通大棚,first,6,小麦,0,附件1规则：普通大棚第一季蔬菜
E11,普通大棚,first,7,玉米,0,附件1规则：普通大棚第一季蔬菜
E11,普通大棚,first,8,谷子,0,附件1规则：普通大棚第一季蔬菜
E11,普通大棚,first,9,高粱,0,附件1规则：普通大棚第一季蔬菜
E11,普通大棚,first,10,黍子,0,附件1规则：普通大棚第一季蔬菜
E11,普通大棚,first,11,荞麦,0,附件1规则：普通大棚第一季蔬菜
E11,普通大棚,first,12,南瓜,0,附件1规则：普通大棚第一季蔬菜
E11,普通大棚,first,13,红薯,0,附件1规则：普通大棚第一季蔬菜
E11,普通大棚,first,14,莜麦,0,附件1规则：普通大棚第一季蔬菜
E11,普通大棚,first,15,大麦,0,附件1规则：普通大棚第一季蔬菜
E11,普通大棚,first,16,水稻,0,附件1规则：普通大棚第一季蔬菜
E11,普通大棚,first,17,豇豆,1,附件1规则：普通大棚第一季蔬菜
E11,普通大棚,first,18,刀豆,1,附件1规则：普通大棚第一季蔬菜
E11,普通大棚,first,19,芸豆,1,附件1规则：普通大棚第一季蔬菜
E11,普通大棚,first,20,土豆,1,附件1规则：普通大棚第一季蔬菜
E11,普通大棚,first,21,西红柿,1,附件1规则：普通大棚第一季蔬菜
E11,普通大棚,first,22,茄子,1,附件1规则：普通大棚第一季蔬菜
E11,普通大棚,first,23,菠菜,1,附件1规则：普通大棚第一季蔬菜
E11,普通大棚,first,24,青椒,1,附件1规则：普通大棚第一季蔬菜
E11,普通大棚,first,25,菜花,1,附件1规则：普通大棚第一季蔬菜
E11,普通大棚,first,26,包菜,1,附件1规则：普通大棚第一季蔬菜
E11,普通大棚,first,27,油麦菜,1,附件1规则：普通大棚第一季蔬菜
E11,普通大棚,first,28,小青菜,1,附件1规则：普通大棚第一季蔬菜
E11,普通大棚,first,29,黄瓜,1,附件1规则：普通大棚第一季蔬菜
E11,普通大棚,first,30,生菜,1,附件1规则：普通大棚第一季蔬菜
E11,普通大棚,first,31,辣椒,1,附件1规则：普通大棚第一季蔬菜
E11,普通大棚,first,32,空心菜,1,附件1规则：普通大棚第一季蔬菜
E11,普通大棚,first,33,黄心菜,1,附件1规则：普通大棚第一季蔬菜
E11,普通大棚,first,34,芹菜,1,附件1规则：普通大棚第一季蔬菜
E11,普通大棚,first,35,大白菜,0,附件1规则：普通大棚第一季蔬菜
E11,普通大棚,first,36,白萝卜,0,附件1规则：普通大棚第一季蔬菜
E11,普通大棚,first,37,红萝卜,0,附件1规则：普通大棚第一季蔬菜
E11,普通大棚,first,38,榆黄菇,0,附件1规则：普通大棚第一季蔬菜
E11,普通大棚,first,39,香菇,0,附件1规则：普通大棚第一季蔬菜
E11,普通大棚,first,40,白灵菇,0,附件1规则：普通大棚第一季蔬菜
E11,普通大棚,first,41,羊肚菌,0,附件1规则：普通大棚第一季蔬菜
E11,普通大棚,second,1,黄豆,0,附件1规则：普通大棚第二季食用菌
E11,普通大棚,second,2,黑豆,0,附件1规则：普通大棚第二季食用菌
E11,普通大棚,second,3,红豆,0,附件1规则：普通大棚第二季食用菌
E11,普通大棚,second,4,绿豆,0,附件1规则：普通大棚第二季食用菌
E11,普通大棚,second,5,爬豆,0,附件1规则：普通大棚第二季食用菌
E11,普通大棚,second,6,小麦,0,附件1规则：普通大棚第二季食用菌
E11,普通大棚,second,7,玉米,0,附件1规则：普通大棚第二季食用菌
E11,普通大棚,second,8,谷子,0,附件1规则：普通大棚第二季食用菌
E11,普通大棚,second,9,高粱,0,附件1规则：普通大棚第二季食用菌
E11,普通大棚,second,10,黍子,0,附件1规则：普通大棚第二季食用菌
E11,普通大棚,second,11,荞麦,0,附件1规则：普通大棚第二季食用菌
E11,普通大棚,second,12,南瓜,0,附件1规则：普通大棚第二季食用菌
E11,普通大棚,second,13,红薯,0,附件1规则：普通大棚第二季食用菌
E11,普通大棚,second,14,莜麦,0,附件1规则：普通大棚第二季食用菌
E11,普通大棚,second,15,大麦,0,附件1规则：普通大棚第二季食用菌
E11,普通大棚,second,16,水稻,0,附件1规则：普通大棚第二季食用菌
E11,普通大棚,second,17,豇豆,0,附件1规则：普通大棚第二季食用菌
E11,普通大棚,second,18,刀豆,0,附件1规则：普通大棚第二季食用菌
E11,普通大棚,second,19,芸豆,0,附件1规则：普通大棚第二季食用菌
E11,普通大棚,second,20,土豆,0,附件1规则：普通大棚第二季食用菌
E11,普通大棚,second,21,西红柿,0,附件1规则：普通大棚第二季食用菌
E11,普通大棚,second,22,茄子,0,附件1规则：普通大棚第二季食用菌
E11,普通大棚,second,23,菠菜,0,附件1规则：普通大棚第二季食用菌
E11,普通大棚,second,24,青椒,0,附件1规则：普通大棚第二季食用菌
E11,普通大棚,second,25,菜花,0,附件1规则：普通大棚第二季食用菌
E11,普通大棚,second,26,包菜,0,附件1规则：普通大棚第二季食用菌
E11,普通大棚,second,27,油麦菜,0,附件1规则：普通大棚第二季食用菌
E11,普通大棚,second,28,小青菜,0,附件1规则：普通大棚第二季食用菌
E11,普通大棚,second,29,黄瓜,0,附件1规则：普通大棚第二季食用菌
E11,普通大棚,second,30,生菜,0,附件1规则：普通大棚第二季食用菌
E11,普通大棚,second,31,辣椒,0,附件1规则：普通大棚第二季食用菌
E11,普通大棚,second,32,空心菜,0,附件1规则：普通大棚第二季食用菌
E11,普通大棚,second,33,黄心菜,0,附件1规则：普通大棚第二季食用菌
E11,普通大棚,second,34,芹菜,0,附件1规则：普通大棚第二季食用菌
E11,普通大棚,second,35,大白菜,0,附件1规则：普通大棚第二季食用菌
E11,普通大棚,second,36,白萝卜,0,附件1规则：普通大棚第二季食用菌
E11,普通大棚,second,37,红萝卜,0,附件1规则：普通大棚第二季食用菌
E11,普通大棚,second,38,榆黄菇,1,附件1规则：普通大棚第二季食用菌
E11,普通大棚,second,39,香菇,1,附件1规则：普通大棚第二季食用菌
E11,普通大棚,second,40,白灵菇,1,附件1规则：普通大棚第二季食用菌
E11,普通大棚,second,41,羊肚菌,1,附件1规则：普通大棚第二季食用菌
E12,普通大棚,first,1,黄豆,0,附件1规则：普通大棚第一季蔬菜
E12,普通大棚,first,2,黑豆,0,附件1规则：普通大棚第一季蔬菜
E12,普通大棚,first,3,红豆,0,附件1规则：普通大棚第一季蔬菜
E12,普通大棚,first,4,绿豆,0,附件1规则：普通大棚第一季蔬菜
E12,普通大棚,first,5,爬豆,0,附件1规则：普通大棚第一季蔬菜
E12,普通大棚,first,6,小麦,0,附件1规则：普通大棚第一季蔬菜
E12,普通大棚,first,7,玉米,0,附件1规则：普通大棚第一季蔬菜
E12,普通大棚,first,8,谷子,0,附件1规则：普通大棚第一季蔬菜
E12,普通大棚,first,9,高粱,0,附件1规则：普通大棚第一季蔬菜
E12,普通大棚,first,10,黍子,0,附件1规则：普通大棚第一季蔬菜
E12,普通大棚,first,11,荞麦,0,附件1规则：普通大棚第一季蔬菜
E12,普通大棚,first,12,南瓜,0,附件1规则：普通大棚第一季蔬菜
E12,普通大棚,first,13,红薯,0,附件1规则：普通大棚第一季蔬菜
E12,普通大棚,first,14,莜麦,0,附件1规则：普通大棚第一季蔬菜
E12,普通大棚,first,15,大麦,0,附件1规则：普通大棚第一季蔬菜
E12,普通大棚,first,16,水稻,0,附件1规则：普通大棚第一季蔬菜
E12,普通大棚,first,17,豇豆,1,附件1规则：普通大棚第一季蔬菜
E12,普通大棚,first,18,刀豆,1,附件1规则：普通大棚第一季蔬菜
E12,普通大棚,first,19,芸豆,1,附件1规则：普通大棚第一季蔬菜
E12,普通大棚,first,20,土豆,1,附件1规则：普通大棚第一季蔬菜
E12,普通大棚,first,21,西红柿,1,附件1规则：普通大棚第一季蔬菜
E12,普通大棚,first,22,茄子,1,附件1规则：普通大棚第一季蔬菜
E12,普通大棚,first,23,菠菜,1,附件1规则：普通大棚第一季蔬菜
E12,普通大棚,first,24,青椒,1,附件1规则：普通大棚第一季蔬菜
E12,普通大棚,first,25,菜花,1,附件1规则：普通大棚第一季蔬菜
E12,普通大棚,first,26,包菜,1,附件1规则：普通大棚第一季蔬菜
E12,普通大棚,first,27,油麦菜,1,附件1规则：普通大棚第一季蔬菜
E12,普通大棚,first,28,小青菜,1,附件1规则：普通大棚第一季蔬菜
E12,普通大棚,first,29,黄瓜,1,附件1规则：普通大棚第一季蔬菜
E12,普通大棚,first,30,生菜,1,附件1规则：普通大棚第一季蔬菜
E12,普通大棚,first,31,辣椒,1,附件1规则：普通大棚第一季蔬菜
E12,普通大棚,first,32,空心菜,1,附件1规则：普通大棚第一季蔬菜
E12,普通大棚,first,33,黄心菜,1,附件1规则：普通大棚第一季蔬菜
E12,普通大棚,first,34,芹菜,1,附件1规则：普通大棚第一季蔬菜
E12,普通大棚,first,35,大白菜,0,附件1规则：普通大棚第一季蔬菜
E12,普通大棚,first,36,白萝卜,0,附件1规则：普通大棚第一季蔬菜
E12,普通大棚,first,37,红萝卜,0,附件1规则：普通大棚第一季蔬菜
E12,普通大棚,first,38,榆黄菇,0,附件1规则：普通大棚第一季蔬菜
E12,普通大棚,first,39,香菇,0,附件1规则：普通大棚第一季蔬菜
E12,普通大棚,first,40,白灵菇,0,附件1规则：普通大棚第一季蔬菜
E12,普通大棚,first,41,羊肚菌,0,附件1规则：普通大棚第一季蔬菜
E12,普通大棚,second,1,黄豆,0,附件1规则：普通大棚第二季食用菌
E12,普通大棚,second,2,黑豆,0,附件1规则：普通大棚第二季食用菌
E12,普通大棚,second,3,红豆,0,附件1规则：普通大棚第二季食用菌
E12,普通大棚,second,4,绿豆,0,附件1规则：普通大棚第二季食用菌
E12,普通大棚,second,5,爬豆,0,附件1规则：普通大棚第二季食用菌
E12,普通大棚,second,6,小麦,0,附件1规则：普通大棚第二季食用菌
E12,普通大棚,second,7,玉米,0,附件1规则：普通大棚第二季食用菌
E12,普通大棚,second,8,谷子,0,附件1规则：普通大棚第二季食用菌
E12,普通大棚,second,9,高粱,0,附件1规则：普通大棚第二季食用菌
E12,普通大棚,second,10,黍子,0,附件1规则：普通大棚第二季食用菌
E12,普通大棚,second,11,荞麦,0,附件1规则：普通大棚第二季食用菌
E12,普通大棚,second,12,南瓜,0,附件1规则：普通大棚第二季食用菌
E12,普通大棚,second,13,红薯,0,附件1规则：普通大棚第二季食用菌
E12,普通大棚,second,14,莜麦,0,附件1规则：普通大棚第二季食用菌
E12,普通大棚,second,15,大麦,0,附件1规则：普通大棚第二季食用菌
E12,普通大棚,second,16,水稻,0,附件1规则：普通大棚第二季食用菌
E12,普通大棚,second,17,豇豆,0,附件1规则：普通大棚第二季食用菌
E12,普通大棚,second,18,刀豆,0,附件1规则：普通大棚第二季食用菌
E12,普通大棚,second,19,芸豆,0,附件1规则：普通大棚第二季食用菌
E12,普通大棚,second,20,土豆,0,附件1规则：普通大棚第二季食用菌
E12,普通大棚,second,21,西红柿,0,附件1规则：普通大棚第二季食用菌
E12,普通大棚,second,22,茄子,0,附件1规则：普通大棚第二季食用菌
E12,普通大棚,second,23,菠菜,0,附件1规则：普通大棚第二季食用菌
E12,普通大棚,second,24,青椒,0,附件1规则：普通大棚第二季食用菌
E12,普通大棚,second,25,菜花,0,附件1规则：普通大棚第二季食用菌
E12,普通大棚,second,26,包菜,0,附件1规则：普通大棚第二季食用菌
E12,普通大棚,second,27,油麦菜,0,附件1规则：普通大棚第二季食用菌
E12,普通大棚,second,28,小青菜,0,附件1规则：普通大棚第二季食用菌
E12,普通大棚,second,29,黄瓜,0,附件1规则：普通大棚第二季食用菌
E12,普通大棚,second,30,生菜,0,附件1规则：普通大棚第二季食用菌
E12,普通大棚,second,31,辣椒,0,附件1规则：普通大棚第二季食用菌
E12,普通大棚,second,32,空心菜,0,附件1规则：普通大棚第二季食用菌
E12,普通大棚,second,33,黄心菜,0,附件1规则：普通大棚第二季食用菌
E12,普通大棚,second,34,芹菜,0,附件1规则：普通大棚第二季食用菌
E12,普通大棚,second,35,大白菜,0,附件1规则：普通大棚第二季食用菌
E12,普通大棚,second,36,白萝卜,0,附件1规则：普通大棚第二季食用菌
E12,普通大棚,second,37,红萝卜,0,附件1规则：普通大棚第二季食用菌
E12,普通大棚,second,38,榆黄菇,1,附件1规则：普通大棚第二季食用菌
E12,普通大棚,second,39,香菇,1,附件1规则：普通大棚第二季食用菌
E12,普通大棚,second,40,白灵菇,1,附件1规则：普通大棚第二季食用菌
E12,普通大棚,second,41,羊肚菌,1,附件1规则：普通大棚第二季食用菌
E13,普通大棚,first,1,黄豆,0,附件1规则：普通大棚第一季蔬菜
E13,普通大棚,first,2,黑豆,0,附件1规则：普通大棚第一季蔬菜
E13,普通大棚,first,3,红豆,0,附件1规则：普通大棚第一季蔬菜
E13,普通大棚,first,4,绿豆,0,附件1规则：普通大棚第一季蔬菜
E13,普通大棚,first,5,爬豆,0,附件1规则：普通大棚第一季蔬菜
E13,普通大棚,first,6,小麦,0,附件1规则：普通大棚第一季蔬菜
E13,普通大棚,first,7,玉米,0,附件1规则：普通大棚第一季蔬菜
E13,普通大棚,first,8,谷子,0,附件1规则：普通大棚第一季蔬菜
E13,普通大棚,first,9,高粱,0,附件1规则：普通大棚第一季蔬菜
E13,普通大棚,first,10,黍子,0,附件1规则：普通大棚第一季蔬菜
E13,普通大棚,first,11,荞麦,0,附件1规则：普通大棚第一季蔬菜
E13,普通大棚,first,12,南瓜,0,附件1规则：普通大棚第一季蔬菜
E13,普通大棚,first,13,红薯,0,附件1规则：普通大棚第一季蔬菜
E13,普通大棚,first,14,莜麦,0,附件1规则：普通大棚第一季蔬菜
E13,普通大棚,first,15,大麦,0,附件1规则：普通大棚第一季蔬菜
E13,普通大棚,first,16,水稻,0,附件1规则：普通大棚第一季蔬菜
E13,普通大棚,first,17,豇豆,1,附件1规则：普通大棚第一季蔬菜
E13,普通大棚,first,18,刀豆,1,附件1规则：普通大棚第一季蔬菜
E13,普通大棚,first,19,芸豆,1,附件1规则：普通大棚第一季蔬菜
E13,普通大棚,first,20,土豆,1,附件1规则：普通大棚第一季蔬菜
E13,普通大棚,first,21,西红柿,1,附件1规则：普通大棚第一季蔬菜
E13,普通大棚,first,22,茄子,1,附件1规则：普通大棚第一季蔬菜
E13,普通大棚,first,23,菠菜,1,附件1规则：普通大棚第一季蔬菜
E13,普通大棚,first,24,青椒,1,附件1规则：普通大棚第一季蔬菜
E13,普通大棚,first,25,菜花,1,附件1规则：普通大棚第一季蔬菜
E13,普通大棚,first,26,包菜,1,附件1规则：普通大棚第一季蔬菜
E13,普通大棚,first,27,油麦菜,1,附件1规则：普通大棚第一季蔬菜
E13,普通大棚,first,28,小青菜,1,附件1规则：普通大棚第一季蔬菜
E13,普通大棚,first,29,黄瓜,1,附件1规则：普通大棚第一季蔬菜
E13,普通大棚,first,30,生菜,1,附件1规则：普通大棚第一季蔬菜
E13,普通大棚,first,31,辣椒,1,附件1规则：普通大棚第一季蔬菜
E13,普通大棚,first,32,空心菜,1,附件1规则：普通大棚第一季蔬菜
E13,普通大棚,first,33,黄心菜,1,附件1规则：普通大棚第一季蔬菜
E13,普通大棚,first,34,芹菜,1,附件1规则：普通大棚第一季蔬菜
E13,普通大棚,first,35,大白菜,0,附件1规则：普通大棚第一季蔬菜
E13,普通大棚,first,36,白萝卜,0,附件1规则：普通大棚第一季蔬菜
E13,普通大棚,first,37,红萝卜,0,附件1规则：普通大棚第一季蔬菜
E13,普通大棚,first,38,榆黄菇,0,附件1规则：普通大棚第一季蔬菜
E13,普通大棚,first,39,香菇,0,附件1规则：普通大棚第一季蔬菜
E13,普通大棚,first,40,白灵菇,0,附件1规则：普通大棚第一季蔬菜
E13,普通大棚,first,41,羊肚菌,0,附件1规则：普通大棚第一季蔬菜
E13,普通大棚,second,1,黄豆,0,附件1规则：普通大棚第二季食用菌
E13,普通大棚,second,2,黑豆,0,附件1规则：普通大棚第二季食用菌
E13,普通大棚,second,3,红豆,0,附件1规则：普通大棚第二季食用菌
E13,普通大棚,second,4,绿豆,0,附件1规则：普通大棚第二季食用菌
E13,普通大棚,second,5,爬豆,0,附件1规则：普通大棚第二季食用菌
E13,普通大棚,second,6,小麦,0,附件1规则：普通大棚第二季食用菌
E13,普通大棚,second,7,玉米,0,附件1规则：普通大棚第二季食用菌
E13,普通大棚,second,8,谷子,0,附件1规则：普通大棚第二季食用菌
E13,普通大棚,second,9,高粱,0,附件1规则：普通大棚第二季食用菌
E13,普通大棚,second,10,黍子,0,附件1规则：普通大棚第二季食用菌
E13,普通大棚,second,11,荞麦,0,附件1规则：普通大棚第二季食用菌
E13,普通大棚,second,12,南瓜,0,附件1规则：普通大棚第二季食用菌
E13,普通大棚,second,13,红薯,0,附件1规则：普通大棚第二季食用菌
E13,普通大棚,second,14,莜麦,0,附件1规则：普通大棚第二季食用菌
E13,普通大棚,second,15,大麦,0,附件1规则：普通大棚第二季食用菌
E13,普通大棚,second,16,水稻,0,附件1规则：普通大棚第二季食用菌
E13,普通大棚,second,17,豇豆,0,附件1规则：普通大棚第二季食用菌
E13,普通大棚,second,18,刀豆,0,附件1规则：普通大棚第二季食用菌
E13,普通大棚,second,19,芸豆,0,附件1规则：普通大棚第二季食用菌
E13,普通大棚,second,20,土豆,0,附件1规则：普通大棚第二季食用菌
E13,普通大棚,second,21,西红柿,0,附件1规则：普通大棚第二季食用菌
E13,普通大棚,second,22,茄子,0,附件1规则：普通大棚第二季食用菌
E13,普通大棚,second,23,菠菜,0,附件1规则：普通大棚第二季食用菌
E13,普通大棚,second,24,青椒,0,附件1规则：普通大棚第二季食用菌
E13,普通大棚,second,25,菜花,0,附件1规则：普通大棚第二季食用菌
E13,普通大棚,second,26,包菜,0,附件1规则：普通大棚第二季食用菌
E13,普通大棚,second,27,油麦菜,0,附件1规则：普通大棚第二季食用菌
E13,普通大棚,second,28,小青菜,0,附件1规则：普通大棚第二季食用菌
E13,普通大棚,second,29,黄瓜,0,附件1规则：普通大棚第二季食用菌
E13,普通大棚,second,30,生菜,0,附件1规则：普通大棚第二季食用菌
E13,普通大棚,second,31,辣椒,0,附件1规则：普通大棚第二季食用菌
E13,普通大棚,second,32,空心菜,0,附件1规则：普通大棚第二季食用菌
E13,普通大棚,second,33,黄心菜,0,附件1规则：普通大棚第二季食用菌
E13,普通大棚,second,34,芹菜,0,附件1规则：普通大棚第二季食用菌
E13,普通大棚,second,35,大白菜,0,附件1规则：普通大棚第二季食用菌
E13,普通大棚,second,36,白萝卜,0,附件1规则：普通大棚第二季食用菌
E13,普通大棚,second,37,红萝卜,0,附件1规则：普通大棚第二季食用菌
E13,普通大棚,second,38,榆黄菇,1,附件1规则：普通大棚第二季食用菌
E13,普通大棚,second,39,香菇,1,附件1规则：普通大棚第二季食用菌
E13,普通大棚,second,40,白灵菇,1,附件1规则：普通大棚第二季食用菌
E13,普通大棚,second,41,羊肚菌,1,附件1规则：普通大棚第二季食用菌
E14,普通大棚,first,1,黄豆,0,附件1规则：普通大棚第一季蔬菜
E14,普通大棚,first,2,黑豆,0,附件1规则：普通大棚第一季蔬菜
E14,普通大棚,first,3,红豆,0,附件1规则：普通大棚第一季蔬菜
E14,普通大棚,first,4,绿豆,0,附件1规则：普通大棚第一季蔬菜
E14,普通大棚,first,5,爬豆,0,附件1规则：普通大棚第一季蔬菜
E14,普通大棚,first,6,小麦,0,附件1规则：普通大棚第一季蔬菜
E14,普通大棚,first,7,玉米,0,附件1规则：普通大棚第一季蔬菜
E14,普通大棚,first,8,谷子,0,附件1规则：普通大棚第一季蔬菜
E14,普通大棚,first,9,高粱,0,附件1规则：普通大棚第一季蔬菜
E14,普通大棚,first,10,黍子,0,附件1规则：普通大棚第一季蔬菜
E14,普通大棚,first,11,荞麦,0,附件1规则：普通大棚第一季蔬菜
E14,普通大棚,first,12,南瓜,0,附件1规则：普通大棚第一季蔬菜
E14,普通大棚,first,13,红薯,0,附件1规则：普通大棚第一季蔬菜
E14,普通大棚,first,14,莜麦,0,附件1规则：普通大棚第一季蔬菜
E14,普通大棚,first,15,大麦,0,附件1规则：普通大棚第一季蔬菜
E14,普通大棚,first,16,水稻,0,附件1规则：普通大棚第一季蔬菜
E14,普通大棚,first,17,豇豆,1,附件1规则：普通大棚第一季蔬菜
E14,普通大棚,first,18,刀豆,1,附件1规则：普通大棚第一季蔬菜
E14,普通大棚,first,19,芸豆,1,附件1规则：普通大棚第一季蔬菜
E14,普通大棚,first,20,土豆,1,附件1规则：普通大棚第一季蔬菜
E14,普通大棚,first,21,西红柿,1,附件1规则：普通大棚第一季蔬菜
E14,普通大棚,first,22,茄子,1,附件1规则：普通大棚第一季蔬菜
E14,普通大棚,first,23,菠菜,1,附件1规则：普通大棚第一季蔬菜
E14,普通大棚,first,24,青椒,1,附件1规则：普通大棚第一季蔬菜
E14,普通大棚,first,25,菜花,1,附件1规则：普通大棚第一季蔬菜
E14,普通大棚,first,26,包菜,1,附件1规则：普通大棚第一季蔬菜
E14,普通大棚,first,27,油麦菜,1,附件1规则：普通大棚第一季蔬菜
E14,普通大棚,first,28,小青菜,1,附件1规则：普通大棚第一季蔬菜
E14,普通大棚,first,29,黄瓜,1,附件1规则：普通大棚第一季蔬菜
E14,普通大棚,first,30,生菜,1,附件1规则：普通大棚第一季蔬菜
E14,普通大棚,first,31,辣椒,1,附件1规则：普通大棚第一季蔬菜
E14,普通大棚,first,32,空心菜,1,附件1规则：普通大棚第一季蔬菜
E14,普通大棚,first,33,黄心菜,1,附件1规则：普通大棚第一季蔬菜
E14,普通大棚,first,34,芹菜,1,附件1规则：普通大棚第一季蔬菜
E14,普通大棚,first,35,大白菜,0,附件1规则：普通大棚第一季蔬菜
E14,普通大棚,first,36,白萝卜,0,附件1规则：普通大棚第一季蔬菜
E14,普通大棚,first,37,红萝卜,0,附件1规则：普通大棚第一季蔬菜
E14,普通大棚,first,38,榆黄菇,0,附件1规则：普通大棚第一季蔬菜
E14,普通大棚,first,39,香菇,0,附件1规则：普通大棚第一季蔬菜
E14,普通大棚,first,40,白灵菇,0,附件1规则：普通大棚第一季蔬菜
E14,普通大棚,first,41,羊肚菌,0,附件1规则：普通大棚第一季蔬菜
E14,普通大棚,second,1,黄豆,0,附件1规则：普通大棚第二季食用菌
E14,普通大棚,second,2,黑豆,0,附件1规则：普通大棚第二季食用菌
E14,普通大棚,second,3,红豆,0,附件1规则：普通大棚第二季食用菌
E14,普通大棚,second,4,绿豆,0,附件1规则：普通大棚第二季食用菌
E14,普通大棚,second,5,爬豆,0,附件1规则：普通大棚第二季食用菌
E14,普通大棚,second,6,小麦,0,附件1规则：普通大棚第二季食用菌
E14,普通大棚,second,7,玉米,0,附件1规则：普通大棚第二季食用菌
E14,普通大棚,second,8,谷子,0,附件1规则：普通大棚第二季食用菌
E14,普通大棚,second,9,高粱,0,附件1规则：普通大棚第二季食用菌
E14,普通大棚,second,10,黍子,0,附件1规则：普通大棚第二季食用菌
E14,普通大棚,second,11,荞麦,0,附件1规则：普通大棚第二季食用菌
E14,普通大棚,second,12,南瓜,0,附件1规则：普通大棚第二季食用菌
E14,普通大棚,second,13,红薯,0,附件1规则：普通大棚第二季食用菌
E14,普通大棚,second,14,莜麦,0,附件1规则：普通大棚第二季食用菌
E14,普通大棚,second,15,大麦,0,附件1规则：普通大棚第二季食用菌
E14,普通大棚,second,16,水稻,0,附件1规则：普通大棚第二季食用菌
E14,普通大棚,second,17,豇豆,0,附件1规则：普通大棚第二季食用菌
E14,普通大棚,second,18,刀豆,0,附件1规则：普通大棚第二季食用菌
E14,普通大棚,second,19,芸豆,0,附件1规则：普通大棚第二季食用菌
E14,普通大棚,second,20,土豆,0,附件1规则：普通大棚第二季食用菌
E14,普通大棚,second,21,西红柿,0,附件1规则：普通大棚第二季食用菌
E14,普通大棚,second,22,茄子,0,附件1规则：普通大棚第二季食用菌
E14,普通大棚,second,23,菠菜,0,附件1规则：普通大棚第二季食用菌
E14,普通大棚,second,24,青椒,0,附件1规则：普通大棚第二季食用菌
E14,普通大棚,second,25,菜花,0,附件1规则：普通大棚第二季食用菌
E14,普通大棚,second,26,包菜,0,附件1规则：普通大棚第二季食用菌
E14,普通大棚,second,27,油麦菜,0,附件1规则：普通大棚第二季食用菌
E14,普通大棚,second,28,小青菜,0,附件1规则：普通大棚第二季食用菌
E14,普通大棚,second,29,黄瓜,0,附件1规则：普通大棚第二季食用菌
E14,普通大棚,second,30,生菜,0,附件1规则：普通大棚第二季食用菌
E14,普通大棚,second,31,辣椒,0,附件1规则：普通大棚第二季食用菌
E14,普通大棚,second,32,空心菜,0,附件1规则：普通大棚第二季食用菌
E14,普通大棚,second,33,黄心菜,0,附件1规则：普通大棚第二季食用菌
E14,普通大棚,second,34,芹菜,0,附件1规则：普通大棚第二季食用菌
E14,普通大棚,second,35,大白菜,0,附件1规则：普通大棚第二季食用菌
E14,普通大棚,second,36,白萝卜,0,附件1规则：普通大棚第二季食用菌
E14,普通大棚,second,37,红萝卜,0,附件1规则：普通大棚第二季食用菌
E14,普通大棚,second,38,榆黄菇,1,附件1规则：普通大棚第二季食用菌
E14,普通大棚,second,39,香菇,1,附件1规则：普通大棚第二季食用菌
E14,普通大棚,second,40,白灵菇,1,附件1规则：普通大棚第二季食用菌
E14,普通大棚,second,41,羊肚菌,1,附件1规则：普通大棚第二季食用菌
E15,普通大棚,first,1,黄豆,0,附件1规则：普通大棚第一季蔬菜
E15,普通大棚,first,2,黑豆,0,附件1规则：普通大棚第一季蔬菜
E15,普通大棚,first,3,红豆,0,附件1规则：普通大棚第一季蔬菜
E15,普通大棚,first,4,绿豆,0,附件1规则：普通大棚第一季蔬菜
E15,普通大棚,first,5,爬豆,0,附件1规则：普通大棚第一季蔬菜
E15,普通大棚,first,6,小麦,0,附件1规则：普通大棚第一季蔬菜
E15,普通大棚,first,7,玉米,0,附件1规则：普通大棚第一季蔬菜
E15,普通大棚,first,8,谷子,0,附件1规则：普通大棚第一季蔬菜
E15,普通大棚,first,9,高粱,0,附件1规则：普通大棚第一季蔬菜
E15,普通大棚,first,10,黍子,0,附件1规则：普通大棚第一季蔬菜
E15,普通大棚,first,11,荞麦,0,附件1规则：普通大棚第一季蔬菜
E15,普通大棚,first,12,南瓜,0,附件1规则：普通大棚第一季蔬菜
E15,普通大棚,first,13,红薯,0,附件1规则：普通大棚第一季蔬菜
E15,普通大棚,first,14,莜麦,0,附件1规则：普通大棚第一季蔬菜
E15,普通大棚,first,15,大麦,0,附件1规则：普通大棚第一季蔬菜
E15,普通大棚,first,16,水稻,0,附件1规则：普通大棚第一季蔬菜
E15,普通大棚,first,17,豇豆,1,附件1规则：普通大棚第一季蔬菜
E15,普通大棚,first,18,刀豆,1,附件1规则：普通大棚第一季蔬菜
E15,普通大棚,first,19,芸豆,1,附件1规则：普通大棚第一季蔬菜
E15,普通大棚,first,20,土豆,1,附件1规则：普通大棚第一季蔬菜
E15,普通大棚,first,21,西红柿,1,附件1规则：普通大棚第一季蔬菜
E15,普通大棚,first,22,茄子,1,附件1规则：普通大棚第一季蔬菜
E15,普通大棚,first,23,菠菜,1,附件1规则：普通大棚第一季蔬菜
E15,普通大棚,first,24,青椒,1,附件1规则：普通大棚第一季蔬菜
E15,普通大棚,first,25,菜花,1,附件1规则：普通大棚第一季蔬菜
E15,普通大棚,first,26,包菜,1,附件1规则：普通大棚第一季蔬菜
E15,普通大棚,first,27,油麦菜,1,附件1规则：普通大棚第一季蔬菜
E15,普通大棚,first,28,小青菜,1,附件1规则：普通大棚第一季蔬菜
E15,普通大棚,first,29,黄瓜,1,附件1规则：普通大棚第一季蔬菜
E15,普通大棚,first,30,生菜,1,附件1规则：普通大棚第一季蔬菜
E15,普通大棚,first,31,辣椒,1,附件1规则：普通大棚第一季蔬菜
E15,普通大棚,first,32,空心菜,1,附件1规则：普通大棚第一季蔬菜
E15,普通大棚,first,33,黄心菜,1,附件1规则：普通大棚第一季蔬菜
E15,普通大棚,first,34,芹菜,1,附件1规则：普通大棚第一季蔬菜
E15,普通大棚,first,35,大白菜,0,附件1规则：普通大棚第一季蔬菜
E15,普通大棚,first,36,白萝卜,0,附件1规则：普通大棚第一季蔬菜
E15,普通大棚,first,37,红萝卜,0,附件1规则：普通大棚第一季蔬菜
E15,普通大棚,first,38,榆黄菇,0,附件1规则：普通大棚第一季蔬菜
E15,普通大棚,first,39,香菇,0,附件1规则：普通大棚第一季蔬菜
E15,普通大棚,first,40,白灵菇,0,附件1规则：普通大棚第一季蔬菜
E15,普通大棚,first,41,羊肚菌,0,附件1规则：普通大棚第一季蔬菜
E15,普通大棚,second,1,黄豆,0,附件1规则：普通大棚第二季食用菌
E15,普通大棚,second,2,黑豆,0,附件1规则：普通大棚第二季食用菌
E15,普通大棚,second,3,红豆,0,附件1规则：普通大棚第二季食用菌
E15,普通大棚,second,4,绿豆,0,附件1规则：普通大棚第二季食用菌
E15,普通大棚,second,5,爬豆,0,附件1规则：普通大棚第二季食用菌
E15,普通大棚,second,6,小麦,0,附件1规则：普通大棚第二季食用菌
E15,普通大棚,second,7,玉米,0,附件1规则：普通大棚第二季食用菌
E15,普通大棚,second,8,谷子,0,附件1规则：普通大棚第二季食用菌
E15,普通大棚,second,9,高粱,0,附件1规则：普通大棚第二季食用菌
E15,普通大棚,second,10,黍子,0,附件1规则：普通大棚第二季食用菌
E15,普通大棚,second,11,荞麦,0,附件1规则：普通大棚第二季食用菌
E15,普通大棚,second,12,南瓜,0,附件1规则：普通大棚第二季食用菌
E15,普通大棚,second,13,红薯,0,附件1规则：普通大棚第二季食用菌
E15,普通大棚,second,14,莜麦,0,附件1规则：普通大棚第二季食用菌
E15,普通大棚,second,15,大麦,0,附件1规则：普通大棚第二季食用菌
E15,普通大棚,second,16,水稻,0,附件1规则：普通大棚第二季食用菌
E15,普通大棚,second,17,豇豆,0,附件1规则：普通大棚第二季食用菌
E15,普通大棚,second,18,刀豆,0,附件1规则：普通大棚第二季食用菌
E15,普通大棚,second,19,芸豆,0,附件1规则：普通大棚第二季食用菌
E15,普通大棚,second,20,土豆,0,附件1规则：普通大棚第二季食用菌
E15,普通大棚,second,21,西红柿,0,附件1规则：普通大棚第二季食用菌
E15,普通大棚,second,22,茄子,0,附件1规则：普通大棚第二季食用菌
E15,普通大棚,second,23,菠菜,0,附件1规则：普通大棚第二季食用菌
E15,普通大棚,second,24,青椒,0,附件1规则：普通大棚第二季食用菌
E15,普通大棚,second,25,菜花,0,附件1规则：普通大棚第二季食用菌
E15,普通大棚,second,26,包菜,0,附件1规则：普通大棚第二季食用菌
E15,普通大棚,second,27,油麦菜,0,附件1规则：普通大棚第二季食用菌
E15,普通大棚,second,28,小青菜,0,附件1规则：普通大棚第二季食用菌
E15,普通大棚,second,29,黄瓜,0,附件1规则：普通大棚第二季食用菌
E15,普通大棚,second,30,生菜,0,附件1规则：普通大棚第二季食用菌
E15,普通大棚,second,31,辣椒,0,附件1规则：普通大棚第二季食用菌
E15,普通大棚,second,32,空心菜,0,附件1规则：普通大棚第二季食用菌
E15,普通大棚,second,33,黄心菜,0,附件1规则：普通大棚第二季食用菌
E15,普通大棚,second,34,芹菜,0,附件1规则：普通大棚第二季食用菌
E15,普通大棚,second,35,大白菜,0,附件1规则：普通大棚第二季食用菌
E15,普通大棚,second,36,白萝卜,0,附件1规则：普通大棚第二季食用菌
E15,普通大棚,second,37,红萝卜,0,附件1规则：普通大棚第二季食用菌
E15,普通大棚,second,38,榆黄菇,1,附件1规则：普通大棚第二季食用菌
E15,普通大棚,second,39,香菇,1,附件1规则：普通大棚第二季食用菌
E15,普通大棚,second,40,白灵菇,1,附件1规则：普通大棚第二季食用菌
E15,普通大棚,second,41,羊肚菌,1,附件1规则：普通大棚第二季食用菌
E16,普通大棚,first,1,黄豆,0,附件1规则：普通大棚第一季蔬菜
E16,普通大棚,first,2,黑豆,0,附件1规则：普通大棚第一季蔬菜
E16,普通大棚,first,3,红豆,0,附件1规则：普通大棚第一季蔬菜
E16,普通大棚,first,4,绿豆,0,附件1规则：普通大棚第一季蔬菜
E16,普通大棚,first,5,爬豆,0,附件1规则：普通大棚第一季蔬菜
E16,普通大棚,first,6,小麦,0,附件1规则：普通大棚第一季蔬菜
E16,普通大棚,first,7,玉米,0,附件1规则：普通大棚第一季蔬菜
E16,普通大棚,first,8,谷子,0,附件1规则：普通大棚第一季蔬菜
E16,普通大棚,first,9,高粱,0,附件1规则：普通大棚第一季蔬菜
E16,普通大棚,first,10,黍子,0,附件1规则：普通大棚第一季蔬菜
E16,普通大棚,first,11,荞麦,0,附件1规则：普通大棚第一季蔬菜
E16,普通大棚,first,12,南瓜,0,附件1规则：普通大棚第一季蔬菜
E16,普通大棚,first,13,红薯,0,附件1规则：普通大棚第一季蔬菜
E16,普通大棚,first,14,莜麦,0,附件1规则：普通大棚第一季蔬菜
E16,普通大棚,first,15,大麦,0,附件1规则：普通大棚第一季蔬菜
E16,普通大棚,first,16,水稻,0,附件1规则：普通大棚第一季蔬菜
E16,普通大棚,first,17,豇豆,1,附件1规则：普通大棚第一季蔬菜
E16,普通大棚,first,18,刀豆,1,附件1规则：普通大棚第一季蔬菜
E16,普通大棚,first,19,芸豆,1,附件1规则：普通大棚第一季蔬菜
E16,普通大棚,first,20,土豆,1,附件1规则：普通大棚第一季蔬菜
E16,普通大棚,first,21,西红柿,1,附件1规则：普通大棚第一季蔬菜
E16,普通大棚,first,22,茄子,1,附件1规则：普通大棚第一季蔬菜
E16,普通大棚,first,23,菠菜,1,附件1规则：普通大棚第一季蔬菜
E16,普通大棚,first,24,青椒,1,附件1规则：普通大棚第一季蔬菜
E16,普通大棚,first,25,菜花,1,附件1规则：普通大棚第一季蔬菜
E16,普通大棚,first,26,包菜,1,附件1规则：普通大棚第一季蔬菜
E16,普通大棚,first,27,油麦菜,1,附件1规则：普通大棚第一季蔬菜
E16,普通大棚,first,28,小青菜,1,附件1规则：普通大棚第一季蔬菜
E16,普通大棚,first,29,黄瓜,1,附件1规则：普通大棚第一季蔬菜
E16,普通大棚,first,30,生菜,1,附件1规则：普通大棚第一季蔬菜
E16,普通大棚,first,31,辣椒,1,附件1规则：普通大棚第一季蔬菜
E16,普通大棚,first,32,空心菜,1,附件1规则：普通大棚第一季蔬菜
E16,普通大棚,first,33,黄心菜,1,附件1规则：普通大棚第一季蔬菜
E16,普通大棚,first,34,芹菜,1,附件1规则：普通大棚第一季蔬菜
E16,普通大棚,first,35,大白菜,0,附件1规则：普通大棚第一季蔬菜
E16,普通大棚,first,36,白萝卜,0,附件1规则：普通大棚第一季蔬菜
E16,普通大棚,first,37,红萝卜,0,附件1规则：普通大棚第一季蔬菜
E16,普通大棚,first,38,榆黄菇,0,附件1规则：普通大棚第一季蔬菜
E16,普通大棚,first,39,香菇,0,附件1规则：普通大棚第一季蔬菜
E16,普通大棚,first,40,白灵菇,0,附件1规则：普通大棚第一季蔬菜
E16,普通大棚,first,41,羊肚菌,0,附件1规则：普通大棚第一季蔬菜
E16,普通大棚,second,1,黄豆,0,附件1规则：普通大棚第二季食用菌
E16,普通大棚,second,2,黑豆,0,附件1规则：普通大棚第二季食用菌
E16,普通大棚,second,3,红豆,0,附件1规则：普通大棚第二季食用菌
E16,普通大棚,second,4,绿豆,0,附件1规则：普通大棚第二季食用菌
E16,普通大棚,second,5,爬豆,0,附件1规则：普通大棚第二季食用菌
E16,普通大棚,second,6,小麦,0,附件1规则：普通大棚第二季食用菌
E16,普通大棚,second,7,玉米,0,附件1规则：普通大棚第二季食用菌
E16,普通大棚,second,8,谷子,0,附件1规则：普通大棚第二季食用菌
E16,普通大棚,second,9,高粱,0,附件1规则：普通大棚第二季食用菌
E16,普通大棚,second,10,黍子,0,附件1规则：普通大棚第二季食用菌
E16,普通大棚,second,11,荞麦,0,附件1规则：普通大棚第二季食用菌
E16,普通大棚,second,12,南瓜,0,附件1规则：普通大棚第二季食用菌
E16,普通大棚,second,13,红薯,0,附件1规则：普通大棚第二季食用菌
E16,普通大棚,second,14,莜麦,0,附件1规则：普通大棚第二季食用菌
E16,普通大棚,second,15,大麦,0,附件1规则：普通大棚第二季食用菌
E16,普通大棚,second,16,水稻,0,附件1规则：普通大棚第二季食用菌
E16,普通大棚,second,17,豇豆,0,附件1规则：普通大棚第二季食用菌
E16,普通大棚,second,18,刀豆,0,附件1规则：普通大棚第二季食用菌
E16,普通大棚,second,19,芸豆,0,附件1规则：普通大棚第二季食用菌
E16,普通大棚,second,20,土豆,0,附件1规则：普通大棚第二季食用菌
E16,普通大棚,second,21,西红柿,0,附件1规则：普通大棚第二季食用菌
E16,普通大棚,second,22,茄子,0,附件1规则：普通大棚第二季食用菌
E16,普通大棚,second,23,菠菜,0,附件1规则：普通大棚第二季食用菌
E16,普通大棚,second,24,青椒,0,附件1规则：普通大棚第二季食用菌
E16,普通大棚,second,25,菜花,0,附件1规则：普通大棚第二季食用菌
E16,普通大棚,second,26,包菜,0,附件1规则：普通大棚第二季食用菌
E16,普通大棚,second,27,油麦菜,0,附件1规则：普通大棚第二季食用菌
E16,普通大棚,second,28,小青菜,0,附件1规则：普通大棚第二季食用菌
E16,普通大棚,second,29,黄瓜,0,附件1规则：普通大棚第二季食用菌
E16,普通大棚,second,30,生菜,0,附件1规则：普通大棚第二季食用菌
E16,普通大棚,second,31,辣椒,0,附件1规则：普通大棚第二季食用菌
E16,普通大棚,second,32,空心菜,0,附件1规则：普通大棚第二季食用菌
E16,普通大棚,second,33,黄心菜,0,附件1规则：普通大棚第二季食用菌
E16,普通大棚,second,34,芹菜,0,附件1规则：普通大棚第二季食用菌
E16,普通大棚,second,35,大白菜,0,附件1规则：普通大棚第二季食用菌
E16,普通大棚,second,36,白萝卜,0,附件1规则：普通大棚第二季食用菌
E16,普通大棚,second,37,红萝卜,0,附件1规则：普通大棚第二季食用菌
E16,普通大棚,second,38,榆黄菇,1,附件1规则：普通大棚第二季食用菌
E16,普通大棚,second,39,香菇,1,附件1规则：普通大棚第二季食用菌
E16,普通大棚,second,40,白灵菇,1,附件1规则：普通大棚第二季食用菌
E16,普通大棚,second,41,羊肚菌,1,附件1规则：普通大棚第二季食用菌
F1,智慧大棚,first,1,黄豆,0,附件1规则：智慧大棚两季蔬菜
F1,智慧大棚,first,2,黑豆,0,附件1规则：智慧大棚两季蔬菜
F1,智慧大棚,first,3,红豆,0,附件1规则：智慧大棚两季蔬菜
F1,智慧大棚,first,4,绿豆,0,附件1规则：智慧大棚两季蔬菜
F1,智慧大棚,first,5,爬豆,0,附件1规则：智慧大棚两季蔬菜
F1,智慧大棚,first,6,小麦,0,附件1规则：智慧大棚两季蔬菜
F1,智慧大棚,first,7,玉米,0,附件1规则：智慧大棚两季蔬菜
F1,智慧大棚,first,8,谷子,0,附件1规则：智慧大棚两季蔬菜
F1,智慧大棚,first,9,高粱,0,附件1规则：智慧大棚两季蔬菜
F1,智慧大棚,first,10,黍子,0,附件1规则：智慧大棚两季蔬菜
F1,智慧大棚,first,11,荞麦,0,附件1规则：智慧大棚两季蔬菜
F1,智慧大棚,first,12,南瓜,0,附件1规则：智慧大棚两季蔬菜
F1,智慧大棚,first,13,红薯,0,附件1规则：智慧大棚两季蔬菜
F1,智慧大棚,first,14,莜麦,0,附件1规则：智慧大棚两季蔬菜
F1,智慧大棚,first,15,大麦,0,附件1规则：智慧大棚两季蔬菜
F1,智慧大棚,first,16,水稻,0,附件1规则：智慧大棚两季蔬菜
F1,智慧大棚,first,17,豇豆,1,附件1规则：智慧大棚两季蔬菜
F1,智慧大棚,first,18,刀豆,1,附件1规则：智慧大棚两季蔬菜
F1,智慧大棚,first,19,芸豆,1,附件1规则：智慧大棚两季蔬菜
F1,智慧大棚,first,20,土豆,1,附件1规则：智慧大棚两季蔬菜
F1,智慧大棚,first,21,西红柿,1,附件1规则：智慧大棚两季蔬菜
F1,智慧大棚,first,22,茄子,1,附件1规则：智慧大棚两季蔬菜
F1,智慧大棚,first,23,菠菜,1,附件1规则：智慧大棚两季蔬菜
F1,智慧大棚,first,24,青椒,1,附件1规则：智慧大棚两季蔬菜
F1,智慧大棚,first,25,菜花,1,附件1规则：智慧大棚两季蔬菜
F1,智慧大棚,first,26,包菜,1,附件1规则：智慧大棚两季蔬菜
F1,智慧大棚,first,27,油麦菜,1,附件1规则：智慧大棚两季蔬菜
F1,智慧大棚,first,28,小青菜,1,附件1规则：智慧大棚两季蔬菜
F1,智慧大棚,first,29,黄瓜,1,附件1规则：智慧大棚两季蔬菜
F1,智慧大棚,first,30,生菜,1,附件1规则：智慧大棚两季蔬菜
F1,智慧大棚,first,31,辣椒,1,附件1规则：智慧大棚两季蔬菜
F1,智慧大棚,first,32,空心菜,1,附件1规则：智慧大棚两季蔬菜
F1,智慧大棚,first,33,黄心菜,1,附件1规则：智慧大棚两季蔬菜
F1,智慧大棚,first,34,芹菜,1,附件1规则：智慧大棚两季蔬菜
F1,智慧大棚,first,35,大白菜,0,附件1规则：智慧大棚两季蔬菜
F1,智慧大棚,first,36,白萝卜,0,附件1规则：智慧大棚两季蔬菜
F1,智慧大棚,first,37,红萝卜,0,附件1规则：智慧大棚两季蔬菜
F1,智慧大棚,first,38,榆黄菇,0,附件1规则：智慧大棚两季蔬菜
F1,智慧大棚,first,39,香菇,0,附件1规则：智慧大棚两季蔬菜
F1,智慧大棚,first,40,白灵菇,0,附件1规则：智慧大棚两季蔬菜
F1,智慧大棚,first,41,羊肚菌,0,附件1规则：智慧大棚两季蔬菜
F1,智慧大棚,second,1,黄豆,0,附件1规则：智慧大棚两季蔬菜
F1,智慧大棚,second,2,黑豆,0,附件1规则：智慧大棚两季蔬菜
F1,智慧大棚,second,3,红豆,0,附件1规则：智慧大棚两季蔬菜
F1,智慧大棚,second,4,绿豆,0,附件1规则：智慧大棚两季蔬菜
F1,智慧大棚,second,5,爬豆,0,附件1规则：智慧大棚两季蔬菜
F1,智慧大棚,second,6,小麦,0,附件1规则：智慧大棚两季蔬菜
F1,智慧大棚,second,7,玉米,0,附件1规则：智慧大棚两季蔬菜
F1,智慧大棚,second,8,谷子,0,附件1规则：智慧大棚两季蔬菜
F1,智慧大棚,second,9,高粱,0,附件1规则：智慧大棚两季蔬菜
F1,智慧大棚,second,10,黍子,0,附件1规则：智慧大棚两季蔬菜
F1,智慧大棚,second,11,荞麦,0,附件1规则：智慧大棚两季蔬菜
F1,智慧大棚,second,12,南瓜,0,附件1规则：智慧大棚两季蔬菜
F1,智慧大棚,second,13,红薯,0,附件1规则：智慧大棚两季蔬菜
F1,智慧大棚,second,14,莜麦,0,附件1规则：智慧大棚两季蔬菜
F1,智慧大棚,second,15,大麦,0,附件1规则：智慧大棚两季蔬菜
F1,智慧大棚,second,16,水稻,0,附件1规则：智慧大棚两季蔬菜
F1,智慧大棚,second,17,豇豆,1,附件1规则：智慧大棚两季蔬菜
F1,智慧大棚,second,18,刀豆,1,附件1规则：智慧大棚两季蔬菜
F1,智慧大棚,second,19,芸豆,1,附件1规则：智慧大棚两季蔬菜
F1,智慧大棚,second,20,土豆,1,附件1规则：智慧大棚两季蔬菜
F1,智慧大棚,second,21,西红柿,1,附件1规则：智慧大棚两季蔬菜
F1,智慧大棚,second,22,茄子,1,附件1规则：智慧大棚两季蔬菜
F1,智慧大棚,second,23,菠菜,1,附件1规则：智慧大棚两季蔬菜
F1,智慧大棚,second,24,青椒,1,附件1规则：智慧大棚两季蔬菜
F1,智慧大棚,second,25,菜花,1,附件1规则：智慧大棚两季蔬菜
F1,智慧大棚,second,26,包菜,1,附件1规则：智慧大棚两季蔬菜
F1,智慧大棚,second,27,油麦菜,1,附件1规则：智慧大棚两季蔬菜
F1,智慧大棚,second,28,小青菜,1,附件1规则：智慧大棚两季蔬菜
F1,智慧大棚,second,29,黄瓜,1,附件1规则：智慧大棚两季蔬菜
F1,智慧大棚,second,30,生菜,1,附件1规则：智慧大棚两季蔬菜
F1,智慧大棚,second,31,辣椒,1,附件1规则：智慧大棚两季蔬菜
F1,智慧大棚,second,32,空心菜,1,附件1规则：智慧大棚两季蔬菜
F1,智慧大棚,second,33,黄心菜,1,附件1规则：智慧大棚两季蔬菜
F1,智慧大棚,second,34,芹菜,1,附件1规则：智慧大棚两季蔬菜
F1,智慧大棚,second,35,大白菜,0,附件1规则：智慧大棚两季蔬菜
F1,智慧大棚,second,36,白萝卜,0,附件1规则：智慧大棚两季蔬菜
F1,智慧大棚,second,37,红萝卜,0,附件1规则：智慧大棚两季蔬菜
F1,智慧大棚,second,38,榆黄菇,0,附件1规则：智慧大棚两季蔬菜
F1,智慧大棚,second,39,香菇,0,附件1规则：智慧大棚两季蔬菜
F1,智慧大棚,second,40,白灵菇,0,附件1规则：智慧大棚两季蔬菜
F1,智慧大棚,second,41,羊肚菌,0,附件1规则：智慧大棚两季蔬菜
F2,智慧大棚,first,1,黄豆,0,附件1规则：智慧大棚两季蔬菜
F2,智慧大棚,first,2,黑豆,0,附件1规则：智慧大棚两季蔬菜
F2,智慧大棚,first,3,红豆,0,附件1规则：智慧大棚两季蔬菜
F2,智慧大棚,first,4,绿豆,0,附件1规则：智慧大棚两季蔬菜
F2,智慧大棚,first,5,爬豆,0,附件1规则：智慧大棚两季蔬菜
F2,智慧大棚,first,6,小麦,0,附件1规则：智慧大棚两季蔬菜
F2,智慧大棚,first,7,玉米,0,附件1规则：智慧大棚两季蔬菜
F2,智慧大棚,first,8,谷子,0,附件1规则：智慧大棚两季蔬菜
F2,智慧大棚,first,9,高粱,0,附件1规则：智慧大棚两季蔬菜
F2,智慧大棚,first,10,黍子,0,附件1规则：智慧大棚两季蔬菜
F2,智慧大棚,first,11,荞麦,0,附件1规则：智慧大棚两季蔬菜
F2,智慧大棚,first,12,南瓜,0,附件1规则：智慧大棚两季蔬菜
F2,智慧大棚,first,13,红薯,0,附件1规则：智慧大棚两季蔬菜
F2,智慧大棚,first,14,莜麦,0,附件1规则：智慧大棚两季蔬菜
F2,智慧大棚,first,15,大麦,0,附件1规则：智慧大棚两季蔬菜
F2,智慧大棚,first,16,水稻,0,附件1规则：智慧大棚两季蔬菜
F2,智慧大棚,first,17,豇豆,1,附件1规则：智慧大棚两季蔬菜
F2,智慧大棚,first,18,刀豆,1,附件1规则：智慧大棚两季蔬菜
F2,智慧大棚,first,19,芸豆,1,附件1规则：智慧大棚两季蔬菜
F2,智慧大棚,first,20,土豆,1,附件1规则：智慧大棚两季蔬菜
F2,智慧大棚,first,21,西红柿,1,附件1规则：智慧大棚两季蔬菜
F2,智慧大棚,first,22,茄子,1,附件1规则：智慧大棚两季蔬菜
F2,智慧大棚,first,23,菠菜,1,附件1规则：智慧大棚两季蔬菜
F2,智慧大棚,first,24,青椒,1,附件1规则：智慧大棚两季蔬菜
F2,智慧大棚,first,25,菜花,1,附件1规则：智慧大棚两季蔬菜
F2,智慧大棚,first,26,包菜,1,附件1规则：智慧大棚两季蔬菜
F2,智慧大棚,first,27,油麦菜,1,附件1规则：智慧大棚两季蔬菜
F2,智慧大棚,first,28,小青菜,1,附件1规则：智慧大棚两季蔬菜
F2,智慧大棚,first,29,黄瓜,1,附件1规则：智慧大棚两季蔬菜
F2,智慧大棚,first,30,生菜,1,附件1规则：智慧大棚两季蔬菜
F2,智慧大棚,first,31,辣椒,1,附件1规则：智慧大棚两季蔬菜
F2,智慧大棚,first,32,空心菜,1,附件1规则：智慧大棚两季蔬菜
F2,智慧大棚,first,33,黄心菜,1,附件1规则：智慧大棚两季蔬菜
F2,智慧大棚,first,34,芹菜,1,附件1规则：智慧大棚两季蔬菜
F2,智慧大棚,first,35,大白菜,0,附件1规则：智慧大棚两季蔬菜
F2,智慧大棚,first,36,白萝卜,0,附件1规则：智慧大棚两季蔬菜
F2,智慧大棚,first,37,红萝卜,0,附件1规则：智慧大棚两季蔬菜
F2,智慧大棚,first,38,榆黄菇,0,附件1规则：智慧大棚两季蔬菜
F2,智慧大棚,first,39,香菇,0,附件1规则：智慧大棚两季蔬菜
F2,智慧大棚,first,40,白灵菇,0,附件1规则：智慧大棚两季蔬菜
F2,智慧大棚,first,41,羊肚菌,0,附件1规则：智慧大棚两季蔬菜
F2,智慧大棚,second,1,黄豆,0,附件1规则：智慧大棚两季蔬菜
F2,智慧大棚,second,2,黑豆,0,附件1规则：智慧大棚两季蔬菜
F2,智慧大棚,second,3,红豆,0,附件1规则：智慧大棚两季蔬菜
F2,智慧大棚,second,4,绿豆,0,附件1规则：智慧大棚两季蔬菜
F2,智慧大棚,second,5,爬豆,0,附件1规则：智慧大棚两季蔬菜
F2,智慧大棚,second,6,小麦,0,附件1规则：智慧大棚两季蔬菜
F2,智慧大棚,second,7,玉米,0,附件1规则：智慧大棚两季蔬菜
F2,智慧大棚,second,8,谷子,0,附件1规则：智慧大棚两季蔬菜
F2,智慧大棚,second,9,高粱,0,附件1规则：智慧大棚两季蔬菜
F2,智慧大棚,second,10,黍子,0,附件1规则：智慧大棚两季蔬菜
F2,智慧大棚,second,11,荞麦,0,附件1规则：智慧大棚两季蔬菜
F2,智慧大棚,second,12,南瓜,0,附件1规则：智慧大棚两季蔬菜
F2,智慧大棚,second,13,红薯,0,附件1规则：智慧大棚两季蔬菜
F2,智慧大棚,second,14,莜麦,0,附件1规则：智慧大棚两季蔬菜
F2,智慧大棚,second,15,大麦,0,附件1规则：智慧大棚两季蔬菜
F2,智慧大棚,second,16,水稻,0,附件1规则：智慧大棚两季蔬菜
F2,智慧大棚,second,17,豇豆,1,附件1规则：智慧大棚两季蔬菜
F2,智慧大棚,second,18,刀豆,1,附件1规则：智慧大棚两季蔬菜
F2,智慧大棚,second,19,芸豆,1,附件1规则：智慧大棚两季蔬菜
F2,智慧大棚,second,20,土豆,1,附件1规则：智慧大棚两季蔬菜
F2,智慧大棚,second,21,西红柿,1,附件1规则：智慧大棚两季蔬菜
F2,智慧大棚,second,22,茄子,1,附件1规则：智慧大棚两季蔬菜
F2,智慧大棚,second,23,菠菜,1,附件1规则：智慧大棚两季蔬菜
F2,智慧大棚,second,24,青椒,1,附件1规则：智慧大棚两季蔬菜
F2,智慧大棚,second,25,菜花,1,附件1规则：智慧大棚两季蔬菜
F2,智慧大棚,second,26,包菜,1,附件1规则：智慧大棚两季蔬菜
F2,智慧大棚,second,27,油麦菜,1,附件1规则：智慧大棚两季蔬菜
F2,智慧大棚,second,28,小青菜,1,附件1规则：智慧大棚两季蔬菜
F2,智慧大棚,second,29,黄瓜,1,附件1规则：智慧大棚两季蔬菜
F2,智慧大棚,second,30,生菜,1,附件1规则：智慧大棚两季蔬菜
F2,智慧大棚,second,31,辣椒,1,附件1规则：智慧大棚两季蔬菜
F2,智慧大棚,second,32,空心菜,1,附件1规则：智慧大棚两季蔬菜
F2,智慧大棚,second,33,黄心菜,1,附件1规则：智慧大棚两季蔬菜
F2,智慧大棚,second,34,芹菜,1,附件1规则：智慧大棚两季蔬菜
F2,智慧大棚,second,35,大白菜,0,附件1规则：智慧大棚两季蔬菜
F2,智慧大棚,second,36,白萝卜,0,附件1规则：智慧大棚两季蔬菜
F2,智慧大棚,second,37,红萝卜,0,附件1规则：智慧大棚两季蔬菜
F2,智慧大棚,second,38,榆黄菇,0,附件1规则：智慧大棚两季蔬菜
F2,智慧大棚,second,39,香菇,0,附件1规则：智慧大棚两季蔬菜
F2,智慧大棚,second,40,白灵菇,0,附件1规则：智慧大棚两季蔬菜
F2,智慧大棚,second,41,羊肚菌,0,附件1规则：智慧大棚两季蔬菜
F3,智慧大棚,first,1,黄豆,0,附件1规则：智慧大棚两季蔬菜
F3,智慧大棚,first,2,黑豆,0,附件1规则：智慧大棚两季蔬菜
F3,智慧大棚,first,3,红豆,0,附件1规则：智慧大棚两季蔬菜
F3,智慧大棚,first,4,绿豆,0,附件1规则：智慧大棚两季蔬菜
F3,智慧大棚,first,5,爬豆,0,附件1规则：智慧大棚两季蔬菜
F3,智慧大棚,first,6,小麦,0,附件1规则：智慧大棚两季蔬菜
F3,智慧大棚,first,7,玉米,0,附件1规则：智慧大棚两季蔬菜
F3,智慧大棚,first,8,谷子,0,附件1规则：智慧大棚两季蔬菜
F3,智慧大棚,first,9,高粱,0,附件1规则：智慧大棚两季蔬菜
F3,智慧大棚,first,10,黍子,0,附件1规则：智慧大棚两季蔬菜
F3,智慧大棚,first,11,荞麦,0,附件1规则：智慧大棚两季蔬菜
F3,智慧大棚,first,12,南瓜,0,附件1规则：智慧大棚两季蔬菜
F3,智慧大棚,first,13,红薯,0,附件1规则：智慧大棚两季蔬菜
F3,智慧大棚,first,14,莜麦,0,附件1规则：智慧大棚两季蔬菜
F3,智慧大棚,first,15,大麦,0,附件1规则：智慧大棚两季蔬菜
F3,智慧大棚,first,16,水稻,0,附件1规则：智慧大棚两季蔬菜
F3,智慧大棚,first,17,豇豆,1,附件1规则：智慧大棚两季蔬菜
F3,智慧大棚,first,18,刀豆,1,附件1规则：智慧大棚两季蔬菜
F3,智慧大棚,first,19,芸豆,1,附件1规则：智慧大棚两季蔬菜
F3,智慧大棚,first,20,土豆,1,附件1规则：智慧大棚两季蔬菜
F3,智慧大棚,first,21,西红柿,1,附件1规则：智慧大棚两季蔬菜
F3,智慧大棚,first,22,茄子,1,附件1规则：智慧大棚两季蔬菜
F3,智慧大棚,first,23,菠菜,1,附件1规则：智慧大棚两季蔬菜
F3,智慧大棚,first,24,青椒,1,附件1规则：智慧大棚两季蔬菜
F3,智慧大棚,first,25,菜花,1,附件1规则：智慧大棚两季蔬菜
F3,智慧大棚,first,26,包菜,1,附件1规则：智慧大棚两季蔬菜
F3,智慧大棚,first,27,油麦菜,1,附件1规则：智慧大棚两季蔬菜
F3,智慧大棚,first,28,小青菜,1,附件1规则：智慧大棚两季蔬菜
F3,智慧大棚,first,29,黄瓜,1,附件1规则：智慧大棚两季蔬菜
F3,智慧大棚,first,30,生菜,1,附件1规则：智慧大棚两季蔬菜
F3,智慧大棚,first,31,辣椒,1,附件1规则：智慧大棚两季蔬菜
F3,智慧大棚,first,32,空心菜,1,附件1规则：智慧大棚两季蔬菜
F3,智慧大棚,first,33,黄心菜,1,附件1规则：智慧大棚两季蔬菜
F3,智慧大棚,first,34,芹菜,1,附件1规则：智慧大棚两季蔬菜
F3,智慧大棚,first,35,大白菜,0,附件1规则：智慧大棚两季蔬菜
F3,智慧大棚,first,36,白萝卜,0,附件1规则：智慧大棚两季蔬菜
F3,智慧大棚,first,37,红萝卜,0,附件1规则：智慧大棚两季蔬菜
F3,智慧大棚,first,38,榆黄菇,0,附件1规则：智慧大棚两季蔬菜
F3,智慧大棚,first,39,香菇,0,附件1规则：智慧大棚两季蔬菜
F3,智慧大棚,first,40,白灵菇,0,附件1规则：智慧大棚两季蔬菜
F3,智慧大棚,first,41,羊肚菌,0,附件1规则：智慧大棚两季蔬菜
F3,智慧大棚,second,1,黄豆,0,附件1规则：智慧大棚两季蔬菜
F3,智慧大棚,second,2,黑豆,0,附件1规则：智慧大棚两季蔬菜
F3,智慧大棚,second,3,红豆,0,附件1规则：智慧大棚两季蔬菜
F3,智慧大棚,second,4,绿豆,0,附件1规则：智慧大棚两季蔬菜
F3,智慧大棚,second,5,爬豆,0,附件1规则：智慧大棚两季蔬菜
F3,智慧大棚,second,6,小麦,0,附件1规则：智慧大棚两季蔬菜
F3,智慧大棚,second,7,玉米,0,附件1规则：智慧大棚两季蔬菜
F3,智慧大棚,second,8,谷子,0,附件1规则：智慧大棚两季蔬菜
F3,智慧大棚,second,9,高粱,0,附件1规则：智慧大棚两季蔬菜
F3,智慧大棚,second,10,黍子,0,附件1规则：智慧大棚两季蔬菜
F3,智慧大棚,second,11,荞麦,0,附件1规则：智慧大棚两季蔬菜
F3,智慧大棚,second,12,南瓜,0,附件1规则：智慧大棚两季蔬菜
F3,智慧大棚,second,13,红薯,0,附件1规则：智慧大棚两季蔬菜
F3,智慧大棚,second,14,莜麦,0,附件1规则：智慧大棚两季蔬菜
F3,智慧大棚,second,15,大麦,0,附件1规则：智慧大棚两季蔬菜
F3,智慧大棚,second,16,水稻,0,附件1规则：智慧大棚两季蔬菜
F3,智慧大棚,second,17,豇豆,1,附件1规则：智慧大棚两季蔬菜
F3,智慧大棚,second,18,刀豆,1,附件1规则：智慧大棚两季蔬菜
F3,智慧大棚,second,19,芸豆,1,附件1规则：智慧大棚两季蔬菜
F3,智慧大棚,second,20,土豆,1,附件1规则：智慧大棚两季蔬菜
F3,智慧大棚,second,21,西红柿,1,附件1规则：智慧大棚两季蔬菜
F3,智慧大棚,second,22,茄子,1,附件1规则：智慧大棚两季蔬菜
F3,智慧大棚,second,23,菠菜,1,附件1规则：智慧大棚两季蔬菜
F3,智慧大棚,second,24,青椒,1,附件1规则：智慧大棚两季蔬菜
F3,智慧大棚,second,25,菜花,1,附件1规则：智慧大棚两季蔬菜
F3,智慧大棚,second,26,包菜,1,附件1规则：智慧大棚两季蔬菜
F3,智慧大棚,second,27,油麦菜,1,附件1规则：智慧大棚两季蔬菜
F3,智慧大棚,second,28,小青菜,1,附件1规则：智慧大棚两季蔬菜
F3,智慧大棚,second,29,黄瓜,1,附件1规则：智慧大棚两季蔬菜
F3,智慧大棚,second,30,生菜,1,附件1规则：智慧大棚两季蔬菜
F3,智慧大棚,second,31,辣椒,1,附件1规则：智慧大棚两季蔬菜
F3,智慧大棚,second,32,空心菜,1,附件1规则：智慧大棚两季蔬菜
F3,智慧大棚,second,33,黄心菜,1,附件1规则：智慧大棚两季蔬菜
F3,智慧大棚,second,34,芹菜,1,附件1规则：智慧大棚两季蔬菜
F3,智慧大棚,second,35,大白菜,0,附件1规则：智慧大棚两季蔬菜
F3,智慧大棚,second,36,白萝卜,0,附件1规则：智慧大棚两季蔬菜
F3,智慧大棚,second,37,红萝卜,0,附件1规则：智慧大棚两季蔬菜
F3,智慧大棚,second,38,榆黄菇,0,附件1规则：智慧大棚两季蔬菜
F3,智慧大棚,second,39,香菇,0,附件1规则：智慧大棚两季蔬菜
F3,智慧大棚,second,40,白灵菇,0,附件1规则：智慧大棚两季蔬菜
F3,智慧大棚,second,41,羊肚菌,0,附件1规则：智慧大棚两季蔬菜
F4,智慧大棚,first,1,黄豆,0,附件1规则：智慧大棚两季蔬菜
F4,智慧大棚,first,2,黑豆,0,附件1规则：智慧大棚两季蔬菜
F4,智慧大棚,first,3,红豆,0,附件1规则：智慧大棚两季蔬菜
F4,智慧大棚,first,4,绿豆,0,附件1规则：智慧大棚两季蔬菜
F4,智慧大棚,first,5,爬豆,0,附件1规则：智慧大棚两季蔬菜
F4,智慧大棚,first,6,小麦,0,附件1规则：智慧大棚两季蔬菜
F4,智慧大棚,first,7,玉米,0,附件1规则：智慧大棚两季蔬菜
F4,智慧大棚,first,8,谷子,0,附件1规则：智慧大棚两季蔬菜
F4,智慧大棚,first,9,高粱,0,附件1规则：智慧大棚两季蔬菜
F4,智慧大棚,first,10,黍子,0,附件1规则：智慧大棚两季蔬菜
F4,智慧大棚,first,11,荞麦,0,附件1规则：智慧大棚两季蔬菜
F4,智慧大棚,first,12,南瓜,0,附件1规则：智慧大棚两季蔬菜
F4,智慧大棚,first,13,红薯,0,附件1规则：智慧大棚两季蔬菜
F4,智慧大棚,first,14,莜麦,0,附件1规则：智慧大棚两季蔬菜
F4,智慧大棚,first,15,大麦,0,附件1规则：智慧大棚两季蔬菜
F4,智慧大棚,first,16,水稻,0,附件1规则：智慧大棚两季蔬菜
F4,智慧大棚,first,17,豇豆,1,附件1规则：智慧大棚两季蔬菜
F4,智慧大棚,first,18,刀豆,1,附件1规则：智慧大棚两季蔬菜
F4,智慧大棚,first,19,芸豆,1,附件1规则：智慧大棚两季蔬菜
F4,智慧大棚,first,20,土豆,1,附件1规则：智慧大棚两季蔬菜
F4,智慧大棚,first,21,西红柿,1,附件1规则：智慧大棚两季蔬菜
F4,智慧大棚,first,22,茄子,1,附件1规则：智慧大棚两季蔬菜
F4,智慧大棚,first,23,菠菜,1,附件1规则：智慧大棚两季蔬菜
F4,智慧大棚,first,24,青椒,1,附件1规则：智慧大棚两季蔬菜
F4,智慧大棚,first,25,菜花,1,附件1规则：智慧大棚两季蔬菜
F4,智慧大棚,first,26,包菜,1,附件1规则：智慧大棚两季蔬菜
F4,智慧大棚,first,27,油麦菜,1,附件1规则：智慧大棚两季蔬菜
F4,智慧大棚,first,28,小青菜,1,附件1规则：智慧大棚两季蔬菜
F4,智慧大棚,first,29,黄瓜,1,附件1规则：智慧大棚两季蔬菜
F4,智慧大棚,first,30,生菜,1,附件1规则：智慧大棚两季蔬菜
F4,智慧大棚,first,31,辣椒,1,附件1规则：智慧大棚两季蔬菜
F4,智慧大棚,first,32,空心菜,1,附件1规则：智慧大棚两季蔬菜
F4,智慧大棚,first,33,黄心菜,1,附件1规则：智慧大棚两季蔬菜
F4,智慧大棚,first,34,芹菜,1,附件1规则：智慧大棚两季蔬菜
F4,智慧大棚,first,35,大白菜,0,附件1规则：智慧大棚两季蔬菜
F4,智慧大棚,first,36,白萝卜,0,附件1规则：智慧大棚两季蔬菜
F4,智慧大棚,first,37,红萝卜,0,附件1规则：智慧大棚两季蔬菜
F4,智慧大棚,first,38,榆黄菇,0,附件1规则：智慧大棚两季蔬菜
F4,智慧大棚,first,39,香菇,0,附件1规则：智慧大棚两季蔬菜
F4,智慧大棚,first,40,白灵菇,0,附件1规则：智慧大棚两季蔬菜
F4,智慧大棚,first,41,羊肚菌,0,附件1规则：智慧大棚两季蔬菜
F4,智慧大棚,second,1,黄豆,0,附件1规则：智慧大棚两季蔬菜
F4,智慧大棚,second,2,黑豆,0,附件1规则：智慧大棚两季蔬菜
F4,智慧大棚,second,3,红豆,0,附件1规则：智慧大棚两季蔬菜
F4,智慧大棚,second,4,绿豆,0,附件1规则：智慧大棚两季蔬菜
F4,智慧大棚,second,5,爬豆,0,附件1规则：智慧大棚两季蔬菜
F4,智慧大棚,second,6,小麦,0,附件1规则：智慧大棚两季蔬菜
F4,智慧大棚,second,7,玉米,0,附件1规则：智慧大棚两季蔬菜
F4,智慧大棚,second,8,谷子,0,附件1规则：智慧大棚两季蔬菜
F4,智慧大棚,second,9,高粱,0,附件1规则：智慧大棚两季蔬菜
F4,智慧大棚,second,10,黍子,0,附件1规则：智慧大棚两季蔬菜
F4,智慧大棚,second,11,荞麦,0,附件1规则：智慧大棚两季蔬菜
F4,智慧大棚,second,12,南瓜,0,附件1规则：智慧大棚两季蔬菜
F4,智慧大棚,second,13,红薯,0,附件1规则：智慧大棚两季蔬菜
F4,智慧大棚,second,14,莜麦,0,附件1规则：智慧大棚两季蔬菜
F4,智慧大棚,second,15,大麦,0,附件1规则：智慧大棚两季蔬菜
F4,智慧大棚,second,16,水稻,0,附件1规则：智慧大棚两季蔬菜
F4,智慧大棚,second,17,豇豆,1,附件1规则：智慧大棚两季蔬菜
F4,智慧大棚,second,18,刀豆,1,附件1规则：智慧大棚两季蔬菜
F4,智慧大棚,second,19,芸豆,1,附件1规则：智慧大棚两季蔬菜
F4,智慧大棚,second,20,土豆,1,附件1规则：智慧大棚两季蔬菜
F4,智慧大棚,second,21,西红柿,1,附件1规则：智慧大棚两季蔬菜
F4,智慧大棚,second,22,茄子,1,附件1规则：智慧大棚两季蔬菜
F4,智慧大棚,second,23,菠菜,1,附件1规则：智慧大棚两季蔬菜
F4,智慧大棚,second,24,青椒,1,附件1规则：智慧大棚两季蔬菜
F4,智慧大棚,second,25,菜花,1,附件1规则：智慧大棚两季蔬菜
F4,智慧大棚,second,26,包菜,1,附件1规则：智慧大棚两季蔬菜
F4,智慧大棚,second,27,油麦菜,1,附件1规则：智慧大棚两季蔬菜
F4,智慧大棚,second,28,小青菜,1,附件1规则：智慧大棚两季蔬菜
F4,智慧大棚,second,29,黄瓜,1,附件1规则：智慧大棚两季蔬菜
F4,智慧大棚,second,30,生菜,1,附件1规则：智慧大棚两季蔬菜
F4,智慧大棚,second,31,辣椒,1,附件1规则：智慧大棚两季蔬菜
F4,智慧大棚,second,32,空心菜,1,附件1规则：智慧大棚两季蔬菜
F4,智慧大棚,second,33,黄心菜,1,附件1规则：智慧大棚两季蔬菜
F4,智慧大棚,second,34,芹菜,1,附件1规则：智慧大棚两季蔬菜
F4,智慧大棚,second,35,大白菜,0,附件1规则：智慧大棚两季蔬菜
F4,智慧大棚,second,36,白萝卜,0,附件1规则：智慧大棚两季蔬菜
F4,智慧大棚,second,37,红萝卜,0,附件1规则：智慧大棚两季蔬菜
F4,智慧大棚,second,38,榆黄菇,0,附件1规则：智慧大棚两季蔬菜
F4,智慧大棚,second,39,香菇,0,附件1规则：智慧大棚两季蔬菜
F4,智慧大棚,second,40,白灵菇,0,附件1规则：智慧大棚两季蔬菜
F4,智慧大棚,second,41,羊肚菌,0,附件1规则：智慧大棚两季蔬菜
