scenario_id,q2_profit_yuan,q3a_profit_yuan,q3b_profit_yuan,q3a_minus_q2,q3b_minus_q2,q3b_minus_q3a
0,40434362.712086,40434362.712086,40434362.712086,0.0,0.0,0.0
1,41029461.555337,41029461.555337,41029461.555337,0.0,0.0,0.0
2,41486096.718578,41486096.718578,41486096.718578,0.0,0.0,0.0
3,41041984.146578,41041984.146578,41041984.146578,0.0,0.0,0.0
4,40850207.564148,40850207.564148,40850207.564148,0.0,0.0,0.0
5,40975198.677833,40975198.677833,40975198.677833,0.0,0.0,0.0
6,40718397.07627,40718397.07627,40718397.07627,0.0,0.0,0.0
7,40939376.529511,40939376.529511,40939376.529511,0.0,0.0,0.0
8,40901574.146377,40901574.146377,40901574.146377,0.0,0.0,0.0
9,40772518.02637,40772518.02637,40772518.02637,0.0,0.0,0.0
10,41161594.577426,41161594.577426,41161594.577426,0.0,0.0,0.0
11,41293129.563719,41293129.563719,41293129.563719,0.0,0.0,0.0
12,40749565.938048,40749565.938048,40749565.938048,0.0,0.0,0.0
13,40966986.14006,40966986.14006,40966986.14006,0.0,0.0,0.0
14,41118161.263669,41118161.263669,41118161.263669,0.0,0.0,0.0
15,41229346.503673,41229346.503673,41229346.503673,0.0,0.0,0.0
16,41013410.485479,41013410.485479,41013410.485479,0.0,0.0,0.0
17,41111592.224975,41111592.224975,41111592.224975,0.0,0.0,0.0
18,40957534.076029,40957534.076029,40957534.076029,0.0,0.0,0.0
19,41010247.366163,41010247.366163,41010247.366163,0.0,0.0,0.0
20,41089379.529944,41089379.529944,41089379.529944,0.0,0.0,0.0
21,40955615.232408,40955615.232408,40955615.232408,0.0,0.0,0.0
22,40806518.843178,40806518.843178,40806518.843178,0.0,0.0,0.0
23,40911938.752895,40911938.752895,40911938.752895,0.0,0.0,0.0
24,41083114.967149,41083114.967149,41083114.967149,0.0,0.0,0.0
25,41136770.598047,41136770.598047,41136770.598047,0.0,0.0,0.0
26,41400608.109982,41400608.109982,41400608.109982,0.0,0.0,0.0
27,41128882.749431,41128882.749431,41128882.749431,0.0,0.0,0.0
28,40842354.714867,40842354.714867,40842354.714867,0.0,0.0,0.0
29,41066899.480428,41066899.480428,41066899.480428,0.0,0.0,0.0
30,40915967.11924,40915967.11924,40915967.11924,0.0,0.0,0.0
31,41139899.551392,41139899.551392,41139899.551392,0.0,0.0,0.0
32,40838784.752695,40838784.752695,40838784.752695,0.0,0.0,0.0
33,41028741.533193,41028741.533193,41028741.533193,0.0,0.0,0.0
34,40911811.278864,40911811.278864,40911811.278864,0.0,0.0,0.0
35,41045373.514896,41045373.514896,41045373.514896,0.0,0.0,0.0
36,40826904.444997,40826904.444997,40826904.444997,0.0,0.0,0.0
37,40774615.496007,40774615.496007,40774615.496007,0.0,0.0,0.0
38,41075491.230656,41075491.230656,41075491.230656,0.0,0.0,0.0
39,40635590.00238,40635590.00238,40635590.00238,0.0,0.0,0.0
40,41236704.875064,41236704.875064,41236704.875064,0.0,0.0,0.0
41,40800440.853396,40800440.853396,40800440.853396,0.0,0.0,0.0
42,41078745.56964,41078745.56964,41078745.56964,0.0,0.0,0.0
43,40667506.017818,40667506.017818,40667506.017818,0.0,0.0,0.0
44,41080989.148352,41080989.148352,41080989.148352,0.0,0.0,0.0
45,40833863.54299,40833863.54299,40833863.54299,0.0,0.0,0.0
46,41159288.9812,41159288.9812,41159288.9812,0.0,0.0,0.0
47,41258018.604767,41258018.604767,41258018.604767,0.0,0.0,0.0
48,40801768.063541,40801768.063541,40801768.063541,0.0,0.0,0.0
49,41075291.341856,41075291.341856,41075291.341856,0.0,0.0,0.0
50,41140617.359082,41140617.359082,41140617.359082,0.0,0.0,0.0
51,40980120.478177,40980120.478177,40980120.478177,0.0,0.0,0.0
52,41100150.248904,41100150.248904,41100150.248904,0.0,0.0,0.0
53,41036511.795715,41036511.795715,41036511.795715,0.0,0.0,0.0
54,41241146.555787,41241146.555787,41241146.555787,0.0,0.0,0.0
55,40954376.510111,40954376.510111,40954376.510111,0.0,0.0,0.0
56,40792855.982478,40792855.982478,40792855.982478,0.0,0.0,0.0
57,41275525.203991,41275525.203991,41275525.203991,0.0,0.0,0.0
58,41105048.747607,41105048.747607,41105048.747607,0.0,0.0,0.0
59,40996307.088873,40996307.088873,40996307.088873,0.0,0.0,0.0
60,41345380.942667,41345380.942667,41345380.942667,0.0,0.0,0.0
61,40745845.095767,40745845.095767,40745845.095767,0.0,0.0,0.0
62,40829695.967919,40829695.967919,40829695.967919,0.0,0.0,0.0
63,41161609.432355,41161609.432355,41161609.432355,0.0,0.0,0.0
64,41197674.11843,41197674.11843,41197674.11843,0.0,0.0,0.0
65,40910307.761417,40910307.761417,40910307.761417,0.0,0.0,0.0
66,41061619.004166,41061619.004166,41061619.004166,0.0,0.0,0.0
67,41199459.848307,41199459.848307,41199459.848307,0.0,0.0,0.0
68,41270530.326489,41270530.326489,41270530.326489,0.0,0.0,0.0
69,41082788.10783,41082788.10783,41082788.10783,0.0,0.0,0.0
70,41444075.633015,41444075.633015,41444075.633015,0.0,0.0,0.0
71,40985446.97291,40985446.97291,40985446.97291,0.0,0.0,0.0
72,40766830.713731,40766830.713731,40766830.713731,0.0,0.0,0.0
73,40897848.288226,40897848.288226,40897848.288226,0.0,0.0,0.0
74,40895288.130944,40895288.130944,40895288.130944,0.0,0.0,0.0
75,41087322.070891,41087322.070891,41087322.070891,0.0,0.0,0.0
76,40894334.454957,40894334.454957,40894334.454957,0.0,0.0,0.0
77,40905637.496183,40905637.496183,40905637.496183,0.0,0.0,0.0
78,41406924.502001,41406924.502001,41406924.502001,0.0,0.0,0.0
79,41102040.508915,41102040.508915,41102040.508915,0.0,0.0,0.0
80,41354774.141578,41354774.141578,41354774.141578,0.0,0.0,0.0
81,41039304.091583,41039304.091583,41039304.091583,0.0,0.0,0.0
82,40666497.602144,40666497.602144,40666497.602144,0.0,0.0,0.0
83,40877152.228294,40877152.228294,40877152.228294,0.0,0.0,0.0
84,41183965.991382,41183965.991382,41183965.991382,0.0,0.0,0.0
85,41366773.374758,41366773.374758,41366773.374758,0.0,0.0,0.0
86,40793434.276022,40793434.276022,40793434.276022,0.0,0.0,0.0
87,41198043.814883,41198043.814883,41198043.814883,0.0,0.0,0.0
88,41258111.392518,41258111.392518,41258111.392518,0.0,0.0,0.0
89,41324973.733871,41324973.733871,41324973.733871,0.0,0.0,0.0
90,40926442.130305,40926442.130305,40926442.130305,0.0,0.0,0.0
91,41594383.89087,41594383.89087,41594383.89087,0.0,0.0,0.0
92,41043994.582002,41043994.582002,41043994.582002,0.0,0.0,0.0
93,40915175.218133,40915175.218133,40915175.218133,0.0,0.0,0.0
94,40881628.817484,40881628.817484,40881628.817484,0.0,0.0,0.0
95,41210920.686605,41210920.686605,41210920.686605,0.0,0.0,0.0
96,41050080.781241,41050080.781241,41050080.781241,0.0,0.0,0.0
97,41114388.373761,41114388.373761,41114388.373761,0.0,0.0,0.0
98,41156006.246615,41156006.246615,41156006.246615,0.0,0.0,0.0
99,40861459.443331,40861459.443331,40861459.443331,0.0,0.0,0.0
100,40630355.16548,40630355.16548,40630355.16548,0.0,0.0,0.0
101,41471791.789355,41471791.789355,41471791.789355,0.0,0.0,0.0
102,41105353.248984,41105353.248984,41105353.248984,0.0,0.0,0.0
103,41093402.3245,41093402.3245,41093402.3245,0.0,0.0,0.0
104,40718482.550753,40718482.550753,40718482.550753,0.0,0.0,0.0
105,40987778.926552,40987778.926552,40987778.926552,0.0,0.0,0.0
106,40790960.230303,40790960.230303,40790960.230303,0.0,0.0,0.0
107,41121564.728645,41121564.728645,41121564.728645,0.0,0.0,0.0
108,41250221.921324,41250221.921324,41250221.921324,0.0,0.0,0.0
109,41091102.252743,41091102.252743,41091102.252743,0.0,0.0,0.0
110,40938582.983416,40938582.983416,40938582.983416,0.0,0.0,0.0
111,40723330.761368,40723330.761368,40723330.761368,0.0,0.0,0.0
112,40557907.672987,40557907.672987,40557907.672987,0.0,0.0,0.0
113,41331463.384889,41331463.384889,41331463.384889,0.0,0.0,0.0
114,41166746.715575,41166746.715575,41166746.715575,0.0,0.0,0.0
115,41394844.344992,41394844.344992,41394844.344992,0.0,0.0,0.0
116,40925482.840164,40925482.840164,40925482.840164,0.0,0.0,0.0
117,41376495.348682,41376495.348682,41376495.348682,0.0,0.0,0.0
118,40929285.292774,40929285.292774,40929285.292774,0.0,0.0,0.0
119,40744246.762476,40744246.762476,40744246.762476,0.0,0.0,0.0
120,40839495.110671,40839495.110671,40839495.110671,0.0,0.0,0.0
121,41346863.623349,41346863.623349,41346863.623349,0.0,0.0,0.0
122,41017212.846278,41017212.846278,41017212.846278,0.0,0.0,0.0
123,41215449.02414,41215449.02414,41215449.02414,0.0,0.0,0.0
124,40908994.052927,40908994.052927,40908994.052927,0.0,0.0,0.0
125,40831214.316749,40831214.316749,40831214.316749,0.0,0.0,0.0
126,41138100.844166,41138100.844166,41138100.844166,0.0,0.0,0.0
127,41239827.511137,41239827.511137,41239827.511137,0.0,0.0,0.0
128,40989213.444433,40989213.444433,40989213.444433,0.0,0.0,0.0
129,40859759.521875,40859759.521875,40859759.521875,0.0,0.0,0.0
130,41185815.948429,41185815.948429,41185815.948429,0.0,0.0,0.0
131,41036556.177009,41036556.177009,41036556.177009,0.0,0.0,0.0
132,40980325.519354,40980325.519354,40980325.519354,0.0,0.0,0.0
133,41152901.044149,41152901.044149,41152901.044149,0.0,0.0,0.0
134,40981084.574743,40981084.574743,40981084.574743,0.0,0.0,0.0
135,41240681.417914,41240681.417914,41240681.417914,0.0,0.0,0.0
136,41292007.244567,41292007.244567,41292007.244567,0.0,0.0,0.0
137,41056710.102645,41056710.102645,41056710.102645,0.0,0.0,0.0
138,41314075.679014,41314075.679014,41314075.679014,0.0,0.0,0.0
139,41367941.560573,41367941.560573,41367941.560573,0.0,0.0,0.0
140,41006034.723792,41006034.723792,41006034.723792,0.0,0.0,0.0
141,41237390.086654,41237390.086654,41237390.086654,0.0,0.0,0.0
142,40925010.916101,40925010.916101,40925010.916101,0.0,0.0,0.0
143,40926698.272887,40926698.272887,40926698.272887,0.0,0.0,0.0
144,40812847.711905,40812847.711905,40812847.711905,0.0,0.0,0.0
145,40958159.923419,40958159.923419,40958159.923419,0.0,0.0,0.0
146,41415740.269726,41415740.269726,41415740.269726,0.0,0.0,0.0
147,41409279.437733,41409279.437733,41409279.437733,0.0,0.0,0.0
148,40987585.17978,40987585.17978,40987585.17978,0.0,0.0,0.0
149,40936844.542938,40936844.542938,40936844.542938,0.0,0.0,0.0
150,40797340.647534,40797340.647534,40797340.647534,0.0,0.0,0.0
151,41149076.520686,41149076.520686,41149076.520686,0.0,0.0,0.0
152,40612609.305037,40612609.305037,40612609.305037,0.0,0.0,0.0
153,41135702.562467,41135702.562467,41135702.562467,0.0,0.0,0.0
154,41182865.621807,41182865.621807,41182865.621807,0.0,0.0,0.0
155,41477192.29222,41477192.29222,41477192.29222,0.0,0.0,0.0
156,40968906.540086,40968906.540086,40968906.540086,0.0,0.0,0.0
157,41220511.739919,41220511.739919,41220511.739919,0.0,0.0,0.0
158,41270346.912456,41270346.912456,41270346.912456,0.0,0.0,0.0
159,41041318.545066,41041318.545066,41041318.545066,0.0,0.0,0.0
160,41088044.615485,41088044.615485,41088044.615485,0.0,0.0,0.0
161,41592875.082152,41592875.082152,41592875.082152,0.0,0.0,0.0
162,41427586.537122,41427586.537122,41427586.537122,0.0,0.0,0.0
163,41189773.111171,41189773.111171,41189773.111171,0.0,0.0,0.0
164,40543434.68004,40543434.68004,40543434.68004,0.0,0.0,0.0
165,41133432.925882,41133432.925882,41133432.925882,0.0,0.0,0.0
166,41096553.239276,41096553.239276,41096553.239276,0.0,0.0,0.0
167,41417992.39398,41417992.39398,41417992.39398,0.0,0.0,0.0
168,40901833.740982,40901833.740982,40901833.740982,0.0,0.0,0.0
169,40750633.545369,40750633.545369,40750633.545369,0.0,0.0,0.0
170,41202606.65006,41202606.65006,41202606.65006,0.0,0.0,0.0
171,40885899.064388,40885899.064388,40885899.064388,0.0,0.0,0.0
172,41132289.852078,41132289.852078,41132289.852078,0.0,0.0,0.0
173,41121083.493623,41121083.493623,41121083.493623,0.0,0.0,0.0
174,41251931.555748,41251931.555748,41251931.555748,0.0,0.0,0.0
175,41061325.878601,41061325.878601,41061325.878601,0.0,0.0,0.0
176,41475681.822855,41475681.822855,41475681.822855,0.0,0.0,0.0
177,40861980.644913,40861980.644913,40861980.644913,0.0,0.0,0.0
178,40945327.160659,40945327.160659,40945327.160659,0.0,0.0,0.0
179,40805744.722951,40805744.722951,40805744.722951,0.0,0.0,0.0
180,40984179.488375,40984179.488375,40984179.488375,0.0,0.0,0.0
181,40760875.218698,40760875.218698,40760875.218698,0.0,0.0,0.0
182,41086080.475241,41086080.475241,41086080.475241,0.0,0.0,0.0
183,41497287.990557,41497287.990557,41497287.990557,0.0,0.0,0.0
184,40696985.79686,40696985.79686,40696985.79686,0.0,0.0,0.0
185,40646205.119673,40646205.119673,40646205.119673,0.0,0.0,0.0
186,41037813.28578,41037813.28578,41037813.28578,0.0,0.0,0.0
187,41007621.104462,41007621.104462,41007621.104462,0.0,0.0,0.0
188,41078721.690045,41078721.690045,41078721.690045,0.0,0.0,0.0
189,41169899.416291,41169899.416291,41169899.416291,0.0,0.0,0.0
190,41280670.188802,41280670.188802,41280670.188802,0.0,0.0,0.0
191,41082925.825111,41082925.825111,41082925.825111,0.0,0.0,0.0
192,41016059.191034,41016059.191034,41016059.191034,0.0,0.0,0.0
193,40751930.717382,40751930.717382,40751930.717382,0.0,0.0,0.0
194,41516389.607405,41516389.607405,41516389.607405,0.0,0.0,0.0
195,40480608.678343,40480608.678343,40480608.678343,0.0,0.0,0.0
196,40832118.455605,40832118.455605,40832118.455605,0.0,0.0,0.0
197,40831327.97049,40831327.97049,40831327.97049,0.0,0.0,0.0
198,40660217.076202,40660217.076202,40660217.076202,0.0,0.0,0.0
199,41183597.96617,41183597.96617,41183597.96617,0.0,0.0,0.0
200,41181681.443016,41181681.443016,41181681.443016,0.0,0.0,0.0
201,41332744.592261,41332744.592261,41332744.592261,0.0,0.0,0.0
202,40853815.741606,40853815.741606,40853815.741606,0.0,0.0,0.0
203,41464898.288108,41464898.288108,41464898.288108,0.0,0.0,0.0
204,41281369.397436,41281369.397436,41281369.397436,0.0,0.0,0.0
205,41017602.264612,41017602.264612,41017602.264612,0.0,0.0,0.0
206,40680806.547074,40680806.547074,40680806.547074,0.0,0.0,0.0
207,40948576.135346,40948576.135346,40948576.135346,0.0,0.0,0.0
208,41274657.749542,41274657.749542,41274657.749542,0.0,0.0,0.0
209,40713389.191533,40713389.191533,40713389.191533,0.0,0.0,0.0
210,41258758.932226,41258758.932226,41258758.932226,0.0,0.0,0.0
211,40900767.900045,40900767.900045,40900767.900045,0.0,0.0,0.0
212,41221098.654909,41221098.654909,41221098.654909,0.0,0.0,0.0
213,40985035.861294,40985035.861294,40985035.861294,0.0,0.0,0.0
214,40764133.506172,40764133.506172,40764133.506172,0.0,0.0,0.0
215,41295358.542967,41295358.542967,41295358.542967,0.0,0.0,0.0
216,40907974.075345,40907974.075345,40907974.075345,0.0,0.0,0.0
217,40791748.839245,40791748.839245,40791748.839245,0.0,0.0,0.0
218,40935087.947222,40935087.947222,40935087.947222,0.0,0.0,0.0
219,41012191.249636,41012191.249636,41012191.249636,0.0,0.0,0.0
220,40943805.590035,40943805.590035,40943805.590035,0.0,0.0,0.0
221,41223799.376669,41223799.376669,41223799.376669,0.0,0.0,0.0
222,40895150.225499,40895150.225499,40895150.225499,0.0,0.0,0.0
223,40904918.42951,40904918.42951,40904918.42951,0.0,0.0,0.0
224,41314190.755577,41314190.755577,41314190.755577,0.0,0.0,0.0
225,41155420.502975,41155420.502975,41155420.502975,0.0,0.0,0.0
226,40471574.624266,40471574.624266,40471574.624266,0.0,0.0,0.0
227,40694875.545127,40694875.545127,40694875.545127,0.0,0.0,0.0
228,41125388.82883,41125388.82883,41125388.82883,0.0,0.0,0.0
229,40953568.885638,40953568.885638,40953568.885638,0.0,0.0,0.0
230,41170401.108932,41170401.108932,41170401.108932,0.0,0.0,0.0
231,41415507.586579,41415507.586579,41415507.586579,0.0,0.0,0.0
232,41162707.18497,41162707.18497,41162707.18497,0.0,0.0,0.0
233,40893925.416901,40893925.416901,40893925.416901,0.0,0.0,0.0
234,41148564.671847,41148564.671847,41148564.671847,0.0,0.0,0.0
235,41243965.311217,41243965.311217,41243965.311217,0.0,0.0,0.0
236,41319760.580073,41319760.580073,41319760.580073,0.0,0.0,0.0
237,41429113.795663,41429113.795663,41429113.795663,0.0,0.0,0.0
238,40923970.380277,40923970.380277,40923970.380277,0.0,0.0,0.0
239,41287984.683186,41287984.683186,41287984.683186,0.0,0.0,0.0
240,40900712.721338,40900712.721338,40900712.721338,0.0,0.0,0.0
241,41242527.117147,41242527.117147,41242527.117147,0.0,0.0,0.0
242,41286626.883115,41286626.883115,41286626.883115,0.0,0.0,0.0
243,40816840.595948,40816840.595948,40816840.595948,0.0,0.0,0.0
244,41332869.632637,41332869.632637,41332869.632637,0.0,0.0,0.0
245,41291864.905837,41291864.905837,41291864.905837,0.0,0.0,0.0
246,41059695.332446,41059695.332446,41059695.332446,0.0,0.0,0.0
247,41204845.298887,41204845.298887,41204845.298887,0.0,0.0,0.0
248,41143934.489867,41143934.489867,41143934.489867,0.0,0.0,0.0
249,41495895.461096,41495895.461096,41495895.461096,0.0,0.0,0.0
250,41310259.598966,41310259.598966,41310259.598966,0.0,0.0,0.0
251,41324447.594874,41324447.594874,41324447.594874,0.0,0.0,0.0
252,41307727.910694,41307727.910694,41307727.910694,0.0,0.0,0.0
253,41063178.648598,41063178.648598,41063178.648598,0.0,0.0,0.0
254,40984179.967169,40984179.967169,40984179.967169,0.0,0.0,0.0
255,40546832.93622,40546832.93622,40546832.93622,0.0,0.0,0.0
256,41196911.965988,41196911.965988,41196911.965988,0.0,0.0,0.0
257,40750380.850365,40750380.850365,40750380.850365,0.0,0.0,0.0
258,41130631.193204,41130631.193204,41130631.193204,0.0,0.0,0.0
259,41434520.235859,41434520.235859,41434520.235859,0.0,0.0,0.0
260,41049816.572606,41049816.572606,41049816.572606,0.0,0.0,0.0
261,40815105.27982,40815105.27982,40815105.27982,0.0,0.0,0.0
262,41409177.321187,41409177.321187,41409177.321187,0.0,0.0,0.0
263,41162468.470731,41162468.470731,41162468.470731,0.0,0.0,0.0
264,40838189.631087,40838189.631087,40838189.631087,0.0,0.0,0.0
265,41094217.90042,41094217.90042,41094217.90042,0.0,0.0,0.0
266,41112755.247168,41112755.247168,41112755.247168,0.0,0.0,0.0
267,40856912.112623,40856912.112623,40856912.112623,0.0,0.0,0.0
268,41362381.986987,41362381.986987,41362381.986987,0.0,0.0,0.0
269,41525261.694331,41525261.694331,41525261.694331,0.0,0.0,0.0
270,40895584.070135,40895584.070135,40895584.070135,0.0,0.0,0.0
271,40949692.366616,40949692.366616,40949692.366616,0.0,0.0,0.0
272,41046326.981873,41046326.981873,41046326.981873,0.0,0.0,0.0
273,41181722.131692,41181722.131692,41181722.131692,0.0,0.0,0.0
274,41242870.162455,41242870.162455,41242870.162455,0.0,0.0,0.0
275,41326171.94975,41326171.94975,41326171.94975,0.0,0.0,0.0
276,41297257.055172,41297257.055172,41297257.055172,0.0,0.0,0.0
277,41263739.149395,41263739.149395,41263739.149395,0.0,0.0,0.0
278,41128450.859308,41128450.859308,41128450.859308,0.0,0.0,0.0
279,41568469.430271,41568469.430271,41568469.430271,0.0,0.0,0.0
280,41195334.435826,41195334.435826,41195334.435826,0.0,0.0,0.0
281,41033478.440868,41033478.440868,41033478.440868,0.0,0.0,0.0
282,41034485.674571,41034485.674571,41034485.674571,0.0,0.0,0.0
283,41333145.164792,41333145.164792,41333145.164792,0.0,0.0,0.0
284,41454965.084896,41454965.084896,41454965.084896,0.0,0.0,0.0
285,41526482.204213,41526482.204213,41526482.204213,0.0,0.0,0.0
286,40765583.183178,40765583.183178,40765583.183178,0.0,0.0,0.0
287,40405388.028466,40405388.028466,40405388.028466,0.0,0.0,0.0
288,41143643.110281,41143643.110281,41143643.110281,0.0,0.0,0.0
289,41071847.561241,41071847.561241,41071847.561241,0.0,0.0,0.0
290,40752352.545472,40752352.545472,40752352.545472,0.0,0.0,0.0
291,40627995.194659,40627995.194659,40627995.194659,0.0,0.0,0.0
292,41200341.283107,41200341.283107,41200341.283107,0.0,0.0,0.0
293,41393742.424565,41393742.424565,41393742.424565,0.0,0.0,0.0
294,41235736.975099,41235736.975099,41235736.975099,0.0,0.0,0.0
295,40686793.436049,40686793.436049,40686793.436049,0.0,0.0,0.0
296,41549624.378877,41549624.378877,41549624.378877,0.0,0.0,0.0
297,40704211.266464,40704211.266464,40704211.266464,0.0,0.0,0.0
298,41231264.620351,41231264.620351,41231264.620351,0.0,0.0,0.0
299,40915468.948597,40915468.948597,40915468.948597,0.0,0.0,0.0
300,41081675.524426,41081675.524426,41081675.524426,0.0,0.0,0.0
301,40789467.78229,40789467.78229,40789467.78229,0.0,0.0,0.0
302,41442591.025777,41442591.025777,41442591.025777,0.0,0.0,0.0
303,40806974.979254,40806974.979254,40806974.979254,0.0,0.0,0.0
304,40853816.357188,40853816.357188,40853816.357188,0.0,0.0,0.0
305,41105265.138691,41105265.138691,41105265.138691,0.0,0.0,0.0
306,40753414.980839,40753414.980839,40753414.980839,0.0,0.0,0.0
307,41268464.840688,41268464.840688,41268464.840688,0.0,0.0,0.0
308,41119217.056903,41119217.056903,41119217.056903,0.0,0.0,0.0
309,41089002.706438,41089002.706438,41089002.706438,0.0,0.0,0.0
310,41223165.799053,41223165.799053,41223165.799053,0.0,0.0,0.0
311,40994561.929286,40994561.929286,40994561.929286,0.0,0.0,0.0
312,40793793.318478,40793793.318478,40793793.318478,0.0,0.0,0.0
313,41592706.085101,41592706.085101,41592706.085101,0.0,0.0,0.0
314,40706980.235319,40706980.235319,40706980.235319,0.0,0.0,0.0
315,41058829.425122,41058829.425122,41058829.425122,0.0,0.0,0.0
316,40871916.522858,40871916.522858,40871916.522858,0.0,0.0,0.0
317,40384332.960696,40384332.960696,40384332.960696,0.0,0.0,0.0
318,41587637.929617,41587637.929617,41587637.929617,0.0,0.0,0.0
319,40840858.381702,40840858.381702,40840858.381702,0.0,0.0,0.0
320,41173886.932149,41173886.932149,41173886.932149,0.0,0.0,0.0
321,41045830.609822,41045830.609822,41045830.609822,0.0,0.0,0.0
322,41233624.630025,41233624.630025,41233624.630025,0.0,0.0,0.0
323,40992873.773736,40992873.773736,40992873.773736,0.0,0.0,0.0
324,40965975.963949,40965975.963949,40965975.963949,0.0,0.0,0.0
325,41188397.329642,41188397.329642,41188397.329642,0.0,0.0,0.0
326,41395166.494301,41395166.494301,41395166.494301,0.0,0.0,0.0
327,40879159.403833,40879159.403833,40879159.403833,0.0,0.0,0.0
328,41067844.176124,41067844.176124,41067844.176124,0.0,0.0,0.0
329,41162445.188336,41162445.188336,41162445.188336,0.0,0.0,0.0
330,41129238.073643,41129238.073643,41129238.073643,0.0,0.0,0.0
331,40994240.673958,40994240.673958,40994240.673958,0.0,0.0,0.0
332,40856250.622477,40856250.622477,40856250.622477,0.0,0.0,0.0
333,40891995.983053,40891995.983053,40891995.983053,0.0,0.0,0.0
334,40855844.45069,40855844.45069,40855844.45069,0.0,0.0,0.0
335,41386510.021642,41386510.021642,41386510.021642,0.0,0.0,0.0
336,41126727.400379,41126727.400379,41126727.400379,0.0,0.0,0.0
337,41155179.016875,41155179.016875,41155179.016875,0.0,0.0,0.0
338,41224488.403049,41224488.403049,41224488.403049,0.0,0.0,0.0
339,40982966.416938,40982966.416938,40982966.416938,0.0,0.0,0.0
340,41251223.405143,41251223.405143,41251223.405143,0.0,0.0,0.0
341,40957953.962516,40957953.962516,40957953.962516,0.0,0.0,0.0
342,40774165.182754,40774165.182754,40774165.182754,0.0,0.0,0.0
343,41260701.50253,41260701.50253,41260701.50253,0.0,0.0,0.0
344,41274760.50395,41274760.50395,41274760.50395,0.0,0.0,0.0
345,41009559.508195,41009559.508195,41009559.508195,0.0,0.0,0.0
346,40839962.356573,40839962.356573,40839962.356573,0.0,0.0,0.0
347,40896376.236938,40896376.236938,40896376.236938,0.0,0.0,0.0
348,41339643.245566,41339643.245566,41339643.245566,0.0,0.0,0.0
349,41113871.791983,41113871.791983,41113871.791983,0.0,0.0,0.0
350,41323871.422456,41323871.422456,41323871.422456,0.0,0.0,0.0
351,40801233.810836,40801233.810836,40801233.810836,0.0,0.0,0.0
352,40977922.600516,40977922.600516,40977922.600516,0.0,0.0,0.0
353,41428466.050664,41428466.050664,41428466.050664,0.0,0.0,0.0
354,41087168.747658,41087168.747658,41087168.747658,0.0,0.0,0.0
355,40984517.300542,40984517.300542,40984517.300542,0.0,0.0,0.0
356,41445261.904526,41445261.904526,41445261.904526,0.0,0.0,0.0
357,41044809.320474,41044809.320474,41044809.320474,0.0,0.0,0.0
358,41110959.367156,41110959.367156,41110959.367156,0.0,0.0,0.0
359,40657708.730595,40657708.730595,40657708.730595,0.0,0.0,0.0
360,41164254.793414,41164254.793414,41164254.793414,0.0,0.0,0.0
361,40955185.675534,40955185.675534,40955185.675534,0.0,0.0,0.0
362,40683916.440154,40683916.440154,40683916.440154,0.0,0.0,0.0
363,41071147.109081,41071147.109081,41071147.109081,0.0,0.0,0.0
364,40579349.458012,40579349.458012,40579349.458012,0.0,0.0,0.0
365,40703802.598529,40703802.598529,40703802.598529,0.0,0.0,0.0
366,41260163.68195,41260163.68195,41260163.68195,0.0,0.0,0.0
367,41337225.877723,41337225.877723,41337225.877723,0.0,0.0,0.0
368,41173247.515826,41173247.515826,41173247.515826,0.0,0.0,0.0
369,41144532.266192,41144532.266192,41144532.266192,0.0,0.0,0.0
370,41010122.975607,41010122.975607,41010122.975607,0.0,0.0,0.0
371,41304508.599207,41304508.599207,41304508.599207,0.0,0.0,0.0
372,41477406.697557,41477406.697557,41477406.697557,0.0,0.0,0.0
373,40948103.815194,40948103.815194,40948103.815194,0.0,0.0,0.0
374,41025880.448379,41025880.448379,41025880.448379,0.0,0.0,0.0
375,40830609.441669,40830609.441669,40830609.441669,0.0,0.0,0.0
376,41181215.486198,41181215.486198,41181215.486198,0.0,0.0,0.0
377,40976018.712369,40976018.712369,40976018.712369,0.0,0.0,0.0
378,40995797.142527,40995797.142527,40995797.142527,0.0,0.0,0.0
379,41136770.484034,41136770.484034,41136770.484034,0.0,0.0,0.0
380,40897909.927516,40897909.927516,40897909.927516,0.0,0.0,0.0
381,41200060.034204,41200060.034204,41200060.034204,0.0,0.0,0.0
382,41080697.368325,41080697.368325,41080697.368325,0.0,0.0,0.0
383,40795366.738548,40795366.738548,40795366.738548,0.0,0.0,0.0
384,40990455.501812,40990455.501812,40990455.501812,0.0,0.0,0.0
385,41054263.108458,41054263.108458,41054263.108458,0.0,0.0,0.0
386,41239098.392833,41239098.392833,41239098.392833,0.0,0.0,0.0
387,41220327.667967,41220327.667967,41220327.667967,0.0,0.0,0.0
388,41485471.079957,41485471.079957,41485471.079957,0.0,0.0,0.0
389,41060655.533986,41060655.533986,41060655.533986,0.0,0.0,0.0
390,41261635.160073,41261635.160073,41261635.160073,0.0,0.0,0.0
391,41223112.004689,41223112.004689,41223112.004689,0.0,0.0,0.0
392,40782641.049099,40782641.049099,40782641.049099,0.0,0.0,0.0
393,41005956.215376,41005956.215376,41005956.215376,0.0,0.0,0.0
394,41001202.51993,41001202.51993,41001202.51993,0.0,0.0,0.0
395,41300446.813395,41300446.813395,41300446.813395,0.0,0.0,0.0
396,40809836.356976,40809836.356976,40809836.356976,0.0,0.0,0.0
397,41124021.12354,41124021.12354,41124021.12354,0.0,0.0,0.0
398,40942514.850557,40942514.850557,40942514.850557,0.0,0.0,0.0
399,41134459.648108,41134459.648108,41134459.648108,0.0,0.0,0.0
400,40998991.044413,40998991.044413,40998991.044413,0.0,0.0,0.0
401,40784179.826866,40784179.826866,40784179.826866,0.0,0.0,0.0
402,40761871.45399,40761871.45399,40761871.45399,0.0,0.0,0.0
403,41230077.927276,41230077.927276,41230077.927276,0.0,0.0,0.0
404,41129841.476461,41129841.476461,41129841.476461,0.0,0.0,0.0
405,40906030.212298,40906030.212298,40906030.212298,0.0,0.0,0.0
406,41002716.803322,41002716.803322,41002716.803322,0.0,0.0,0.0
407,41249631.67613,41249631.67613,41249631.67613,0.0,0.0,0.0
408,41033845.191344,41033845.191344,41033845.191344,0.0,0.0,0.0
409,41094427.370987,41094427.370987,41094427.370987,0.0,0.0,0.0
410,40987669.727505,40987669.727505,40987669.727505,0.0,0.0,0.0
411,40937677.70155,40937677.70155,40937677.70155,0.0,0.0,0.0
412,41087459.293981,41087459.293981,41087459.293981,0.0,0.0,0.0
413,41407810.87223,41407810.87223,41407810.87223,0.0,0.0,0.0
414,40868617.615925,40868617.615925,40868617.615925,0.0,0.0,0.0
415,41001898.601507,41001898.601507,41001898.601507,0.0,0.0,0.0
416,40884900.834288,40884900.834288,40884900.834288,0.0,0.0,0.0
417,41577633.28122,41577633.28122,41577633.28122,0.0,0.0,0.0
418,41123391.197593,41123391.197593,41123391.197593,0.0,0.0,0.0
419,40847026.083231,40847026.083231,40847026.083231,0.0,0.0,0.0
420,41374977.836867,41374977.836867,41374977.836867,0.0,0.0,0.0
421,41544622.372923,41544622.372923,41544622.372923,0.0,0.0,0.0
422,41065165.749882,41065165.749882,41065165.749882,0.0,0.0,0.0
423,40699774.832471,40699774.832471,40699774.832471,0.0,0.0,0.0
424,40976510.455862,40976510.455862,40976510.455862,0.0,0.0,0.0
425,41397293.567418,41397293.567418,41397293.567418,0.0,0.0,0.0
426,41484660.782934,41484660.782934,41484660.782934,0.0,0.0,0.0
427,41046974.314693,41046974.314693,41046974.314693,0.0,0.0,0.0
428,40745407.579776,40745407.579776,40745407.579776,0.0,0.0,0.0
429,40863906.973322,40863906.973322,40863906.973322,0.0,0.0,0.0
430,41061285.013581,41061285.013581,41061285.013581,0.0,0.0,0.0
431,41438442.765413,41438442.765413,41438442.765413,0.0,0.0,0.0
432,41041214.077512,41041214.077512,41041214.077512,0.0,0.0,0.0
433,40930192.313457,40930192.313457,40930192.313457,0.0,0.0,0.0
434,41434176.550125,41434176.550125,41434176.550125,0.0,0.0,0.0
435,40868022.060608,40868022.060608,40868022.060608,0.0,0.0,0.0
436,41196899.464707,41196899.464707,41196899.464707,0.0,0.0,0.0
437,41020419.48124,41020419.48124,41020419.48124,0.0,0.0,0.0
438,41009293.709845,41009293.709845,41009293.709845,0.0,0.0,0.0
439,41171843.152467,41171843.152467,41171843.152467,0.0,0.0,0.0
440,41132302.693006,41132302.693006,41132302.693006,0.0,0.0,0.0
441,41053753.77844,41053753.77844,41053753.77844,0.0,0.0,0.0
442,40857704.430795,40857704.430795,40857704.430795,0.0,0.0,0.0
443,41448481.331954,41448481.331954,41448481.331954,0.0,0.0,0.0
444,40972092.989426,40972092.989426,40972092.989426,0.0,0.0,0.0
445,41426084.880924,41426084.880924,41426084.880924,0.0,0.0,0.0
446,41361907.437797,41361907.437797,41361907.437797,0.0,0.0,0.0
447,41148829.240292,41148829.240292,41148829.240292,0.0,0.0,0.0
448,41141107.570184,41141107.570184,41141107.570184,0.0,0.0,0.0
449,41156442.204086,41156442.204086,41156442.204086,0.0,0.0,0.0
450,40871456.408681,40871456.408681,40871456.408681,0.0,0.0,0.0
451,40832780.939835,40832780.939835,40832780.939835,0.0,0.0,0.0
452,41056600.787408,41056600.787408,41056600.787408,0.0,0.0,0.0
453,40835734.10269,40835734.10269,40835734.10269,0.0,0.0,0.0
454,41241414.477569,41241414.477569,41241414.477569,0.0,0.0,0.0
455,41139874.672661,41139874.672661,41139874.672661,0.0,0.0,0.0
456,40969985.453303,40969985.453303,40969985.453303,0.0,0.0,0.0
457,40904944.699691,40904944.699691,40904944.699691,0.0,0.0,0.0
458,40887648.605667,40887648.605667,40887648.605667,0.0,0.0,0.0
459,41055945.706909,41055945.706909,41055945.706909,0.0,0.0,0.0
460,41050207.18983,41050207.18983,41050207.18983,0.0,0.0,0.0
461,41266091.223076,41266091.223076,41266091.223076,0.0,0.0,0.0
462,41359510.750879,41359510.750879,41359510.750879,0.0,0.0,0.0
463,40944671.946287,40944671.946287,40944671.946287,0.0,0.0,0.0
464,41184819.686531,41184819.686531,41184819.686531,0.0,0.0,0.0
465,41027700.140384,41027700.140384,41027700.140384,0.0,0.0,0.0
466,41033300.793703,41033300.793703,41033300.793703,0.0,0.0,0.0
467,41012112.194342,41012112.194342,41012112.194342,0.0,0.0,0.0
468,40424090.065529,40424090.065529,40424090.065529,0.0,0.0,0.0
469,40956442.775527,40956442.775527,40956442.775527,0.0,0.0,0.0
470,40611626.52768,40611626.52768,40611626.52768,0.0,0.0,0.0
471,41279688.52516,41279688.52516,41279688.52516,0.0,0.0,0.0
472,40938473.156257,40938473.156257,40938473.156257,0.0,0.0,0.0
473,40559678.723352,40559678.723352,40559678.723352,0.0,0.0,0.0
474,40923965.633657,40923965.633657,40923965.633657,0.0,0.0,0.0
475,41163049.855026,41163049.855026,41163049.855026,0.0,0.0,0.0
476,41105950.06853,41105950.06853,41105950.06853,0.0,0.0,0.0
477,40978541.741602,40978541.741602,40978541.741602,0.0,0.0,0.0
478,40937582.320461,40937582.320461,40937582.320461,0.0,0.0,0.0
479,40678517.707295,40678517.707295,40678517.707295,0.0,0.0,0.0
480,41492899.444019,41492899.444019,41492899.444019,0.0,0.0,0.0
481,41395892.309172,41395892.309172,41395892.309172,0.0,0.0,0.0
482,40505426.812822,40505426.812822,40505426.812822,0.0,0.0,0.0
483,41036867.565414,41036867.565414,41036867.565414,0.0,0.0,0.0
484,41209654.482452,41209654.482452,41209654.482452,0.0,0.0,0.0
485,40801851.301263,40801851.301263,40801851.301263,0.0,0.0,0.0
486,41260486.292283,41260486.292283,41260486.292283,0.0,0.0,0.0
487,40804979.638178,40804979.638178,40804979.638178,0.0,0.0,0.0
488,40895922.060912,40895922.060912,40895922.060912,0.0,0.0,0.0
489,41173529.35647,41173529.35647,41173529.35647,0.0,0.0,0.0
490,41079759.647582,41079759.647582,41079759.647582,0.0,0.0,0.0
491,41187294.893196,41187294.893196,41187294.893196,0.0,0.0,0.0
492,41304026.811124,41304026.811124,41304026.811124,0.0,0.0,0.0
493,40991164.668999,40991164.668999,40991164.668999,0.0,0.0,0.0
494,40967698.10734,40967698.10734,40967698.10734,0.0,0.0,0.0
495,40975675.387857,40975675.387857,40975675.387857,0.0,0.0,0.0
496,41373543.766879,41373543.766879,41373543.766879,0.0,0.0,0.0
497,41041708.400713,41041708.400713,41041708.400713,0.0,0.0,0.0
498,41302196.317353,41302196.317353,41302196.317353,0.0,0.0,0.0
499,40798373.467806,40798373.467806,40798373.467806,0.0,0.0,0.0
500,41219514.943398,41219514.943398,41219514.943398,0.0,0.0,0.0
501,40769040.955657,40769040.955657,40769040.955657,0.0,0.0,0.0
502,41327790.720556,41327790.720556,41327790.720556,0.0,0.0,0.0
503,41302189.105601,41302189.105601,41302189.105601,0.0,0.0,0.0
504,41134411.753169,41134411.753169,41134411.753169,0.0,0.0,0.0
505,40567544.238527,40567544.238527,40567544.238527,0.0,0.0,0.0
506,41263738.65896,41263738.65896,41263738.65896,0.0,0.0,0.0
507,40531602.795669,40531602.795669,40531602.795669,0.0,0.0,0.0
508,40870760.287385,40870760.287385,40870760.287385,0.0,0.0,0.0
509,41188721.597478,41188721.597478,41188721.597478,0.0,0.0,0.0
510,41316167.791926,41316167.791926,41316167.791926,0.0,0.0,0.0
511,41018303.449341,41018303.449341,41018303.449341,0.0,0.0,0.0
512,40700212.498441,40700212.498441,40700212.498441,0.0,0.0,0.0
513,40926585.888878,40926585.888878,40926585.888878,0.0,0.0,0.0
514,41297704.154568,41297704.154568,41297704.154568,0.0,0.0,0.0
515,41265986.907216,41265986.907216,41265986.907216,0.0,0.0,0.0
516,41024329.828525,41024329.828525,41024329.828525,0.0,0.0,0.0
517,41124829.644291,41124829.644291,41124829.644291,0.0,0.0,0.0
518,40958258.757109,40958258.757109,40958258.757109,0.0,0.0,0.0
519,41438789.438943,41438789.438943,41438789.438943,0.0,0.0,0.0
520,41286176.568637,41286176.568637,41286176.568637,0.0,0.0,0.0
521,41171464.367417,41171464.367417,41171464.367417,0.0,0.0,0.0
522,41212484.620594,41212484.620594,41212484.620594,0.0,0.0,0.0
523,41098265.383571,41098265.383571,41098265.383571,0.0,0.0,0.0
524,41098400.554892,41098400.554892,41098400.554892,0.0,0.0,0.0
525,41174136.923173,41174136.923173,41174136.923173,0.0,0.0,0.0
526,40749935.462476,40749935.462476,40749935.462476,0.0,0.0,0.0
527,41373552.509108,41373552.509108,41373552.509108,0.0,0.0,0.0
528,40645057.250524,40645057.250524,40645057.250524,0.0,0.0,0.0
529,40872760.344016,40872760.344016,40872760.344016,0.0,0.0,0.0
530,41273530.824461,41273530.824461,41273530.824461,0.0,0.0,0.0
531,40890556.651754,40890556.651754,40890556.651754,0.0,0.0,0.0
532,40904007.238775,40904007.238775,40904007.238775,0.0,0.0,0.0
533,41238992.320327,41238992.320327,41238992.320327,0.0,0.0,0.0
534,40987695.124936,40987695.124936,40987695.124936,0.0,0.0,0.0
535,40917457.207795,40917457.207795,40917457.207795,0.0,0.0,0.0
536,40950398.920139,40950398.920139,40950398.920139,0.0,0.0,0.0
537,41169217.627944,41169217.627944,41169217.627944,0.0,0.0,0.0
538,41359329.758501,41359329.758501,41359329.758501,0.0,0.0,0.0
539,41429880.657423,41429880.657423,41429880.657423,0.0,0.0,0.0
540,40788430.242176,40788430.242176,40788430.242176,0.0,0.0,0.0
541,41105970.961121,41105970.961121,41105970.961121,0.0,0.0,0.0
542,41228066.15324,41228066.15324,41228066.15324,0.0,0.0,0.0
543,41160927.923079,41160927.923079,41160927.923079,0.0,0.0,0.0
544,41115639.512328,41115639.512328,41115639.512328,0.0,0.0,0.0
545,40801345.916606,40801345.916606,40801345.916606,0.0,0.0,0.0
546,40828150.05494,40828150.05494,40828150.05494,0.0,0.0,0.0
547,41211339.09507,41211339.09507,41211339.09507,0.0,0.0,0.0
548,41401957.159286,41401957.159286,41401957.159286,0.0,0.0,0.0
549,41164732.632523,41164732.632523,41164732.632523,0.0,0.0,0.0
550,41304851.765421,41304851.765421,41304851.765421,0.0,0.0,0.0
551,41001277.036321,41001277.036321,41001277.036321,0.0,0.0,0.0
552,40749477.357919,40749477.357919,40749477.357919,0.0,0.0,0.0
553,41041015.958891,41041015.958891,41041015.958891,0.0,0.0,0.0
554,41142272.171441,41142272.171441,41142272.171441,0.0,0.0,0.0
555,41473112.20141,41473112.20141,41473112.20141,0.0,0.0,0.0
556,41272249.468588,41272249.468588,41272249.468588,0.0,0.0,0.0
557,41022338.79012,41022338.79012,41022338.79012,0.0,0.0,0.0
558,40950624.4787,40950624.4787,40950624.4787,0.0,0.0,0.0
559,41224049.085293,41224049.085293,41224049.085293,0.0,0.0,0.0
560,41166440.22691,41166440.22691,41166440.22691,0.0,0.0,0.0
561,41355867.679479,41355867.679479,41355867.679479,0.0,0.0,0.0
562,41342350.110843,41342350.110843,41342350.110843,0.0,0.0,0.0
563,41105282.68702,41105282.68702,41105282.68702,0.0,0.0,0.0
564,40765319.264672,40765319.264672,40765319.264672,0.0,0.0,0.0
565,40888197.250038,40888197.250038,40888197.250038,0.0,0.0,0.0
566,40916543.063566,40916543.063566,40916543.063566,0.0,0.0,0.0
567,40918920.399761,40918920.399761,40918920.399761,0.0,0.0,0.0
568,41295248.302056,41295248.302056,41295248.302056,0.0,0.0,0.0
569,41208667.789305,41208667.789305,41208667.789305,0.0,0.0,0.0
570,41221684.044807,41221684.044807,41221684.044807,0.0,0.0,0.0
571,41106699.062971,41106699.062971,41106699.062971,0.0,0.0,0.0
572,40953622.371451,40953622.371451,40953622.371451,0.0,0.0,0.0
573,41066294.123892,41066294.123892,41066294.123892,0.0,0.0,0.0
574,41119950.100663,41119950.100663,41119950.100663,0.0,0.0,0.0
575,40696583.552151,40696583.552151,40696583.552151,0.0,0.0,0.0
576,41305323.916281,41305323.916281,41305323.916281,0.0,0.0,0.0
577,41238127.548695,41238127.548695,41238127.548695,0.0,0.0,0.0
578,41171784.124273,41171784.124273,41171784.124273,0.0,0.0,0.0
579,40896657.733776,40896657.733776,40896657.733776,0.0,0.0,0.0
580,41380589.549591,41380589.549591,41380589.549591,0.0,0.0,0.0
581,40943015.646434,40943015.646434,40943015.646434,0.0,0.0,0.0
582,40932805.891716,40932805.891716,40932805.891716,0.0,0.0,0.0
583,40801025.528398,40801025.528398,40801025.528398,0.0,0.0,0.0
584,41152838.243312,41152838.243312,41152838.243312,0.0,0.0,0.0
585,41556455.368603,41556455.368603,41556455.368603,0.0,0.0,0.0
586,41257818.745506,41257818.745506,41257818.745506,0.0,0.0,0.0
587,40799937.834791,40799937.834791,40799937.834791,0.0,0.0,0.0
588,40840382.76509,40840382.76509,40840382.76509,0.0,0.0,0.0
589,41318865.326303,41318865.326303,41318865.326303,0.0,0.0,0.0
590,41018286.313752,41018286.313752,41018286.313752,0.0,0.0,0.0
591,41492208.820878,41492208.820878,41492208.820878,0.0,0.0,0.0
592,41267114.448486,41267114.448486,41267114.448486,0.0,0.0,0.0
593,40995110.245338,40995110.245338,40995110.245338,0.0,0.0,0.0
594,40726647.927723,40726647.927723,40726647.927723,0.0,0.0,0.0
595,41180549.451949,41180549.451949,41180549.451949,0.0,0.0,0.0
596,41063579.213687,41063579.213687,41063579.213687,0.0,0.0,0.0
597,40858434.720295,40858434.720295,40858434.720295,0.0,0.0,0.0
598,40885956.046471,40885956.046471,40885956.046471,0.0,0.0,0.0
599,40847463.064082,40847463.064082,40847463.064082,0.0,0.0,0.0
600,41124960.240651,41124960.240651,41124960.240651,0.0,0.0,0.0
601,40753718.176408,40753718.176408,40753718.176408,0.0,0.0,0.0
602,40992190.074084,40992190.074084,40992190.074084,0.0,0.0,0.0
603,41339852.765787,41339852.765787,41339852.765787,0.0,0.0,0.0
604,41067058.000154,41067058.000154,41067058.000154,0.0,0.0,0.0
605,41233336.99295,41233336.99295,41233336.99295,0.0,0.0,0.0
606,41236481.305348,41236481.305348,41236481.305348,0.0,0.0,0.0
607,41088943.910832,41088943.910832,41088943.910832,0.0,0.0,0.0
608,41037962.928553,41037962.928553,41037962.928553,0.0,0.0,0.0
609,41406944.504826,41406944.504826,41406944.504826,0.0,0.0,0.0
610,41022930.070884,41022930.070884,41022930.070884,0.0,0.0,0.0
611,41059271.166841,41059271.166841,41059271.166841,0.0,0.0,0.0
612,41362937.959428,41362937.959428,41362937.959428,0.0,0.0,0.0
613,40591694.746844,40591694.746844,40591694.746844,0.0,0.0,0.0
614,41119172.199512,41119172.199512,41119172.199512,0.0,0.0,0.0
615,41347339.125399,41347339.125399,41347339.125399,0.0,0.0,0.0
616,41132780.282257,41132780.282257,41132780.282257,0.0,0.0,0.0
617,41451390.542623,41451390.542623,41451390.542623,0.0,0.0,0.0
618,40867924.424629,40867924.424629,40867924.424629,0.0,0.0,0.0
619,41088583.739941,41088583.739941,41088583.739941,0.0,0.0,0.0
620,41093312.643909,41093312.643909,41093312.643909,0.0,0.0,0.0
621,41101931.659732,41101931.659732,41101931.659732,0.0,0.0,0.0
622,41338793.813125,41338793.813125,41338793.813125,0.0,0.0,0.0
623,40727830.213813,40727830.213813,40727830.213813,0.0,0.0,0.0
624,41013671.658585,41013671.658585,41013671.658585,0.0,0.0,0.0
625,41074719.953635,41074719.953635,41074719.953635,0.0,0.0,0.0
626,41039558.550158,41039558.550158,41039558.550158,0.0,0.0,0.0
627,41012845.514935,41012845.514935,41012845.514935,0.0,0.0,0.0
628,41147872.731051,41147872.731051,41147872.731051,0.0,0.0,0.0
629,41511921.851295,41511921.851295,41511921.851295,0.0,0.0,0.0
630,40961694.262989,40961694.262989,40961694.262989,0.0,0.0,0.0
631,41126929.723658,41126929.723658,41126929.723658,0.0,0.0,0.0
632,41130216.567172,41130216.567172,41130216.567172,0.0,0.0,0.0
633,41098800.487883,41098800.487883,41098800.487883,0.0,0.0,0.0
634,41169074.574346,41169074.574346,41169074.574346,0.0,0.0,0.0
635,40994655.334296,40994655.334296,40994655.334296,0.0,0.0,0.0
636,40877315.844452,40877315.844452,40877315.844452,0.0,0.0,0.0
637,41185137.368817,41185137.368817,41185137.368817,0.0,0.0,0.0
638,41246196.73435,41246196.73435,41246196.73435,0.0,0.0,0.0
639,41529886.042629,41529886.042629,41529886.042629,0.0,0.0,0.0
640,40997396.587249,40997396.587249,40997396.587249,0.0,0.0,0.0
641,40938203.189204,40938203.189204,40938203.189204,0.0,0.0,0.0
642,41164076.407114,41164076.407114,41164076.407114,0.0,0.0,0.0
643,41123629.766644,41123629.766644,41123629.766644,0.0,0.0,0.0
644,40848705.165821,40848705.165821,40848705.165821,0.0,0.0,0.0
645,40822217.907388,40822217.907388,40822217.907388,0.0,0.0,0.0
646,41078072.015286,41078072.015286,41078072.015286,0.0,0.0,0.0
647,40808992.50173,40808992.50173,40808992.50173,0.0,0.0,0.0
648,40906719.652828,40906719.652828,40906719.652828,0.0,0.0,0.0
649,40859222.750365,40859222.750365,40859222.750365,0.0,0.0,0.0
650,41444236.428961,41444236.428961,41444236.428961,0.0,0.0,0.0
651,41066908.254228,41066908.254228,41066908.254228,0.0,0.0,0.0
652,41154225.341591,41154225.341591,41154225.341591,0.0,0.0,0.0
653,40946850.492498,40946850.492498,40946850.492498,0.0,0.0,0.0
654,40880767.504877,40880767.504877,40880767.504877,0.0,0.0,0.0
655,40956952.400575,40956952.400575,40956952.400575,0.0,0.0,0.0
656,40838887.969184,40838887.969184,40838887.969184,0.0,0.0,0.0
657,40715689.17803,40715689.17803,40715689.17803,0.0,0.0,0.0
658,41345266.65626,41345266.65626,41345266.65626,0.0,0.0,0.0
659,40751479.197033,40751479.197033,40751479.197033,0.0,0.0,0.0
660,41169816.703549,41169816.703549,41169816.703549,0.0,0.0,0.0
661,40949176.231471,40949176.231471,40949176.231471,0.0,0.0,0.0
662,41261568.257427,41261568.257427,41261568.257427,0.0,0.0,0.0
663,41087339.243142,41087339.243142,41087339.243142,0.0,0.0,0.0
664,40934702.009792,40934702.009792,40934702.009792,0.0,0.0,0.0
665,41491277.298557,41491277.298557,41491277.298557,0.0,0.0,0.0
666,40899357.284314,40899357.284314,40899357.284314,0.0,0.0,0.0
667,41079838.510592,41079838.510592,41079838.510592,0.0,0.0,0.0
668,41259453.399559,41259453.399559,41259453.399559,0.0,0.0,0.0
669,40960303.270991,40960303.270991,40960303.270991,0.0,0.0,0.0
670,41231266.362819,41231266.362819,41231266.362819,0.0,0.0,0.0
671,41036346.339675,41036346.339675,41036346.339675,0.0,0.0,0.0
672,40723044.392652,40723044.392652,40723044.392652,0.0,0.0,0.0
673,40650746.377914,40650746.377914,40650746.377914,0.0,0.0,0.0
674,41209664.379412,41209664.379412,41209664.379412,0.0,0.0,0.0
675,41036825.492622,41036825.492622,41036825.492622,0.0,0.0,0.0
676,40967070.710908,40967070.710908,40967070.710908,0.0,0.0,0.0
677,41158286.578707,41158286.578707,41158286.578707,0.0,0.0,0.0
678,40744804.425428,40744804.425428,40744804.425428,0.0,0.0,0.0
679,40503368.365174,40503368.365174,40503368.365174,0.0,0.0,0.0
680,40612757.533365,40612757.533365,40612757.533365,0.0,0.0,0.0
681,41211675.247806,41211675.247806,41211675.247806,0.0,0.0,0.0
682,40876255.520828,40876255.520828,40876255.520828,0.0,0.0,0.0
683,41022214.344441,41022214.344441,41022214.344441,0.0,0.0,0.0
684,41157209.245164,41157209.245164,41157209.245164,0.0,0.0,0.0
685,41028029.461334,41028029.461334,41028029.461334,0.0,0.0,0.0
686,40606619.910872,40606619.910872,40606619.910872,0.0,0.0,0.0
687,41125887.624153,41125887.624153,41125887.624153,0.0,0.0,0.0
688,40723180.220865,40723180.220865,40723180.220865,0.0,0.0,0.0
689,40936546.466939,40936546.466939,40936546.466939,0.0,0.0,0.0
690,41166700.18699,41166700.18699,41166700.18699,0.0,0.0,0.0
691,41213741.842656,41213741.842656,41213741.842656,0.0,0.0,0.0
692,40936634.241117,40936634.241117,40936634.241117,0.0,0.0,0.0
693,40630989.334549,40630989.334549,40630989.334549,0.0,0.0,0.0
694,41045521.035764,41045521.035764,41045521.035764,0.0,0.0,0.0
695,40796733.012943,40796733.012943,40796733.012943,0.0,0.0,0.0
696,40611048.380031,40611048.380031,40611048.380031,0.0,0.0,0.0
697,41033478.46241,41033478.46241,41033478.46241,0.0,0.0,0.0
698,41306503.354957,41306503.354957,41306503.354957,0.0,0.0,0.0
699,40956236.828195,40956236.828195,40956236.828195,0.0,0.0,0.0
700,41145722.374509,41145722.374509,41145722.374509,0.0,0.0,0.0
701,41101437.9671,41101437.9671,41101437.9671,0.0,0.0,0.0
702,41020636.880308,41020636.880308,41020636.880308,0.0,0.0,0.0
703,41203218.536936,41203218.536936,41203218.536936,0.0,0.0,0.0
704,41563391.104409,41563391.104409,41563391.104409,0.0,0.0,0.0
705,41082454.97571,41082454.97571,41082454.97571,0.0,0.0,0.0
706,41107418.750644,41107418.750644,41107418.750644,0.0,0.0,0.0
707,41194394.164855,41194394.164855,41194394.164855,0.0,0.0,0.0
708,41176756.401807,41176756.401807,41176756.401807,0.0,0.0,0.0
709,40863477.913525,40863477.913525,40863477.913525,0.0,0.0,0.0
710,41292689.771384,41292689.771384,41292689.771384,0.0,0.0,0.0
711,41137205.973598,41137205.973598,41137205.973598,0.0,0.0,0.0
712,41318301.073289,41318301.073289,41318301.073289,0.0,0.0,0.0
713,40970946.304617,40970946.304617,40970946.304617,0.0,0.0,0.0
714,41582827.102892,41582827.102892,41582827.102892,0.0,0.0,0.0
715,40840689.795187,40840689.795187,40840689.795187,0.0,0.0,0.0
716,40818321.892471,40818321.892471,40818321.892471,0.0,0.0,0.0
717,40951668.144027,40951668.144027,40951668.144027,0.0,0.0,0.0
718,40799121.933327,40799121.933327,40799121.933327,0.0,0.0,0.0
719,41242428.932419,41242428.932419,41242428.932419,0.0,0.0,0.0
720,40472157.415246,40472157.415246,40472157.415246,0.0,0.0,0.0
721,40791796.567703,40791796.567703,40791796.567703,0.0,0.0,0.0
722,41118233.164724,41118233.164724,41118233.164724,0.0,0.0,0.0
723,41005551.829581,41005551.829581,41005551.829581,0.0,0.0,0.0
724,40655068.716952,40655068.716952,40655068.716952,0.0,0.0,0.0
725,41041246.738433,41041246.738433,41041246.738433,0.0,0.0,0.0
726,40540640.708485,40540640.708485,40540640.708485,0.0,0.0,0.0
727,41371598.89972,41371598.89972,41371598.89972,0.0,0.0,0.0
728,41113045.819026,41113045.819026,41113045.819026,0.0,0.0,0.0
729,41335478.809322,41335478.809322,41335478.809322,0.0,0.0,0.0
730,41137079.07141,41137079.07141,41137079.07141,0.0,0.0,0.0
731,40844947.73689,40844947.73689,40844947.73689,0.0,0.0,0.0
732,40902690.313392,40902690.313392,40902690.313392,0.0,0.0,0.0
733,40915065.779922,40915065.779922,40915065.779922,0.0,0.0,0.0
734,40827958.9437,40827958.9437,40827958.9437,0.0,0.0,0.0
735,41152742.188786,41152742.188786,41152742.188786,0.0,0.0,0.0
736,41042811.45825,41042811.45825,41042811.45825,0.0,0.0,0.0
737,40983282.447613,40983282.447613,40983282.447613,0.0,0.0,0.0
738,41124382.822299,41124382.822299,41124382.822299,0.0,0.0,0.0
739,41033940.814056,41033940.814056,41033940.814056,0.0,0.0,0.0
740,41004392.342291,41004392.342291,41004392.342291,0.0,0.0,0.0
741,41357123.143813,41357123.143813,41357123.143813,0.0,0.0,0.0
742,40978150.809911,40978150.809911,40978150.809911,0.0,0.0,0.0
743,41315946.823994,41315946.823994,41315946.823994,0.0,0.0,0.0
744,41290284.320582,41290284.320582,41290284.320582,0.0,0.0,0.0
745,40747537.338208,40747537.338208,40747537.338208,0.0,0.0,0.0
746,41210760.846527,41210760.846527,41210760.846527,0.0,0.0,0.0
747,41630537.264267,41630537.264267,41630537.264267,0.0,0.0,0.0
748,41276793.617215,41276793.617215,41276793.617215,0.0,0.0,0.0
749,40974212.506818,40974212.506818,40974212.506818,0.0,0.0,0.0
750,41058574.549777,41058574.549777,41058574.549777,0.0,0.0,0.0
751,41400416.531556,41400416.531556,41400416.531556,0.0,0.0,0.0
752,40625241.457566,40625241.457566,40625241.457566,0.0,0.0,0.0
753,41208097.678521,41208097.678521,41208097.678521,0.0,0.0,0.0
754,41359911.967998,41359911.967998,41359911.967998,0.0,0.0,0.0
755,40973987.108761,40973987.108761,40973987.108761,0.0,0.0,0.0
756,41355201.942051,41355201.942051,41355201.942051,0.0,0.0,0.0
757,40809899.563499,40809899.563499,40809899.563499,0.0,0.0,0.0
758,40776170.934119,40776170.934119,40776170.934119,0.0,0.0,0.0
759,40953487.215951,40953487.215951,40953487.215951,0.0,0.0,0.0
760,40926955.110277,40926955.110277,40926955.110277,0.0,0.0,0.0
761,40818796.531493,40818796.531493,40818796.531493,0.0,0.0,0.0
762,40958234.962183,40958234.962183,40958234.962183,0.0,0.0,0.0
763,41410125.485874,41410125.485874,41410125.485874,0.0,0.0,0.0
764,41162421.338646,41162421.338646,41162421.338646,0.0,0.0,0.0
765,41155291.245565,41155291.245565,41155291.245565,0.0,0.0,0.0
766,41424139.762417,41424139.762417,41424139.762417,0.0,0.0,0.0
767,41523267.40186,41523267.40186,41523267.40186,0.0,0.0,0.0
768,41114732.691987,41114732.691987,41114732.691987,0.0,0.0,0.0
769,40841097.197688,40841097.197688,40841097.197688,0.0,0.0,0.0
770,40986337.364566,40986337.364566,40986337.364566,0.0,0.0,0.0
771,41127354.095788,41127354.095788,41127354.095788,0.0,0.0,0.0
772,40844561.127177,40844561.127177,40844561.127177,0.0,0.0,0.0
773,41051555.967962,41051555.967962,41051555.967962,0.0,0.0,0.0
774,40986644.164353,40986644.164353,40986644.164353,0.0,0.0,0.0
775,41132478.477914,41132478.477914,41132478.477914,0.0,0.0,0.0
776,40620926.743573,40620926.743573,40620926.743573,0.0,0.0,0.0
777,41197640.319989,41197640.319989,41197640.319989,0.0,0.0,0.0
778,41264337.430707,41264337.430707,41264337.430707,0.0,0.0,0.0
779,40921487.544286,40921487.544286,40921487.544286,0.0,0.0,0.0
780,41292757.80191,41292757.80191,41292757.80191,0.0,0.0,0.0
781,41221517.4036,41221517.4036,41221517.4036,0.0,0.0,0.0
782,41301900.752094,41301900.752094,41301900.752094,0.0,0.0,0.0
783,40827618.323836,40827618.323836,40827618.323836,0.0,0.0,0.0
784,41065301.550078,41065301.550078,41065301.550078,0.0,0.0,0.0
785,41312763.110824,41312763.110824,41312763.110824,0.0,0.0,0.0
786,41244705.9951,41244705.9951,41244705.9951,0.0,0.0,0.0
787,41027717.850951,41027717.850951,41027717.850951,0.0,0.0,0.0
788,40625139.446451,40625139.446451,40625139.446451,0.0,0.0,0.0
789,41150115.038528,41150115.038528,41150115.038528,0.0,0.0,0.0
790,41177679.360901,41177679.360901,41177679.360901,0.0,0.0,0.0
791,41157663.841216,41157663.841216,41157663.841216,0.0,0.0,0.0
792,40927636.660565,40927636.660565,40927636.660565,0.0,0.0,0.0
793,41183052.242547,41183052.242547,41183052.242547,0.0,0.0,0.0
794,41539438.928501,41539438.928501,41539438.928501,0.0,0.0,0.0
795,41348030.608844,41348030.608844,41348030.608844,0.0,0.0,0.0
796,40819646.958402,40819646.958402,40819646.958402,0.0,0.0,0.0
797,41245245.359106,41245245.359106,41245245.359106,0.0,0.0,0.0
798,40788582.669741,40788582.669741,40788582.669741,0.0,0.0,0.0
799,41205887.016115,41205887.016115,41205887.016115,0.0,0.0,0.0
800,41201843.25636,41201843.25636,41201843.25636,0.0,0.0,0.0
801,40913026.190636,40913026.190636,40913026.190636,0.0,0.0,0.0
802,41160882.495826,41160882.495826,41160882.495826,0.0,0.0,0.0
803,41356371.676036,41356371.676036,41356371.676036,0.0,0.0,0.0
804,40851745.658518,40851745.658518,40851745.658518,0.0,0.0,0.0
805,41118576.165024,41118576.165024,41118576.165024,0.0,0.0,0.0
806,41085051.14913,41085051.14913,41085051.14913,0.0,0.0,0.0
807,40920281.670859,40920281.670859,40920281.670859,0.0,0.0,0.0
808,41207257.165646,41207257.165646,41207257.165646,0.0,0.0,0.0
809,40842014.614012,40842014.614012,40842014.614012,0.0,0.0,0.0
810,41125052.388944,41125052.388944,41125052.388944,0.0,0.0,0.0
811,41321611.048885,41321611.048885,41321611.048885,0.0,0.0,0.0
812,41043676.356112,41043676.356112,41043676.356112,0.0,0.0,0.0
813,41149740.463691,41149740.463691,41149740.463691,0.0,0.0,0.0
814,41064264.595533,41064264.595533,41064264.595533,0.0,0.0,0.0
815,40913052.004846,40913052.004846,40913052.004846,0.0,0.0,0.0
816,41177331.248475,41177331.248475,41177331.248475,0.0,0.0,0.0
817,41346743.903872,41346743.903872,41346743.903872,0.0,0.0,0.0
818,40820817.209375,40820817.209375,40820817.209375,0.0,0.0,0.0
819,41374085.839354,41374085.839354,41374085.839354,0.0,0.0,0.0
820,40450578.459553,40450578.459553,40450578.459553,0.0,0.0,0.0
821,41122882.028411,41122882.028411,41122882.028411,0.0,0.0,0.0
822,41080787.540038,41080787.540038,41080787.540038,0.0,0.0,0.0
823,40978558.325014,40978558.325014,40978558.325014,0.0,0.0,0.0
824,40654643.385974,40654643.385974,40654643.385974,0.0,0.0,0.0
825,41260047.25202,41260047.25202,41260047.25202,0.0,0.0,0.0
826,41126578.463117,41126578.463117,41126578.463117,0.0,0.0,0.0
827,41097374.722304,41097374.722304,41097374.722304,0.0,0.0,0.0
828,41202220.325432,41202220.325432,41202220.325432,0.0,0.0,0.0
829,41018242.635359,41018242.635359,41018242.635359,0.0,0.0,0.0
830,41208699.287727,41208699.287727,41208699.287727,0.0,0.0,0.0
831,41051329.3776,41051329.3776,41051329.3776,0.0,0.0,0.0
832,41075177.268805,41075177.268805,41075177.268805,0.0,0.0,0.0
833,41317630.771903,41317630.771903,41317630.771903,0.0,0.0,0.0
834,41332287.159222,41332287.159222,41332287.159222,0.0,0.0,0.0
835,41145791.783392,41145791.783392,41145791.783392,0.0,0.0,0.0
836,40989073.279257,40989073.279257,40989073.279257,0.0,0.0,0.0
837,41186715.523775,41186715.523775,41186715.523775,0.0,0.0,0.0
838,40810670.268595,40810670.268595,40810670.268595,0.0,0.0,0.0
839,41359389.423701,41359389.423701,41359389.423701,0.0,0.0,0.0
840,41074100.314892,41074100.314892,41074100.314892,0.0,0.0,0.0
841,41156979.703051,41156979.703051,41156979.703051,0.0,0.0,0.0
842,41206461.004553,41206461.004553,41206461.004553,0.0,0.0,0.0
843,41231778.23583,41231778.23583,41231778.23583,0.0,0.0,0.0
844,40756268.94286,40756268.94286,40756268.94286,0.0,0.0,0.0
845,41247584.26173,41247584.26173,41247584.26173,0.0,0.0,0.0
846,40694276.513358,40694276.513358,40694276.513358,0.0,0.0,0.0
847,41047451.294335,41047451.294335,41047451.294335,0.0,0.0,0.0
848,41224613.404455,41224613.404455,41224613.404455,0.0,0.0,0.0
849,40607315.234534,40607315.234534,40607315.234534,0.0,0.0,0.0
850,41138864.683474,41138864.683474,41138864.683474,0.0,0.0,0.0
851,41581046.440977,41581046.440977,41581046.440977,0.0,0.0,0.0
852,40903001.503784,40903001.503784,40903001.503784,0.0,0.0,0.0
853,41314201.06148,41314201.06148,41314201.06148,0.0,0.0,0.0
854,41467160.666541,41467160.666541,41467160.666541,0.0,0.0,0.0
855,41044156.922323,41044156.922323,41044156.922323,0.0,0.0,0.0
856,40805722.980592,40805722.980592,40805722.980592,0.0,0.0,0.0
857,40809197.418351,40809197.418351,40809197.418351,0.0,0.0,0.0
858,41178300.263648,41178300.263648,41178300.263648,0.0,0.0,0.0
859,41398519.293223,41398519.293223,41398519.293223,0.0,0.0,0.0
860,41196825.804423,41196825.804423,41196825.804423,0.0,0.0,0.0
861,41298321.30372,41298321.30372,41298321.30372,0.0,0.0,0.0
862,40984646.508719,40984646.508719,40984646.508719,0.0,0.0,0.0
863,41139980.479201,41139980.479201,41139980.479201,0.0,0.0,0.0
864,40999021.825921,40999021.825921,40999021.825921,0.0,0.0,0.0
865,41413184.566518,41413184.566518,41413184.566518,0.0,0.0,0.0
866,41192430.172942,41192430.172942,41192430.172942,0.0,0.0,0.0
867,41344944.988987,41344944.988987,41344944.988987,0.0,0.0,0.0
868,40985573.054163,40985573.054163,40985573.054163,0.0,0.0,0.0
869,40926881.817797,40926881.817797,40926881.817797,0.0,0.0,0.0
870,41199690.684406,41199690.684406,41199690.684406,0.0,0.0,0.0
871,40871822.121211,40871822.121211,40871822.121211,0.0,0.0,0.0
872,41043695.175147,41043695.175147,41043695.175147,0.0,0.0,0.0
873,41437456.970492,41437456.970492,41437456.970492,0.0,0.0,0.0
874,41303543.304722,41303543.304722,41303543.304722,0.0,0.0,0.0
875,41124739.913716,41124739.913716,41124739.913716,0.0,0.0,0.0
876,41328352.058674,41328352.058674,41328352.058674,0.0,0.0,0.0
877,40752827.969153,40752827.969153,40752827.969153,0.0,0.0,0.0
878,40927950.89096,40927950.89096,40927950.89096,0.0,0.0,0.0
879,41306556.508805,41306556.508805,41306556.508805,0.0,0.0,0.0
880,41181394.681518,41181394.681518,41181394.681518,0.0,0.0,0.0
881,41005204.054927,41005204.054927,41005204.054927,0.0,0.0,0.0
882,41084499.416528,41084499.416528,41084499.416528,0.0,0.0,0.0
883,41015338.468706,41015338.468706,41015338.468706,0.0,0.0,0.0
884,40655672.856153,40655672.856153,40655672.856153,0.0,0.0,0.0
885,41020040.583477,41020040.583477,41020040.583477,0.0,0.0,0.0
886,41391368.901284,41391368.901284,41391368.901284,0.0,0.0,0.0
887,40487194.450356,40487194.450356,40487194.450356,0.0,0.0,0.0
888,41222804.490987,41222804.490987,41222804.490987,0.0,0.0,0.0
889,40995948.87672,40995948.87672,40995948.87672,0.0,0.0,0.0
890,41112221.655333,41112221.655333,41112221.655333,0.0,0.0,0.0
891,40848553.129338,40848553.129338,40848553.129338,0.0,0.0,0.0
892,41017675.20243,41017675.20243,41017675.20243,0.0,0.0,0.0
893,40951665.606091,40951665.606091,40951665.606091,0.0,0.0,0.0
894,40998757.500053,40998757.500053,40998757.500053,0.0,0.0,0.0
895,41206450.194064,41206450.194064,41206450.194064,0.0,0.0,0.0
896,41259481.049586,41259481.049586,41259481.049586,0.0,0.0,0.0
897,41203940.60373,41203940.60373,41203940.60373,0.0,0.0,0.0
898,41015741.505347,41015741.505347,41015741.505347,0.0,0.0,0.0
899,41429973.451311,41429973.451311,41429973.451311,0.0,0.0,0.0
900,41140201.958227,41140201.958227,41140201.958227,0.0,0.0,0.0
901,41111824.025819,41111824.025819,41111824.025819,0.0,0.0,0.0
902,40840739.886309,40840739.886309,40840739.886309,0.0,0.0,0.0
903,40804936.068321,40804936.068321,40804936.068321,0.0,0.0,0.0
904,41405570.980044,41405570.980044,41405570.980044,0.0,0.0,0.0
905,41369078.917637,41369078.917637,41369078.917637,0.0,0.0,0.0
906,41128335.942308,41128335.942308,41128335.942308,0.0,0.0,0.0
907,41307462.363797,41307462.363797,41307462.363797,0.0,0.0,0.0
908,40727899.716233,40727899.716233,40727899.716233,0.0,0.0,0.0
909,41005091.599159,41005091.599159,41005091.599159,0.0,0.0,0.0
910,40972510.735028,40972510.735028,40972510.735028,0.0,0.0,0.0
911,40972145.571725,40972145.571725,40972145.571725,0.0,0.0,0.0
912,40696744.8526,40696744.8526,40696744.8526,0.0,0.0,0.0
913,41009340.072536,41009340.072536,41009340.072536,0.0,0.0,0.0
914,41044871.523557,41044871.523557,41044871.523557,0.0,0.0,0.0
915,41207431.770032,41207431.770032,41207431.770032,0.0,0.0,0.0
916,40937467.760295,40937467.760295,40937467.760295,0.0,0.0,0.0
917,41213359.700732,41213359.700732,41213359.700732,0.0,0.0,0.0
918,40988876.605489,40988876.605489,40988876.605489,0.0,0.0,0.0
919,41269089.075469,41269089.075469,41269089.075469,0.0,0.0,0.0
920,41592780.421036,41592780.421036,41592780.421036,0.0,0.0,0.0
921,40979471.302637,40979471.302637,40979471.302637,0.0,0.0,0.0
922,40422565.886124,40422565.886124,40422565.886124,0.0,0.0,0.0
923,41099989.606069,41099989.606069,41099989.606069,0.0,0.0,0.0
924,41312501.113128,41312501.113128,41312501.113128,0.0,0.0,0.0
925,41189283.05091,41189283.05091,41189283.05091,0.0,0.0,0.0
926,41087658.726644,41087658.726644,41087658.726644,0.0,0.0,0.0
927,40955205.659289,40955205.659289,40955205.659289,0.0,0.0,0.0
928,40785700.835339,40785700.835339,40785700.835339,0.0,0.0,0.0
929,40945230.173318,40945230.173318,40945230.173318,0.0,0.0,0.0
930,41049878.465756,41049878.465756,41049878.465756,0.0,0.0,0.0
931,41136056.016552,41136056.016552,41136056.016552,0.0,0.0,0.0
932,41383841.059179,41383841.059179,41383841.059179,0.0,0.0,0.0
933,41044361.707894,41044361.707894,41044361.707894,0.0,0.0,0.0
934,40992505.979971,40992505.979971,40992505.979971,0.0,0.0,0.0
935,41247019.744576,41247019.744576,41247019.744576,0.0,0.0,0.0
936,40997241.837903,40997241.837903,40997241.837903,0.0,0.0,0.0
937,41193091.53895,41193091.53895,41193091.53895,0.0,0.0,0.0
938,40733863.012197,40733863.012197,40733863.012197,0.0,0.0,0.0
939,41137450.959257,41137450.959257,41137450.959257,0.0,0.0,0.0
940,40937787.118272,40937787.118272,40937787.118272,0.0,0.0,0.0
941,40939926.970244,40939926.970244,40939926.970244,0.0,0.0,0.0
942,40992203.813404,40992203.813404,40992203.813404,0.0,0.0,0.0
943,40991678.487125,40991678.487125,40991678.487125,0.0,0.0,0.0
944,41304070.704804,41304070.704804,41304070.704804,0.0,0.0,0.0
945,40872480.834528,40872480.834528,40872480.834528,0.0,0.0,0.0
946,41119491.344719,41119491.344719,41119491.344719,0.0,0.0,0.0
947,40712558.06998,40712558.06998,40712558.06998,0.0,0.0,0.0
948,40796095.973419,40796095.973419,40796095.973419,0.0,0.0,0.0
949,40880144.475945,40880144.475945,40880144.475945,0.0,0.0,0.0
950,41182081.435215,41182081.435215,41182081.435215,0.0,0.0,0.0
951,40861136.583867,40861136.583867,40861136.583867,0.0,0.0,0.0
952,41150726.036542,41150726.036542,41150726.036542,0.0,0.0,0.0
953,40738978.33989,40738978.33989,40738978.33989,0.0,0.0,0.0
954,41204949.484421,41204949.484421,41204949.484421,0.0,0.0,0.0
955,40816731.608888,40816731.608888,40816731.608888,0.0,0.0,0.0
956,41064084.764246,41064084.764246,41064084.764246,0.0,0.0,0.0
957,41330526.217304,41330526.217304,41330526.217304,0.0,0.0,0.0
958,41168061.726768,41168061.726768,41168061.726768,0.0,0.0,0.0
959,41049577.284446,41049577.284446,41049577.284446,0.0,0.0,0.0
960,41037454.164387,41037454.164387,41037454.164387,0.0,0.0,0.0
961,41062934.12026,41062934.12026,41062934.12026,0.0,0.0,0.0
962,41440649.110309,41440649.110309,41440649.110309,0.0,0.0,0.0
963,40851110.111062,40851110.111062,40851110.111062,0.0,0.0,0.0
964,41264308.204157,41264308.204157,41264308.204157,0.0,0.0,0.0
965,40853868.653059,40853868.653059,40853868.653059,0.0,0.0,0.0
966,41098354.551135,41098354.551135,41098354.551135,0.0,0.0,0.0
967,41098058.484386,41098058.484386,41098058.484386,0.0,0.0,0.0
968,41124090.864286,41124090.864286,41124090.864286,0.0,0.0,0.0
969,41487591.550897,41487591.550897,41487591.550897,0.0,0.0,0.0
970,40838220.002496,40838220.002496,40838220.002496,0.0,0.0,0.0
971,41622509.457318,41622509.457318,41622509.457318,0.0,0.0,0.0
972,41248450.664967,41248450.664967,41248450.664967,0.0,0.0,0.0
973,41342252.635102,41342252.635102,41342252.635102,0.0,0.0,0.0
974,41043928.243539,41043928.243539,41043928.243539,0.0,0.0,0.0
975,41273466.892996,41273466.892996,41273466.892996,0.0,0.0,0.0
976,40542372.997042,40542372.997042,40542372.997042,0.0,0.0,0.0
977,41071529.710358,41071529.710358,41071529.710358,0.0,0.0,0.0
978,41101340.688872,41101340.688872,41101340.688872,0.0,0.0,0.0
979,40852563.233223,40852563.233223,40852563.233223,0.0,0.0,0.0
980,41053853.111741,41053853.111741,41053853.111741,0.0,0.0,0.0
981,41081314.324132,41081314.324132,41081314.324132,0.0,0.0,0.0
982,41505689.689823,41505689.689823,41505689.689823,0.0,0.0,0.0
983,41414782.54804,41414782.54804,41414782.54804,0.0,0.0,0.0
984,41048211.111311,41048211.111311,41048211.111311,0.0,0.0,0.0
985,41208647.867217,41208647.867217,41208647.867217,0.0,0.0,0.0
986,41014846.507016,41014846.507016,41014846.507016,0.0,0.0,0.0
987,41062274.741314,41062274.741314,41062274.741314,0.0,0.0,0.0
988,41004486.483153,41004486.483153,41004486.483153,0.0,0.0,0.0
989,41161592.466161,41161592.466161,41161592.466161,0.0,0.0,0.0
990,41033265.804439,41033265.804439,41033265.804439,0.0,0.0,0.0
991,41013355.493194,41013355.493194,41013355.493194,0.0,0.0,0.0
992,40988608.700973,40988608.700973,40988608.700973,0.0,0.0,0.0
993,41213721.468785,41213721.468785,41213721.468785,0.0,0.0,0.0
994,40892429.608205,40892429.608205,40892429.608205,0.0,0.0,0.0
995,40958112.119986,40958112.119986,40958112.119986,0.0,0.0,0.0
996,40762104.449697,40762104.449697,40762104.449697,0.0,0.0,0.0
997,41333871.907575,41333871.907575,41333871.907575,0.0,0.0,0.0
998,40814674.802884,40814674.802884,40814674.802884,0.0,0.0,0.0
999,40799103.952767,40799103.952767,40799103.952767,0.0,0.0,0.0
1000,40459823.620209,40459823.620209,40459823.620209,0.0,0.0,0.0
1001,41210294.72261,41210294.72261,41210294.72261,0.0,0.0,0.0
1002,41350358.461213,41350358.461213,41350358.461213,0.0,0.0,0.0
1003,40921089.517137,40921089.517137,40921089.517137,0.0,0.0,0.0
1004,41295765.798017,41295765.798017,41295765.798017,0.0,0.0,0.0
1005,40570629.228709,40570629.228709,40570629.228709,0.0,0.0,0.0
1006,41259155.816555,41259155.816555,41259155.816555,0.0,0.0,0.0
1007,41384507.491434,41384507.491434,41384507.491434,0.0,0.0,0.0
1008,41249014.627423,41249014.627423,41249014.627423,0.0,0.0,0.0
1009,41194794.145244,41194794.145244,41194794.145244,0.0,0.0,0.0
1010,41113773.740128,41113773.740128,41113773.740128,0.0,0.0,0.0
1011,41067125.559791,41067125.559791,41067125.559791,0.0,0.0,0.0
1012,41043946.947325,41043946.947325,41043946.947325,0.0,0.0,0.0
1013,41209599.747838,41209599.747838,41209599.747838,0.0,0.0,0.0
1014,40744677.819175,40744677.819175,40744677.819175,0.0,0.0,0.0
1015,41204052.488599,41204052.488599,41204052.488599,0.0,0.0,0.0
1016,41020246.998343,41020246.998343,41020246.998343,0.0,0.0,0.0
1017,40965928.82528,40965928.82528,40965928.82528,0.0,0.0,0.0
1018,41012676.281098,41012676.281098,41012676.281098,0.0,0.0,0.0
1019,41094056.319742,41094056.319742,41094056.319742,0.0,0.0,0.0
1020,41206090.69157,41206090.69157,41206090.69157,0.0,0.0,0.0
1021,41246444.108398,41246444.108398,41246444.108398,0.0,0.0,0.0
1022,40971288.197367,40971288.197367,40971288.197367,0.0,0.0,0.0
1023,40969862.960867,40969862.960867,40969862.960867,0.0,0.0,0.0
1024,41047485.216676,41047485.216676,41047485.216676,0.0,0.0,0.0
1025,41410670.18679,41410670.18679,41410670.18679,0.0,0.0,0.0
1026,41167752.086142,41167752.086142,41167752.086142,0.0,0.0,0.0
1027,41124121.430563,41124121.430563,41124121.430563,0.0,0.0,0.0
1028,40896774.717986,40896774.717986,40896774.717986,0.0,0.0,0.0
1029,41060934.139184,41060934.139184,41060934.139184,0.0,0.0,0.0
1030,40946509.316711,40946509.316711,40946509.316711,0.0,0.0,0.0
1031,41093158.522998,41093158.522998,41093158.522998,0.0,0.0,0.0
1032,40705667.059381,40705667.059381,40705667.059381,0.0,0.0,0.0
1033,41215317.247819,41215317.247819,41215317.247819,0.0,0.0,0.0
1034,41188829.770924,41188829.770924,41188829.770924,0.0,0.0,0.0
1035,40975213.562782,40975213.562782,40975213.562782,0.0,0.0,0.0
1036,41046635.138616,41046635.138616,41046635.138616,0.0,0.0,0.0
1037,41431497.707647,41431497.707647,41431497.707647,0.0,0.0,0.0
1038,41434455.274698,41434455.274698,41434455.274698,0.0,0.0,0.0
1039,40613056.782469,40613056.782469,40613056.782469,0.0,0.0,0.0
1040,41292918.256127,41292918.256127,41292918.256127,0.0,0.0,0.0
1041,41344713.976622,41344713.976622,41344713.976622,0.0,0.0,0.0
1042,41281711.143644,41281711.143644,41281711.143644,0.0,0.0,0.0
1043,41230598.004445,41230598.004445,41230598.004445,0.0,0.0,0.0
1044,41302595.189676,41302595.189676,41302595.189676,0.0,0.0,0.0
1045,40920422.894577,40920422.894577,40920422.894577,0.0,0.0,0.0
1046,40887216.507976,40887216.507976,40887216.507976,0.0,0.0,0.0
1047,41080499.654776,41080499.654776,41080499.654776,0.0,0.0,0.0
1048,41040750.741039,41040750.741039,41040750.741039,0.0,0.0,0.0
1049,41245638.040022,41245638.040022,41245638.040022,0.0,0.0,0.0
1050,41208807.786047,41208807.786047,41208807.786047,0.0,0.0,0.0
1051,40967961.603411,40967961.603411,40967961.603411,0.0,0.0,0.0
1052,41072812.561173,41072812.561173,41072812.561173,0.0,0.0,0.0
1053,41095792.712169,41095792.712169,41095792.712169,0.0,0.0,0.0
1054,41369927.732446,41369927.732446,41369927.732446,0.0,0.0,0.0
1055,41173876.17329,41173876.17329,41173876.17329,0.0,0.0,0.0
1056,40847312.03695,40847312.03695,40847312.03695,0.0,0.0,0.0
1057,41099396.30252,41099396.30252,41099396.30252,0.0,0.0,0.0
1058,41052062.773777,41052062.773777,41052062.773777,0.0,0.0,0.0
1059,41049529.675908,41049529.675908,41049529.675908,0.0,0.0,0.0
1060,41155265.001632,41155265.001632,41155265.001632,0.0,0.0,0.0
1061,41086600.380847,41086600.380847,41086600.380847,0.0,0.0,0.0
1062,41060844.048889,41060844.048889,41060844.048889,0.0,0.0,0.0
1063,40871949.413374,40871949.413374,40871949.413374,0.0,0.0,0.0
1064,40672431.785519,40672431.785519,40672431.785519,0.0,0.0,0.0
1065,40866409.728948,40866409.728948,40866409.728948,0.0,0.0,0.0
1066,41133826.387772,41133826.387772,41133826.387772,0.0,0.0,0.0
1067,40683300.13958,40683300.13958,40683300.13958,0.0,0.0,0.0
1068,40771510.867854,40771510.867854,40771510.867854,0.0,0.0,0.0
1069,41375722.4914,41375722.4914,41375722.4914,0.0,0.0,0.0
1070,41235502.267376,41235502.267376,41235502.267376,0.0,0.0,0.0
1071,40819659.656817,40819659.656817,40819659.656817,0.0,0.0,0.0
1072,40909366.329914,40909366.329914,40909366.329914,0.0,0.0,0.0
1073,41044332.781438,41044332.781438,41044332.781438,0.0,0.0,0.0
1074,40640058.770266,40640058.770266,40640058.770266,0.0,0.0,0.0
1075,41117042.060131,41117042.060131,41117042.060131,0.0,0.0,0.0
1076,40432969.976969,40432969.976969,40432969.976969,0.0,0.0,0.0
1077,40890204.223947,40890204.223947,40890204.223947,0.0,0.0,0.0
1078,40936227.933728,40936227.933728,40936227.933728,0.0,0.0,0.0
1079,40877247.054268,40877247.054268,40877247.054268,0.0,0.0,0.0
1080,40981804.099036,40981804.099036,40981804.099036,0.0,0.0,0.0
1081,40798768.154801,40798768.154801,40798768.154801,0.0,0.0,0.0
1082,41008569.813158,41008569.813158,41008569.813158,0.0,0.0,0.0
1083,40806875.575051,40806875.575051,40806875.575051,0.0,0.0,0.0
1084,41008270.237656,41008270.237656,41008270.237656,0.0,0.0,0.0
1085,41090188.830265,41090188.830265,41090188.830265,0.0,0.0,0.0
1086,40843481.742563,40843481.742563,40843481.742563,0.0,0.0,0.0
1087,41162733.339733,41162733.339733,41162733.339733,0.0,0.0,0.0
1088,41316122.004171,41316122.004171,41316122.004171,0.0,0.0,0.0
1089,41479051.800746,41479051.800746,41479051.800746,0.0,0.0,0.0
1090,41312899.878353,41312899.878353,41312899.878353,0.0,0.0,0.0
1091,41072736.391761,41072736.391761,41072736.391761,0.0,0.0,0.0
1092,41183217.454918,41183217.454918,41183217.454918,0.0,0.0,0.0
1093,41240534.664515,41240534.664515,41240534.664515,0.0,0.0,0.0
1094,41142697.396476,41142697.396476,41142697.396476,0.0,0.0,0.0
1095,41226231.517553,41226231.517553,41226231.517553,0.0,0.0,0.0
1096,41076113.572633,41076113.572633,41076113.572633,0.0,0.0,0.0
1097,40837538.472661,40837538.472661,40837538.472661,0.0,0.0,0.0
1098,41114686.575196,41114686.575196,41114686.575196,0.0,0.0,0.0
1099,41028574.944238,41028574.944238,41028574.944238,0.0,0.0,0.0
1100,41365928.459824,41365928.459824,41365928.459824,0.0,0.0,0.0
1101,40864820.738834,40864820.738834,40864820.738834,0.0,0.0,0.0
1102,41312352.739113,41312352.739113,41312352.739113,0.0,0.0,0.0
1103,41087639.936345,41087639.936345,41087639.936345,0.0,0.0,0.0
1104,41070307.736014,41070307.736014,41070307.736014,0.0,0.0,0.0
1105,41229459.669989,41229459.669989,41229459.669989,0.0,0.0,0.0
1106,41143057.760691,41143057.760691,41143057.760691,0.0,0.0,0.0
1107,41189314.38688,41189314.38688,41189314.38688,0.0,0.0,0.0
1108,41089499.349729,41089499.349729,41089499.349729,0.0,0.0,0.0
1109,41026514.933955,41026514.933955,41026514.933955,0.0,0.0,0.0
1110,40948552.09406,40948552.09406,40948552.09406,0.0,0.0,0.0
1111,41092066.837765,41092066.837765,41092066.837765,0.0,0.0,0.0
1112,40817462.660371,40817462.660371,40817462.660371,0.0,0.0,0.0
1113,41191634.32755,41191634.32755,41191634.32755,0.0,0.0,0.0
1114,41430943.480364,41430943.480364,41430943.480364,0.0,0.0,0.0
1115,41298326.615908,41298326.615908,41298326.615908,0.0,0.0,0.0
1116,41354000.284484,41354000.284484,41354000.284484,0.0,0.0,0.0
1117,40731320.783033,40731320.783033,40731320.783033,0.0,0.0,0.0
1118,41049502.846551,41049502.846551,41049502.846551,0.0,0.0,0.0
1119,40968998.87993,40968998.87993,40968998.87993,0.0,0.0,0.0
1120,41016560.355721,41016560.355721,41016560.355721,0.0,0.0,0.0
1121,41413079.407696,41413079.407696,41413079.407696,0.0,0.0,0.0
1122,40818208.358279,40818208.358279,40818208.358279,0.0,0.0,0.0
1123,41309249.655004,41309249.655004,41309249.655004,0.0,0.0,0.0
1124,40722857.65826,40722857.65826,40722857.65826,0.0,0.0,0.0
1125,41099009.500796,41099009.500796,41099009.500796,0.0,0.0,0.0
1126,41038990.387727,41038990.387727,41038990.387727,0.0,0.0,0.0
1127,41840968.863493,41840968.863493,41840968.863493,0.0,0.0,0.0
1128,40759537.701194,40759537.701194,40759537.701194,0.0,0.0,0.0
1129,40788238.983763,40788238.983763,40788238.983763,0.0,0.0,0.0
1130,41048201.942366,41048201.942366,41048201.942366,0.0,0.0,0.0
1131,41037785.59516,41037785.59516,41037785.59516,0.0,0.0,0.0
1132,41195456.747466,41195456.747466,41195456.747466,0.0,0.0,0.0
1133,41102833.001548,41102833.001548,41102833.001548,0.0,0.0,0.0
1134,41458709.680639,41458709.680639,41458709.680639,0.0,0.0,0.0
1135,41149861.898042,41149861.898042,41149861.898042,0.0,0.0,0.0
1136,40907377.527196,40907377.527196,40907377.527196,0.0,0.0,0.0
1137,40962774.878109,40962774.878109,40962774.878109,0.0,0.0,0.0
1138,41321600.719845,41321600.719845,41321600.719845,0.0,0.0,0.0
1139,41383910.448596,41383910.448596,41383910.448596,0.0,0.0,0.0
1140,41421793.546282,41421793.546282,41421793.546282,0.0,0.0,0.0
1141,41432593.969566,41432593.969566,41432593.969566,0.0,0.0,0.0
1142,40750317.108155,40750317.108155,40750317.108155,0.0,0.0,0.0
1143,41285948.323222,41285948.323222,41285948.323222,0.0,0.0,0.0
1144,41328650.451172,41328650.451172,41328650.451172,0.0,0.0,0.0
1145,41230160.123449,41230160.123449,41230160.123449,0.0,0.0,0.0
1146,41266639.535692,41266639.535692,41266639.535692,0.0,0.0,0.0
1147,41330897.479759,41330897.479759,41330897.479759,0.0,0.0,0.0
1148,40880957.74318,40880957.74318,40880957.74318,0.0,0.0,0.0
1149,41093249.106752,41093249.106752,41093249.106752,0.0,0.0,0.0
1150,40953432.165196,40953432.165196,40953432.165196,0.0,0.0,0.0
1151,41188184.969707,41188184.969707,41188184.969707,0.0,0.0,0.0
1152,40861108.972211,40861108.972211,40861108.972211,0.0,0.0,0.0
1153,41068863.186172,41068863.186172,41068863.186172,0.0,0.0,0.0
1154,40625765.385715,40625765.385715,40625765.385715,0.0,0.0,0.0
1155,41062270.869491,41062270.869491,41062270.869491,0.0,0.0,0.0
1156,40841527.365064,40841527.365064,40841527.365064,0.0,0.0,0.0
1157,40667142.906452,40667142.906452,40667142.906452,0.0,0.0,0.0
1158,41473449.123504,41473449.123504,41473449.123504,0.0,0.0,0.0
1159,40488968.923511,40488968.923511,40488968.923511,0.0,0.0,0.0
1160,41273444.790013,41273444.790013,41273444.790013,0.0,0.0,0.0
1161,40939952.819053,40939952.819053,40939952.819053,0.0,0.0,0.0
1162,41494367.092202,41494367.092202,41494367.092202,0.0,0.0,0.0
1163,40934722.674973,40934722.674973,40934722.674973,0.0,0.0,0.0
1164,41100043.234434,41100043.234434,41100043.234434,0.0,0.0,0.0
1165,41251498.766351,41251498.766351,41251498.766351,0.0,0.0,0.0
1166,41458243.898239,41458243.898239,41458243.898239,0.0,0.0,0.0
1167,41046284.405873,41046284.405873,41046284.405873,0.0,0.0,0.0
1168,41018765.054713,41018765.054713,41018765.054713,0.0,0.0,0.0
1169,41101493.897336,41101493.897336,41101493.897336,0.0,0.0,0.0
1170,40974746.496815,40974746.496815,40974746.496815,0.0,0.0,0.0
1171,41006517.221449,41006517.221449,41006517.221449,0.0,0.0,0.0
1172,41036404.402652,41036404.402652,41036404.402652,0.0,0.0,0.0
1173,41085303.723949,41085303.723949,41085303.723949,0.0,0.0,0.0
1174,40915405.362428,40915405.362428,40915405.362428,0.0,0.0,0.0
1175,40893804.746207,40893804.746207,40893804.746207,0.0,0.0,0.0
1176,41152996.604565,41152996.604565,41152996.604565,0.0,0.0,0.0
1177,41338707.006318,41338707.006318,41338707.006318,0.0,0.0,0.0
1178,41430736.110547,41430736.110547,41430736.110547,0.0,0.0,0.0
1179,41107996.968746,41107996.968746,41107996.968746,0.0,0.0,0.0
1180,40832061.788318,40832061.788318,40832061.788318,0.0,0.0,0.0
1181,41017398.164908,41017398.164908,41017398.164908,0.0,0.0,0.0
1182,41009144.846866,41009144.846866,41009144.846866,0.0,0.0,0.0
1183,41042618.721208,41042618.721208,41042618.721208,0.0,0.0,0.0
1184,40968074.857301,40968074.857301,40968074.857301,0.0,0.0,0.0
1185,41117246.937283,41117246.937283,41117246.937283,0.0,0.0,0.0
1186,41368550.136833,41368550.136833,41368550.136833,0.0,0.0,0.0
1187,40972224.738275,40972224.738275,40972224.738275,0.0,0.0,0.0
1188,41265437.360947,41265437.360947,41265437.360947,0.0,0.0,0.0
1189,41166492.611996,41166492.611996,41166492.611996,0.0,0.0,0.0
1190,41215842.58517,41215842.58517,41215842.58517,0.0,0.0,0.0
1191,40947330.781529,40947330.781529,40947330.781529,0.0,0.0,0.0
1192,40928213.472436,40928213.472436,40928213.472436,0.0,0.0,0.0
1193,40953354.083884,40953354.083884,40953354.083884,0.0,0.0,0.0
1194,40930852.107182,40930852.107182,40930852.107182,0.0,0.0,0.0
1195,40926974.744842,40926974.744842,40926974.744842,0.0,0.0,0.0
1196,40839108.514506,40839108.514506,40839108.514506,0.0,0.0,0.0
1197,41085677.179739,41085677.179739,41085677.179739,0.0,0.0,0.0
1198,40971293.883379,40971293.883379,40971293.883379,0.0,0.0,0.0
1199,40907375.096701,40907375.096701,40907375.096701,0.0,0.0,0.0
1200,41226537.825688,41226537.825688,41226537.825688,0.0,0.0,0.0
1201,41416112.347337,41416112.347337,41416112.347337,0.0,0.0,0.0
1202,40905366.598457,40905366.598457,40905366.598457,0.0,0.0,0.0
1203,40768227.300875,40768227.300875,40768227.300875,0.0,0.0,0.0
1204,41001936.269775,41001936.269775,41001936.269775,0.0,0.0,0.0
1205,40979083.487109,40979083.487109,40979083.487109,0.0,0.0,0.0
1206,40996961.72502,40996961.72502,40996961.72502,0.0,0.0,0.0
1207,41008421.594803,41008421.594803,41008421.594803,0.0,0.0,0.0
1208,40870637.847859,40870637.847859,40870637.847859,0.0,0.0,0.0
1209,40900606.850296,40900606.850296,40900606.850296,0.0,0.0,0.0
1210,40955046.276665,40955046.276665,40955046.276665,0.0,0.0,0.0
1211,40999857.900648,40999857.900648,40999857.900648,0.0,0.0,0.0
1212,40498252.415519,40498252.415519,40498252.415519,0.0,0.0,0.0
1213,41071620.645927,41071620.645927,41071620.645927,0.0,0.0,0.0
1214,40983553.507327,40983553.507327,40983553.507327,0.0,0.0,0.0
1215,40746479.957813,40746479.957813,40746479.957813,0.0,0.0,0.0
1216,41089490.996888,41089490.996888,41089490.996888,0.0,0.0,0.0
1217,41085547.547243,41085547.547243,41085547.547243,0.0,0.0,0.0
1218,41393004.89935,41393004.89935,41393004.89935,0.0,0.0,0.0
1219,41116016.156203,41116016.156203,41116016.156203,0.0,0.0,0.0
1220,41150613.392689,41150613.392689,41150613.392689,0.0,0.0,0.0
1221,40993014.285849,40993014.285849,40993014.285849,0.0,0.0,0.0
1222,41284618.986911,41284618.986911,41284618.986911,0.0,0.0,0.0
1223,41154272.948077,41154272.948077,41154272.948077,0.0,0.0,0.0
1224,40973155.093158,40973155.093158,40973155.093158,0.0,0.0,0.0
1225,40753287.145309,40753287.145309,40753287.145309,0.0,0.0,0.0
1226,40768076.831608,40768076.831608,40768076.831608,0.0,0.0,0.0
1227,40923669.209272,40923669.209272,40923669.209272,0.0,0.0,0.0
1228,40644558.653821,40644558.653821,40644558.653821,0.0,0.0,0.0
1229,40807132.724184,40807132.724184,40807132.724184,0.0,0.0,0.0
1230,41267892.472463,41267892.472463,41267892.472463,0.0,0.0,0.0
1231,41075958.62363,41075958.62363,41075958.62363,0.0,0.0,0.0
1232,41055254.313376,41055254.313376,41055254.313376,0.0,0.0,0.0
1233,40988773.283145,40988773.283145,40988773.283145,0.0,0.0,0.0
1234,41068515.347172,41068515.347172,41068515.347172,0.0,0.0,0.0
1235,41474618.0029,41474618.0029,41474618.0029,0.0,0.0,0.0
1236,41139692.213143,41139692.213143,41139692.213143,0.0,0.0,0.0
1237,40897512.688343,40897512.688343,40897512.688343,0.0,0.0,0.0
1238,41037945.570329,41037945.570329,41037945.570329,0.0,0.0,0.0
1239,41458403.054817,41458403.054817,41458403.054817,0.0,0.0,0.0
1240,41434087.081297,41434087.081297,41434087.081297,0.0,0.0,0.0
1241,41332889.723,41332889.723,41332889.723,0.0,0.0,0.0
1242,41200516.220997,41200516.220997,41200516.220997,0.0,0.0,0.0
1243,41184961.958291,41184961.958291,41184961.958291,0.0,0.0,0.0
1244,41310712.741966,41310712.741966,41310712.741966,0.0,0.0,0.0
1245,40983747.85369,40983747.85369,40983747.85369,0.0,0.0,0.0
1246,41048327.75324,41048327.75324,41048327.75324,0.0,0.0,0.0
1247,41034936.158931,41034936.158931,41034936.158931,0.0,0.0,0.0
1248,40965461.635518,40965461.635518,40965461.635518,0.0,0.0,0.0
1249,40701620.185061,40701620.185061,40701620.185061,0.0,0.0,0.0
1250,41044844.268719,41044844.268719,41044844.268719,0.0,0.0,0.0
1251,41320595.472851,41320595.472851,41320595.472851,0.0,0.0,0.0
1252,41021663.705434,41021663.705434,41021663.705434,0.0,0.0,0.0
1253,40924399.679004,40924399.679004,40924399.679004,0.0,0.0,0.0
1254,41183097.503812,41183097.503812,41183097.503812,0.0,0.0,0.0
1255,41150731.218002,41150731.218002,41150731.218002,0.0,0.0,0.0
1256,41007676.917836,41007676.917836,41007676.917836,0.0,0.0,0.0
1257,41400319.972338,41400319.972338,41400319.972338,0.0,0.0,0.0
1258,41212757.760115,41212757.760115,41212757.760115,0.0,0.0,0.0
1259,41127605.466911,41127605.466911,41127605.466911,0.0,0.0,0.0
1260,40764766.745666,40764766.745666,40764766.745666,0.0,0.0,0.0
1261,41012499.957979,41012499.957979,41012499.957979,0.0,0.0,0.0
1262,41141727.120573,41141727.120573,41141727.120573,0.0,0.0,0.0
1263,40956449.712718,40956449.712718,40956449.712718,0.0,0.0,0.0
1264,41136787.45799,41136787.45799,41136787.45799,0.0,0.0,0.0
1265,41232903.748886,41232903.748886,41232903.748886,0.0,0.0,0.0
1266,41145169.746506,41145169.746506,41145169.746506,0.0,0.0,0.0
1267,41098470.645402,41098470.645402,41098470.645402,0.0,0.0,0.0
1268,41189304.948013,41189304.948013,41189304.948013,0.0,0.0,0.0
1269,40918726.991169,40918726.991169,40918726.991169,0.0,0.0,0.0
1270,41225503.358503,41225503.358503,41225503.358503,0.0,0.0,0.0
1271,40810161.190885,40810161.190885,40810161.190885,0.0,0.0,0.0
1272,41054504.108304,41054504.108304,41054504.108304,0.0,0.0,0.0
1273,41036184.854114,41036184.854114,41036184.854114,0.0,0.0,0.0
1274,40859801.999068,40859801.999068,40859801.999068,0.0,0.0,0.0
1275,40963294.816707,40963294.816707,40963294.816707,0.0,0.0,0.0
1276,41100829.35285,41100829.35285,41100829.35285,0.0,0.0,0.0
1277,41514813.230008,41514813.230008,41514813.230008,0.0,0.0,0.0
1278,41068985.080733,41068985.080733,41068985.080733,0.0,0.0,0.0
1279,41207641.199461,41207641.199461,41207641.199461,0.0,0.0,0.0
1280,41136949.02561,41136949.02561,41136949.02561,0.0,0.0,0.0
1281,41389446.5896,41389446.5896,41389446.5896,0.0,0.0,0.0
1282,41014774.975433,41014774.975433,41014774.975433,0.0,0.0,0.0
1283,40640079.476539,40640079.476539,40640079.476539,0.0,0.0,0.0
1284,40590187.922415,40590187.922415,40590187.922415,0.0,0.0,0.0
1285,40805939.941548,40805939.941548,40805939.941548,0.0,0.0,0.0
1286,41238247.129355,41238247.129355,41238247.129355,0.0,0.0,0.0
1287,40996380.68979,40996380.68979,40996380.68979,0.0,0.0,0.0
1288,41294407.763641,41294407.763641,41294407.763641,0.0,0.0,0.0
1289,41156209.096381,41156209.096381,41156209.096381,0.0,0.0,0.0
1290,41666036.151125,41666036.151125,41666036.151125,0.0,0.0,0.0
1291,41061006.40267,41061006.40267,41061006.40267,0.0,0.0,0.0
1292,40838062.510284,40838062.510284,40838062.510284,0.0,0.0,0.0
1293,41335168.631233,41335168.631233,41335168.631233,0.0,0.0,0.0
1294,41010772.021847,41010772.021847,41010772.021847,0.0,0.0,0.0
1295,40453735.246226,40453735.246226,40453735.246226,0.0,0.0,0.0
1296,41237708.410456,41237708.410456,41237708.410456,0.0,0.0,0.0
1297,41521984.871153,41521984.871153,41521984.871153,0.0,0.0,0.0
1298,41245010.180941,41245010.180941,41245010.180941,0.0,0.0,0.0
1299,41003490.798889,41003490.798889,41003490.798889,0.0,0.0,0.0
1300,41241164.589811,41241164.589811,41241164.589811,0.0,0.0,0.0
1301,41034726.708117,41034726.708117,41034726.708117,0.0,0.0,0.0
1302,41199978.560075,41199978.560075,41199978.560075,0.0,0.0,0.0
1303,41247361.936389,41247361.936389,41247361.936389,0.0,0.0,0.0
1304,40738779.492738,40738779.492738,40738779.492738,0.0,0.0,0.0
1305,41296758.030374,41296758.030374,41296758.030374,0.0,0.0,0.0
1306,40879053.962486,40879053.962486,40879053.962486,0.0,0.0,0.0
1307,41275613.266643,41275613.266643,41275613.266643,0.0,0.0,0.0
1308,40995678.93702,40995678.93702,40995678.93702,0.0,0.0,0.0
1309,40817224.159846,40817224.159846,40817224.159846,0.0,0.0,0.0
1310,41074598.125018,41074598.125018,41074598.125018,0.0,0.0,0.0
1311,40855955.455148,40855955.455148,40855955.455148,0.0,0.0,0.0
1312,41004086.708522,41004086.708522,41004086.708522,0.0,0.0,0.0
1313,41058156.817315,41058156.817315,41058156.817315,0.0,0.0,0.0
1314,41118828.750281,41118828.750281,41118828.750281,0.0,0.0,0.0
1315,40910328.106171,40910328.106171,40910328.106171,0.0,0.0,0.0
1316,40929883.425793,40929883.425793,40929883.425793,0.0,0.0,0.0
1317,41080181.689822,41080181.689822,41080181.689822,0.0,0.0,0.0
1318,40709626.546802,40709626.546802,40709626.546802,0.0,0.0,0.0
1319,41119661.745391,41119661.745391,41119661.745391,0.0,0.0,0.0
1320,40727958.029236,40727958.029236,40727958.029236,0.0,0.0,0.0
1321,41418974.615453,41418974.615453,41418974.615453,0.0,0.0,0.0
1322,41125644.076738,41125644.076738,41125644.076738,0.0,0.0,0.0
1323,40802073.009632,40802073.009632,40802073.009632,0.0,0.0,0.0
1324,41156683.316259,41156683.316259,41156683.316259,0.0,0.0,0.0
1325,41721743.907222,41721743.907222,41721743.907222,0.0,0.0,0.0
1326,41095180.499495,41095180.499495,41095180.499495,0.0,0.0,0.0
1327,41051661.706264,41051661.706264,41051661.706264,0.0,0.0,0.0
1328,41007899.885284,41007899.885284,41007899.885284,0.0,0.0,0.0
1329,40921873.836353,40921873.836353,40921873.836353,0.0,0.0,0.0
1330,41021397.215319,41021397.215319,41021397.215319,0.0,0.0,0.0
1331,40967117.990654,40967117.990654,40967117.990654,0.0,0.0,0.0
1332,40889702.179173,40889702.179173,40889702.179173,0.0,0.0,0.0
1333,41141156.478298,41141156.478298,41141156.478298,0.0,0.0,0.0
1334,41474264.212403,41474264.212403,41474264.212403,0.0,0.0,0.0
1335,41292980.762398,41292980.762398,41292980.762398,0.0,0.0,0.0
1336,40779953.081749,40779953.081749,40779953.081749,0.0,0.0,0.0
1337,40844363.272029,40844363.272029,40844363.272029,0.0,0.0,0.0
1338,41232097.073549,41232097.073549,41232097.073549,0.0,0.0,0.0
1339,40988348.987632,40988348.987632,40988348.987632,0.0,0.0,0.0
1340,41397057.887635,41397057.887635,41397057.887635,0.0,0.0,0.0
1341,40796160.543192,40796160.543192,40796160.543192,0.0,0.0,0.0
1342,40350859.60359,40350859.60359,40350859.60359,0.0,0.0,0.0
1343,40977464.471511,40977464.471511,40977464.471511,0.0,0.0,0.0
1344,41072757.195386,41072757.195386,41072757.195386,0.0,0.0,0.0
1345,40951845.112453,40951845.112453,40951845.112453,0.0,0.0,0.0
1346,40828425.338927,40828425.338927,40828425.338927,0.0,0.0,0.0
1347,41087012.699167,41087012.699167,41087012.699167,0.0,0.0,0.0
1348,40750088.60524,40750088.60524,40750088.60524,0.0,0.0,0.0
1349,41186679.881417,41186679.881417,41186679.881417,0.0,0.0,0.0
1350,41180551.18787,41180551.18787,41180551.18787,0.0,0.0,0.0
1351,41198530.196241,41198530.196241,41198530.196241,0.0,0.0,0.0
1352,40703453.361516,40703453.361516,40703453.361516,0.0,0.0,0.0
1353,40881362.828714,40881362.828714,40881362.828714,0.0,0.0,0.0
1354,41598658.686655,41598658.686655,41598658.686655,0.0,0.0,0.0
1355,40910064.326302,40910064.326302,40910064.326302,0.0,0.0,0.0
1356,41265659.60406,41265659.60406,41265659.60406,0.0,0.0,0.0
1357,41409689.338993,41409689.338993,41409689.338993,0.0,0.0,0.0
1358,41107571.115924,41107571.115924,41107571.115924,0.0,0.0,0.0
1359,40826345.003932,40826345.003932,40826345.003932,0.0,0.0,0.0
1360,41199817.145854,41199817.145854,41199817.145854,0.0,0.0,0.0
1361,41138052.869882,41138052.869882,41138052.869882,0.0,0.0,0.0
1362,41214295.758987,41214295.758987,41214295.758987,0.0,0.0,0.0
1363,40618755.635853,40618755.635853,40618755.635853,0.0,0.0,0.0
1364,40986140.87888,40986140.87888,40986140.87888,0.0,0.0,0.0
1365,40798616.250643,40798616.250643,40798616.250643,0.0,0.0,0.0
1366,40977635.761127,40977635.761127,40977635.761127,0.0,0.0,0.0
1367,40769142.182992,40769142.182992,40769142.182992,0.0,0.0,0.0
1368,41333203.758889,41333203.758889,41333203.758889,0.0,0.0,0.0
1369,41022844.644821,41022844.644821,41022844.644821,0.0,0.0,0.0
1370,41158830.154715,41158830.154715,41158830.154715,0.0,0.0,0.0
1371,40902847.09293,40902847.09293,40902847.09293,0.0,0.0,0.0
1372,41381000.099535,41381000.099535,41381000.099535,0.0,0.0,0.0
1373,41175175.689183,41175175.689183,41175175.689183,0.0,0.0,0.0
1374,41147719.053757,41147719.053757,41147719.053757,0.0,0.0,0.0
1375,40928434.082317,40928434.082317,40928434.082317,0.0,0.0,0.0
1376,41146584.649254,41146584.649254,41146584.649254,0.0,0.0,0.0
1377,40763269.076182,40763269.076182,40763269.076182,0.0,0.0,0.0
1378,41215152.32532,41215152.32532,41215152.32532,0.0,0.0,0.0
1379,40921407.138057,40921407.138057,40921407.138057,0.0,0.0,0.0
1380,41042806.325755,41042806.325755,41042806.325755,0.0,0.0,0.0
1381,40519040.990876,40519040.990876,40519040.990876,0.0,0.0,0.0
1382,40656387.364731,40656387.364731,40656387.364731,0.0,0.0,0.0
1383,41128323.645444,41128323.645444,41128323.645444,0.0,0.0,0.0
1384,40786259.636953,40786259.636953,40786259.636953,0.0,0.0,0.0
1385,41242953.604973,41242953.604973,41242953.604973,0.0,0.0,0.0
1386,40649196.132618,40649196.132618,40649196.132618,0.0,0.0,0.0
1387,41093642.24131,41093642.24131,41093642.24131,0.0,0.0,0.0
1388,41107096.557923,41107096.557923,41107096.557923,0.0,0.0,0.0
1389,41022912.678231,41022912.678231,41022912.678231,0.0,0.0,0.0
1390,41179174.940668,41179174.940668,41179174.940668,0.0,0.0,0.0
1391,41005979.553441,41005979.553441,41005979.553441,0.0,0.0,0.0
1392,40970353.188066,40970353.188066,40970353.188066,0.0,0.0,0.0
1393,40959239.15037,40959239.15037,40959239.15037,0.0,0.0,0.0
1394,40890734.197262,40890734.197262,40890734.197262,0.0,0.0,0.0
1395,41152406.020325,41152406.020325,41152406.020325,0.0,0.0,0.0
1396,41039331.637374,41039331.637374,41039331.637374,0.0,0.0,0.0
1397,41119158.199412,41119158.199412,41119158.199412,0.0,0.0,0.0
1398,41022746.996577,41022746.996577,41022746.996577,0.0,0.0,0.0
1399,40969999.114276,40969999.114276,40969999.114276,0.0,0.0,0.0
1400,40920536.181377,40920536.181377,40920536.181377,0.0,0.0,0.0
1401,41124140.641639,41124140.641639,41124140.641639,0.0,0.0,0.0
1402,41146336.685096,41146336.685096,41146336.685096,0.0,0.0,0.0
1403,41221976.621943,41221976.621943,41221976.621943,0.0,0.0,0.0
1404,41416585.88662,41416585.88662,41416585.88662,0.0,0.0,0.0
1405,40915596.786297,40915596.786297,40915596.786297,0.0,0.0,0.0
1406,41257878.796866,41257878.796866,41257878.796866,0.0,0.0,0.0
1407,40591050.310169,40591050.310169,40591050.310169,0.0,0.0,0.0
1408,41081091.141493,41081091.141493,41081091.141493,0.0,0.0,0.0
1409,41033264.326568,41033264.326568,41033264.326568,0.0,0.0,0.0
1410,40887596.869003,40887596.869003,40887596.869003,0.0,0.0,0.0
1411,40996439.975262,40996439.975262,40996439.975262,0.0,0.0,0.0
1412,41150024.08614,41150024.08614,41150024.08614,0.0,0.0,0.0
1413,40801477.959267,40801477.959267,40801477.959267,0.0,0.0,0.0
1414,40553572.11401,40553572.11401,40553572.11401,0.0,0.0,0.0
1415,41529374.630817,41529374.630817,41529374.630817,0.0,0.0,0.0
1416,40903710.466304,40903710.466304,40903710.466304,0.0,0.0,0.0
1417,40910685.626788,40910685.626788,40910685.626788,0.0,0.0,0.0
1418,40920893.40612,40920893.40612,40920893.40612,0.0,0.0,0.0
1419,41045715.795376,41045715.795376,41045715.795376,0.0,0.0,0.0
1420,41431156.197521,41431156.197521,41431156.197521,0.0,0.0,0.0
1421,40862597.658483,40862597.658483,40862597.658483,0.0,0.0,0.0
1422,41067040.156042,41067040.156042,41067040.156042,0.0,0.0,0.0
1423,40985929.319406,40985929.319406,40985929.319406,0.0,0.0,0.0
1424,41206586.969704,41206586.969704,41206586.969704,0.0,0.0,0.0
1425,41121526.715962,41121526.715962,41121526.715962,0.0,0.0,0.0
1426,41243074.82173,41243074.82173,41243074.82173,0.0,0.0,0.0
1427,41106838.518788,41106838.518788,41106838.518788,0.0,0.0,0.0
1428,41318398.684032,41318398.684032,41318398.684032,0.0,0.0,0.0
1429,40948841.318194,40948841.318194,40948841.318194,0.0,0.0,0.0
1430,41291061.443006,41291061.443006,41291061.443006,0.0,0.0,0.0
1431,40579159.507587,40579159.507587,40579159.507587,0.0,0.0,0.0
1432,40650290.440927,40650290.440927,40650290.440927,0.0,0.0,0.0
1433,41150244.549543,41150244.549543,41150244.549543,0.0,0.0,0.0
1434,40832095.417177,40832095.417177,40832095.417177,0.0,0.0,0.0
1435,41046915.650934,41046915.650934,41046915.650934,0.0,0.0,0.0
1436,41062279.073699,41062279.073699,41062279.073699,0.0,0.0,0.0
1437,40920960.57382,40920960.57382,40920960.57382,0.0,0.0,0.0
1438,41084780.324062,41084780.324062,41084780.324062,0.0,0.0,0.0
1439,40795163.006002,40795163.006002,40795163.006002,0.0,0.0,0.0
1440,41347089.523989,41347089.523989,41347089.523989,0.0,0.0,0.0
1441,41013719.542975,41013719.542975,41013719.542975,0.0,0.0,0.0
1442,41386179.310515,41386179.310515,41386179.310515,0.0,0.0,0.0
1443,40793685.238651,40793685.238651,40793685.238651,0.0,0.0,0.0
1444,40939902.451202,40939902.451202,40939902.451202,0.0,0.0,0.0
1445,41106056.626788,41106056.626788,41106056.626788,0.0,0.0,0.0
1446,41206011.505951,41206011.505951,41206011.505951,0.0,0.0,0.0
1447,41031080.571348,41031080.571348,41031080.571348,0.0,0.0,0.0
1448,40952569.450418,40952569.450418,40952569.450418,0.0,0.0,0.0
1449,40990053.518956,40990053.518956,40990053.518956,0.0,0.0,0.0
1450,41249393.781598,41249393.781598,41249393.781598,0.0,0.0,0.0
1451,41041264.716731,41041264.716731,41041264.716731,0.0,0.0,0.0
1452,40953820.426835,40953820.426835,40953820.426835,0.0,0.0,0.0
1453,40932232.693107,40932232.693107,40932232.693107,0.0,0.0,0.0
1454,40877685.028109,40877685.028109,40877685.028109,0.0,0.0,0.0
1455,41273586.144862,41273586.144862,41273586.144862,0.0,0.0,0.0
1456,40923313.761943,40923313.761943,40923313.761943,0.0,0.0,0.0
1457,40828702.201735,40828702.201735,40828702.201735,0.0,0.0,0.0
1458,41118360.942813,41118360.942813,41118360.942813,0.0,0.0,0.0
1459,40956824.876745,40956824.876745,40956824.876745,0.0,0.0,0.0
1460,41133547.819746,41133547.819746,41133547.819746,0.0,0.0,0.0
1461,40985243.889295,40985243.889295,40985243.889295,0.0,0.0,0.0
1462,41166950.537897,41166950.537897,41166950.537897,0.0,0.0,0.0
1463,40935214.476817,40935214.476817,40935214.476817,0.0,0.0,0.0
1464,40747588.296696,40747588.296696,40747588.296696,0.0,0.0,0.0
1465,41591552.167312,41591552.167312,41591552.167312,0.0,0.0,0.0
1466,41029897.174731,41029897.174731,41029897.174731,0.0,0.0,0.0
1467,41053711.241735,41053711.241735,41053711.241735,0.0,0.0,0.0
1468,40753727.50879,40753727.50879,40753727.50879,0.0,0.0,0.0
1469,41690309.674558,41690309.674558,41690309.674558,0.0,0.0,0.0
1470,41032656.761379,41032656.761379,41032656.761379,0.0,0.0,0.0
1471,40914251.984643,40914251.984643,40914251.984643,0.0,0.0,0.0
1472,41203104.644567,41203104.644567,41203104.644567,0.0,0.0,0.0
1473,41200237.419121,41200237.419121,41200237.419121,0.0,0.0,0.0
1474,41145761.756835,41145761.756835,41145761.756835,0.0,0.0,0.0
1475,41242786.040681,41242786.040681,41242786.040681,0.0,0.0,0.0
1476,41030967.898934,41030967.898934,41030967.898934,0.0,0.0,0.0
1477,41175669.435577,41175669.435577,41175669.435577,0.0,0.0,0.0
1478,41131643.793289,41131643.793289,41131643.793289,0.0,0.0,0.0
1479,40987450.453201,40987450.453201,40987450.453201,0.0,0.0,0.0
1480,40832657.90074,40832657.90074,40832657.90074,0.0,0.0,0.0
1481,41399447.884583,41399447.884583,41399447.884583,0.0,0.0,0.0
1482,40842958.530043,40842958.530043,40842958.530043,0.0,0.0,0.0
1483,40845313.953388,40845313.953388,40845313.953388,0.0,0.0,0.0
1484,41016119.943648,41016119.943648,41016119.943648,0.0,0.0,0.0
1485,40846624.456283,40846624.456283,40846624.456283,0.0,0.0,0.0
1486,40901187.108887,40901187.108887,40901187.108887,0.0,0.0,0.0
1487,41007743.426635,41007743.426635,41007743.426635,0.0,0.0,0.0
1488,41341941.622633,41341941.622633,41341941.622633,0.0,0.0,0.0
1489,41079103.055959,41079103.055959,41079103.055959,0.0,0.0,0.0
1490,41047489.948106,41047489.948106,41047489.948106,0.0,0.0,0.0
1491,41025886.470691,41025886.470691,41025886.470691,0.0,0.0,0.0
1492,40976615.863097,40976615.863097,40976615.863097,0.0,0.0,0.0
1493,41030888.580807,41030888.580807,41030888.580807,0.0,0.0,0.0
1494,41679969.363913,41679969.363913,41679969.363913,0.0,0.0,0.0
1495,40875930.73227,40875930.73227,40875930.73227,0.0,0.0,0.0
1496,41274451.139483,41274451.139483,41274451.139483,0.0,0.0,0.0
1497,41207735.015378,41207735.015378,41207735.015378,0.0,0.0,0.0
1498,40657227.47069,40657227.47069,40657227.47069,0.0,0.0,0.0
1499,40839851.68297,40839851.68297,40839851.68297,0.0,0.0,0.0
1500,41250526.495994,41250526.495994,41250526.495994,0.0,0.0,0.0
1501,41395152.123898,41395152.123898,41395152.123898,0.0,0.0,0.0
1502,40954823.046065,40954823.046065,40954823.046065,0.0,0.0,0.0
1503,41092908.357399,41092908.357399,41092908.357399,0.0,0.0,0.0
1504,41143388.23884,41143388.23884,41143388.23884,0.0,0.0,0.0
1505,41430210.669515,41430210.669515,41430210.669515,0.0,0.0,0.0
1506,40507779.243722,40507779.243722,40507779.243722,0.0,0.0,0.0
1507,40705560.781463,40705560.781463,40705560.781463,0.0,0.0,0.0
1508,40996468.497443,40996468.497443,40996468.497443,0.0,0.0,0.0
1509,41118526.428327,41118526.428327,41118526.428327,0.0,0.0,0.0
1510,41131878.633425,41131878.633425,41131878.633425,0.0,0.0,0.0
1511,40971656.004271,40971656.004271,40971656.004271,0.0,0.0,0.0
1512,40648962.786411,40648962.786411,40648962.786411,0.0,0.0,0.0
1513,41430316.876093,41430316.876093,41430316.876093,0.0,0.0,0.0
1514,40906732.135244,40906732.135244,40906732.135244,0.0,0.0,0.0
1515,40855329.785911,40855329.785911,40855329.785911,0.0,0.0,0.0
1516,40897200.515045,40897200.515045,40897200.515045,0.0,0.0,0.0
1517,41083748.769468,41083748.769468,41083748.769468,0.0,0.0,0.0
1518,41031527.48842,41031527.48842,41031527.48842,0.0,0.0,0.0
1519,40926185.891693,40926185.891693,40926185.891693,0.0,0.0,0.0
1520,40924835.054696,40924835.054696,40924835.054696,0.0,0.0,0.0
1521,41081143.052342,41081143.052342,41081143.052342,0.0,0.0,0.0
1522,40718477.76005,40718477.76005,40718477.76005,0.0,0.0,0.0
1523,41033054.205366,41033054.205366,41033054.205366,0.0,0.0,0.0
1524,41085761.231115,41085761.231115,41085761.231115,0.0,0.0,0.0
1525,41028643.076883,41028643.076883,41028643.076883,0.0,0.0,0.0
1526,41231860.150764,41231860.150764,41231860.150764,0.0,0.0,0.0
1527,41411705.275259,41411705.275259,41411705.275259,0.0,0.0,0.0
1528,40890802.576168,40890802.576168,40890802.576168,0.0,0.0,0.0
1529,41017219.446911,41017219.446911,41017219.446911,0.0,0.0,0.0
1530,40697716.041674,40697716.041674,40697716.041674,0.0,0.0,0.0
1531,41322337.906316,41322337.906316,41322337.906316,0.0,0.0,0.0
1532,40843497.927357,40843497.927357,40843497.927357,0.0,0.0,0.0
1533,41318193.37514,41318193.37514,41318193.37514,0.0,0.0,0.0
1534,41074967.802378,41074967.802378,41074967.802378,0.0,0.0,0.0
1535,40778603.484914,40778603.484914,40778603.484914,0.0,0.0,0.0
1536,41175277.497072,41175277.497072,41175277.497072,0.0,0.0,0.0
1537,41533255.307591,41533255.307591,41533255.307591,0.0,0.0,0.0
1538,41233618.872504,41233618.872504,41233618.872504,0.0,0.0,0.0
1539,41243247.149701,41243247.149701,41243247.149701,0.0,0.0,0.0
1540,41068221.226079,41068221.226079,41068221.226079,0.0,0.0,0.0
1541,40957134.458412,40957134.458412,40957134.458412,0.0,0.0,0.0
1542,41224933.599393,41224933.599393,41224933.599393,0.0,0.0,0.0
1543,41267323.927385,41267323.927385,41267323.927385,0.0,0.0,0.0
1544,41266345.457423,41266345.457423,41266345.457423,0.0,0.0,0.0
1545,41452050.667026,41452050.667026,41452050.667026,0.0,0.0,0.0
1546,41506350.988165,41506350.988165,41506350.988165,0.0,0.0,0.0
1547,40875382.42249,40875382.42249,40875382.42249,0.0,0.0,0.0
1548,40931637.54212,40931637.54212,40931637.54212,0.0,0.0,0.0
1549,41181647.133755,41181647.133755,41181647.133755,0.0,0.0,0.0
1550,41041511.461033,41041511.461033,41041511.461033,0.0,0.0,0.0
1551,40490354.668428,40490354.668428,40490354.668428,0.0,0.0,0.0
1552,41084598.731071,41084598.731071,41084598.731071,0.0,0.0,0.0
1553,41379223.638122,41379223.638122,41379223.638122,0.0,0.0,0.0
1554,41293000.059583,41293000.059583,41293000.059583,0.0,0.0,0.0
1555,41076044.012331,41076044.012331,41076044.012331,0.0,0.0,0.0
1556,41150364.740324,41150364.740324,41150364.740324,0.0,0.0,0.0
1557,40988546.006249,40988546.006249,40988546.006249,0.0,0.0,0.0
1558,40609786.873543,40609786.873543,40609786.873543,0.0,0.0,0.0
1559,41293964.180786,41293964.180786,41293964.180786,0.0,0.0,0.0
1560,41371566.921729,41371566.921729,41371566.921729,0.0,0.0,0.0
1561,40842382.227878,40842382.227878,40842382.227878,0.0,0.0,0.0
1562,40477305.967573,40477305.967573,40477305.967573,0.0,0.0,0.0
1563,40919149.037278,40919149.037278,40919149.037278,0.0,0.0,0.0
1564,41133877.739348,41133877.739348,41133877.739348,0.0,0.0,0.0
1565,41018780.748494,41018780.748494,41018780.748494,0.0,0.0,0.0
1566,40793887.784942,40793887.784942,40793887.784942,0.0,0.0,0.0
1567,40863207.464925,40863207.464925,40863207.464925,0.0,0.0,0.0
1568,41050853.419307,41050853.419307,41050853.419307,0.0,0.0,0.0
1569,40916325.628192,40916325.628192,40916325.628192,0.0,0.0,0.0
1570,41623646.126357,41623646.126357,41623646.126357,0.0,0.0,0.0
1571,41218918.937987,41218918.937987,41218918.937987,0.0,0.0,0.0
1572,41581088.012135,41581088.012135,41581088.012135,0.0,0.0,0.0
1573,40858641.40346,40858641.40346,40858641.40346,0.0,0.0,0.0
1574,41056166.076393,41056166.076393,41056166.076393,0.0,0.0,0.0
1575,40960891.421375,40960891.421375,40960891.421375,0.0,0.0,0.0
1576,40899857.221682,40899857.221682,40899857.221682,0.0,0.0,0.0
1577,41041034.247084,41041034.247084,41041034.247084,0.0,0.0,0.0
1578,41097744.666329,41097744.666329,41097744.666329,0.0,0.0,0.0
1579,41665182.68137,41665182.68137,41665182.68137,0.0,0.0,0.0
1580,40898548.632224,40898548.632224,40898548.632224,0.0,0.0,0.0
1581,40886987.076143,40886987.076143,40886987.076143,0.0,0.0,0.0
1582,41036752.915215,41036752.915215,41036752.915215,0.0,0.0,0.0
1583,40895414.339823,40895414.339823,40895414.339823,0.0,0.0,0.0
1584,40971501.370895,40971501.370895,40971501.370895,0.0,0.0,0.0
1585,40970599.687925,40970599.687925,40970599.687925,0.0,0.0,0.0
1586,41056959.880313,41056959.880313,41056959.880313,0.0,0.0,0.0
1587,41169501.996311,41169501.996311,41169501.996311,0.0,0.0,0.0
1588,41159249.645137,41159249.645137,41159249.645137,0.0,0.0,0.0
1589,40853883.350375,40853883.350375,40853883.350375,0.0,0.0,0.0
1590,41080319.99182,41080319.99182,41080319.99182,0.0,0.0,0.0
1591,40933308.656652,40933308.656652,40933308.656652,0.0,0.0,0.0
1592,40837190.756781,40837190.756781,40837190.756781,0.0,0.0,0.0
1593,40692779.652087,40692779.652087,40692779.652087,0.0,0.0,0.0
1594,41073142.507003,41073142.507003,41073142.507003,0.0,0.0,0.0
1595,41174393.175781,41174393.175781,41174393.175781,0.0,0.0,0.0
1596,40931083.722097,40931083.722097,40931083.722097,0.0,0.0,0.0
1597,41169418.222625,41169418.222625,41169418.222625,0.0,0.0,0.0
1598,41063148.666946,41063148.666946,41063148.666946,0.0,0.0,0.0
1599,40951010.693376,40951010.693376,40951010.693376,0.0,0.0,0.0
1600,41093656.90773,41093656.90773,41093656.90773,0.0,0.0,0.0
1601,41292029.534506,41292029.534506,41292029.534506,0.0,0.0,0.0
1602,41058108.308473,41058108.308473,41058108.308473,0.0,0.0,0.0
1603,40961202.724205,40961202.724205,40961202.724205,0.0,0.0,0.0
1604,40918724.752034,40918724.752034,40918724.752034,0.0,0.0,0.0
1605,41032790.935021,41032790.935021,41032790.935021,0.0,0.0,0.0
1606,40810789.957387,40810789.957387,40810789.957387,0.0,0.0,0.0
1607,41204483.72569,41204483.72569,41204483.72569,0.0,0.0,0.0
1608,40883444.716803,40883444.716803,40883444.716803,0.0,0.0,0.0
1609,41258775.54213,41258775.54213,41258775.54213,0.0,0.0,0.0
1610,41170522.29471,41170522.29471,41170522.29471,0.0,0.0,0.0
1611,40973982.462206,40973982.462206,40973982.462206,0.0,0.0,0.0
1612,41032004.949258,41032004.949258,41032004.949258,0.0,0.0,0.0
1613,40879840.360676,40879840.360676,40879840.360676,0.0,0.0,0.0
1614,40906452.974266,40906452.974266,40906452.974266,0.0,0.0,0.0
1615,41091107.98161,41091107.98161,41091107.98161,0.0,0.0,0.0
1616,41140424.169759,41140424.169759,41140424.169759,0.0,0.0,0.0
1617,40971063.580916,40971063.580916,40971063.580916,0.0,0.0,0.0
1618,40973452.828135,40973452.828135,40973452.828135,0.0,0.0,0.0
1619,40702376.718818,40702376.718818,40702376.718818,0.0,0.0,0.0
1620,40954600.780956,40954600.780956,40954600.780956,0.0,0.0,0.0
1621,40980807.636142,40980807.636142,40980807.636142,0.0,0.0,0.0
1622,41239073.232022,41239073.232022,41239073.232022,0.0,0.0,0.0
1623,40782498.817623,40782498.817623,40782498.817623,0.0,0.0,0.0
1624,40948999.708092,40948999.708092,40948999.708092,0.0,0.0,0.0
1625,40866745.090646,40866745.090646,40866745.090646,0.0,0.0,0.0
1626,41140429.214631,41140429.214631,41140429.214631,0.0,0.0,0.0
1627,41033244.762975,41033244.762975,41033244.762975,0.0,0.0,0.0
1628,40848073.690236,40848073.690236,40848073.690236,0.0,0.0,0.0
1629,41096317.957383,41096317.957383,41096317.957383,0.0,0.0,0.0
1630,40775549.061927,40775549.061927,40775549.061927,0.0,0.0,0.0
1631,41235166.402382,41235166.402382,41235166.402382,0.0,0.0,0.0
1632,41139628.271517,41139628.271517,41139628.271517,0.0,0.0,0.0
1633,41068808.41358,41068808.41358,41068808.41358,0.0,0.0,0.0
1634,41469567.777163,41469567.777163,41469567.777163,0.0,0.0,0.0
1635,41318163.24162,41318163.24162,41318163.24162,0.0,0.0,0.0
1636,41318245.948006,41318245.948006,41318245.948006,0.0,0.0,0.0
1637,40878974.017894,40878974.017894,40878974.017894,0.0,0.0,0.0
1638,40620745.971445,40620745.971445,40620745.971445,0.0,0.0,0.0
1639,41111711.36133,41111711.36133,41111711.36133,0.0,0.0,0.0
1640,41205030.725074,41205030.725074,41205030.725074,0.0,0.0,0.0
1641,41046439.676896,41046439.676896,41046439.676896,0.0,0.0,0.0
1642,41234325.324062,41234325.324062,41234325.324062,0.0,0.0,0.0
1643,41227067.422889,41227067.422889,41227067.422889,0.0,0.0,0.0
1644,41231648.739617,41231648.739617,41231648.739617,0.0,0.0,0.0
1645,41012075.877272,41012075.877272,41012075.877272,0.0,0.0,0.0
1646,40751405.372046,40751405.372046,40751405.372046,0.0,0.0,0.0
1647,40965226.558168,40965226.558168,40965226.558168,0.0,0.0,0.0
1648,41200753.205615,41200753.205615,41200753.205615,0.0,0.0,0.0
1649,41037025.642456,41037025.642456,41037025.642456,0.0,0.0,0.0
1650,41361256.21322,41361256.21322,41361256.21322,0.0,0.0,0.0
1651,40966580.727984,40966580.727984,40966580.727984,0.0,0.0,0.0
1652,40802358.826699,40802358.826699,40802358.826699,0.0,0.0,0.0
1653,41019632.12424,41019632.12424,41019632.12424,0.0,0.0,0.0
1654,40706470.125785,40706470.125785,40706470.125785,0.0,0.0,0.0
1655,40994792.386297,40994792.386297,40994792.386297,0.0,0.0,0.0
1656,40728135.408338,40728135.408338,40728135.408338,0.0,0.0,0.0
1657,41323736.495409,41323736.495409,41323736.495409,0.0,0.0,0.0
1658,41133813.270483,41133813.270483,41133813.270483,0.0,0.0,0.0
1659,41116298.060673,41116298.060673,41116298.060673,0.0,0.0,0.0
1660,41119190.809044,41119190.809044,41119190.809044,0.0,0.0,0.0
1661,41104217.191211,41104217.191211,41104217.191211,0.0,0.0,0.0
1662,41335512.624219,41335512.624219,41335512.624219,0.0,0.0,0.0
1663,41030514.613469,41030514.613469,41030514.613469,0.0,0.0,0.0
1664,41230437.896167,41230437.896167,41230437.896167,0.0,0.0,0.0
1665,41044120.318229,41044120.318229,41044120.318229,0.0,0.0,0.0
1666,41020205.396962,41020205.396962,41020205.396962,0.0,0.0,0.0
1667,40925169.980732,40925169.980732,40925169.980732,0.0,0.0,0.0
1668,40874555.232564,40874555.232564,40874555.232564,0.0,0.0,0.0
1669,40947658.961709,40947658.961709,40947658.961709,0.0,0.0,0.0
1670,40789783.889346,40789783.889346,40789783.889346,0.0,0.0,0.0
1671,41154095.025744,41154095.025744,41154095.025744,0.0,0.0,0.0
1672,40989983.230358,40989983.230358,40989983.230358,0.0,0.0,0.0
1673,41098733.539698,41098733.539698,41098733.539698,0.0,0.0,0.0
1674,41291410.478496,41291410.478496,41291410.478496,0.0,0.0,0.0
1675,41061644.99473,41061644.99473,41061644.99473,0.0,0.0,0.0
1676,40822065.438386,40822065.438386,40822065.438386,0.0,0.0,0.0
1677,41201806.514936,41201806.514936,41201806.514936,0.0,0.0,0.0
1678,41058399.101627,41058399.101627,41058399.101627,0.0,0.0,0.0
1679,41144990.293948,41144990.293948,41144990.293948,0.0,0.0,0.0
1680,40553809.088719,40553809.088719,40553809.088719,0.0,0.0,0.0
1681,40619699.534222,40619699.534222,40619699.534222,0.0,0.0,0.0
1682,40822332.106277,40822332.106277,40822332.106277,0.0,0.0,0.0
1683,40550862.343859,40550862.343859,40550862.343859,0.0,0.0,0.0
1684,40958746.821946,40958746.821946,40958746.821946,0.0,0.0,0.0
1685,41376500.156654,41376500.156654,41376500.156654,0.0,0.0,0.0
1686,41665161.133432,41665161.133432,41665161.133432,0.0,0.0,0.0
1687,41239883.351546,41239883.351546,41239883.351546,0.0,0.0,0.0
1688,41003300.313379,41003300.313379,41003300.313379,0.0,0.0,0.0
1689,40801817.8676,40801817.8676,40801817.8676,0.0,0.0,0.0
1690,41190343.819635,41190343.819635,41190343.819635,0.0,0.0,0.0
1691,40985631.759197,40985631.759197,40985631.759197,0.0,0.0,0.0
1692,40858830.46046,40858830.46046,40858830.46046,0.0,0.0,0.0
1693,41513782.81625,41513782.81625,41513782.81625,0.0,0.0,0.0
1694,40956813.039328,40956813.039328,40956813.039328,0.0,0.0,0.0
1695,41137430.400222,41137430.400222,41137430.400222,0.0,0.0,0.0
1696,40868428.36949,40868428.36949,40868428.36949,0.0,0.0,0.0
1697,40888687.588184,40888687.588184,40888687.588184,0.0,0.0,0.0
1698,40816317.153326,40816317.153326,40816317.153326,0.0,0.0,0.0
1699,41023611.716744,41023611.716744,41023611.716744,0.0,0.0,0.0
1700,41311317.61592,41311317.61592,41311317.61592,0.0,0.0,0.0
1701,41291520.545423,41291520.545423,41291520.545423,0.0,0.0,0.0
1702,41034332.517745,41034332.517745,41034332.517745,0.0,0.0,0.0
1703,40772894.736773,40772894.736773,40772894.736773,0.0,0.0,0.0
1704,41261067.82029,41261067.82029,41261067.82029,0.0,0.0,0.0
1705,41294460.562419,41294460.562419,41294460.562419,0.0,0.0,0.0
1706,40728781.165454,40728781.165454,40728781.165454,0.0,0.0,0.0
1707,40892385.662289,40892385.662289,40892385.662289,0.0,0.0,0.0
1708,41214360.99314,41214360.99314,41214360.99314,0.0,0.0,0.0
1709,40970177.54886,40970177.54886,40970177.54886,0.0,0.0,0.0
1710,41218573.374623,41218573.374623,41218573.374623,0.0,0.0,0.0
1711,41205053.351364,41205053.351364,41205053.351364,0.0,0.0,0.0
1712,41191965.539727,41191965.539727,41191965.539727,0.0,0.0,0.0
1713,41157408.918103,41157408.918103,41157408.918103,0.0,0.0,0.0
1714,41216373.576317,41216373.576317,41216373.576317,0.0,0.0,0.0
1715,40932812.790367,40932812.790367,40932812.790367,0.0,0.0,0.0
1716,41418395.680786,41418395.680786,41418395.680786,0.0,0.0,0.0
1717,40502412.569107,40502412.569107,40502412.569107,0.0,0.0,0.0
1718,40697456.139611,40697456.139611,40697456.139611,0.0,0.0,0.0
1719,40811090.542831,40811090.542831,40811090.542831,0.0,0.0,0.0
1720,41231146.891108,41231146.891108,41231146.891108,0.0,0.0,0.0
1721,41295097.632948,41295097.632948,41295097.632948,0.0,0.0,0.0
1722,40965200.544767,40965200.544767,40965200.544767,0.0,0.0,0.0
1723,40846388.243828,40846388.243828,40846388.243828,0.0,0.0,0.0
1724,41061504.857823,41061504.857823,41061504.857823,0.0,0.0,0.0
1725,41171173.051826,41171173.051826,41171173.051826,0.0,0.0,0.0
1726,40855696.770988,40855696.770988,40855696.770988,0.0,0.0,0.0
1727,41197018.950644,41197018.950644,41197018.950644,0.0,0.0,0.0
1728,41114039.474788,41114039.474788,41114039.474788,0.0,0.0,0.0
1729,41284094.227865,41284094.227865,41284094.227865,0.0,0.0,0.0
1730,40830199.110449,40830199.110449,40830199.110449,0.0,0.0,0.0
1731,41401795.407116,41401795.407116,41401795.407116,0.0,0.0,0.0
1732,41113969.708711,41113969.708711,41113969.708711,0.0,0.0,0.0
1733,41457347.591357,41457347.591357,41457347.591357,0.0,0.0,0.0
1734,40971639.34473,40971639.34473,40971639.34473,0.0,0.0,0.0
1735,41238059.028085,41238059.028085,41238059.028085,0.0,0.0,0.0
1736,41225978.726307,41225978.726307,41225978.726307,0.0,0.0,0.0
1737,40622039.263741,40622039.263741,40622039.263741,0.0,0.0,0.0
1738,41127403.522854,41127403.522854,41127403.522854,0.0,0.0,0.0
1739,40991572.836258,40991572.836258,40991572.836258,0.0,0.0,0.0
1740,40991359.908957,40991359.908957,40991359.908957,0.0,0.0,0.0
1741,41260944.142906,41260944.142906,41260944.142906,0.0,0.0,0.0
1742,40822303.891289,40822303.891289,40822303.891289,0.0,0.0,0.0
1743,41287030.134692,41287030.134692,41287030.134692,0.0,0.0,0.0
1744,40971157.604508,40971157.604508,40971157.604508,0.0,0.0,0.0
1745,41362590.092756,41362590.092756,41362590.092756,0.0,0.0,0.0
1746,41037126.79606,41037126.79606,41037126.79606,0.0,0.0,0.0
1747,41001398.040932,41001398.040932,41001398.040932,0.0,0.0,0.0
1748,41211605.412136,41211605.412136,41211605.412136,0.0,0.0,0.0
1749,41372898.3524,41372898.3524,41372898.3524,0.0,0.0,0.0
1750,41169427.652173,41169427.652173,41169427.652173,0.0,0.0,0.0
1751,40982152.739131,40982152.739131,40982152.739131,0.0,0.0,0.0
1752,41469783.250578,41469783.250578,41469783.250578,0.0,0.0,0.0
1753,40752877.440225,40752877.440225,40752877.440225,0.0,0.0,0.0
1754,40769329.498695,40769329.498695,40769329.498695,0.0,0.0,0.0
1755,41825045.139113,41825045.139113,41825045.139113,0.0,0.0,0.0
1756,41282316.021869,41282316.021869,41282316.021869,0.0,0.0,0.0
1757,41304997.205086,41304997.205086,41304997.205086,0.0,0.0,0.0
1758,40980127.349457,40980127.349457,40980127.349457,0.0,0.0,0.0
1759,41141140.468733,41141140.468733,41141140.468733,0.0,0.0,0.0
1760,40902536.031453,40902536.031453,40902536.031453,0.0,0.0,0.0
1761,41139192.603638,41139192.603638,41139192.603638,0.0,0.0,0.0
1762,40940262.240065,40940262.240065,40940262.240065,0.0,0.0,0.0
1763,40923817.056923,40923817.056923,40923817.056923,0.0,0.0,0.0
1764,41258146.905438,41258146.905438,41258146.905438,0.0,0.0,0.0
1765,41103324.199107,41103324.199107,41103324.199107,0.0,0.0,0.0
1766,40879952.91062,40879952.91062,40879952.91062,0.0,0.0,0.0
1767,41360094.899098,41360094.899098,41360094.899098,0.0,0.0,0.0
1768,41035245.753038,41035245.753038,41035245.753038,0.0,0.0,0.0
1769,41114561.140884,41114561.140884,41114561.140884,0.0,0.0,0.0
1770,41081880.437474,41081880.437474,41081880.437474,0.0,0.0,0.0
1771,41313479.310373,41313479.310373,41313479.310373,0.0,0.0,0.0
1772,41243404.88889,41243404.88889,41243404.88889,0.0,0.0,0.0
1773,41239509.67759,41239509.67759,41239509.67759,0.0,0.0,0.0
1774,40990977.619135,40990977.619135,40990977.619135,0.0,0.0,0.0
1775,40891373.521263,40891373.521263,40891373.521263,0.0,0.0,0.0
1776,40697651.086422,40697651.086422,40697651.086422,0.0,0.0,0.0
1777,41381699.197255,41381699.197255,41381699.197255,0.0,0.0,0.0
1778,41012984.646117,41012984.646117,41012984.646117,0.0,0.0,0.0
1779,40887312.841903,40887312.841903,40887312.841903,0.0,0.0,0.0
1780,40709679.926254,40709679.926254,40709679.926254,0.0,0.0,0.0
1781,41181722.28721,41181722.28721,41181722.28721,0.0,0.0,0.0
1782,41057266.05543,41057266.05543,41057266.05543,0.0,0.0,0.0
1783,40916516.253199,40916516.253199,40916516.253199,0.0,0.0,0.0
1784,41123275.566809,41123275.566809,41123275.566809,0.0,0.0,0.0
1785,40945840.074032,40945840.074032,40945840.074032,0.0,0.0,0.0
1786,41098297.013171,41098297.013171,41098297.013171,0.0,0.0,0.0
1787,40962408.744381,40962408.744381,40962408.744381,0.0,0.0,0.0
1788,40955132.624572,40955132.624572,40955132.624572,0.0,0.0,0.0
1789,41135960.295462,41135960.295462,41135960.295462,0.0,0.0,0.0
1790,40800743.754747,40800743.754747,40800743.754747,0.0,0.0,0.0
1791,40910670.391808,40910670.391808,40910670.391808,0.0,0.0,0.0
1792,40960463.779353,40960463.779353,40960463.779353,0.0,0.0,0.0
1793,41136479.399193,41136479.399193,41136479.399193,0.0,0.0,0.0
1794,41102359.821934,41102359.821934,41102359.821934,0.0,0.0,0.0
1795,41252786.413304,41252786.413304,41252786.413304,0.0,0.0,0.0
1796,41387257.954429,41387257.954429,41387257.954429,0.0,0.0,0.0
1797,41045916.38573,41045916.38573,41045916.38573,0.0,0.0,0.0
1798,40890251.992859,40890251.992859,40890251.992859,0.0,0.0,0.0
1799,40966828.156396,40966828.156396,40966828.156396,0.0,0.0,0.0
1800,41144615.383195,41144615.383195,41144615.383195,0.0,0.0,0.0
1801,40892527.938359,40892527.938359,40892527.938359,0.0,0.0,0.0
1802,41094996.511289,41094996.511289,41094996.511289,0.0,0.0,0.0
1803,40918451.354381,40918451.354381,40918451.354381,0.0,0.0,0.0
1804,41597967.737634,41597967.737634,41597967.737634,0.0,0.0,0.0
1805,41319026.441871,41319026.441871,41319026.441871,0.0,0.0,0.0
1806,41106332.136918,41106332.136918,41106332.136918,0.0,0.0,0.0
1807,40943925.86502,40943925.86502,40943925.86502,0.0,0.0,0.0
1808,41028061.265092,41028061.265092,41028061.265092,0.0,0.0,0.0
1809,41339192.102405,41339192.102405,41339192.102405,0.0,0.0,0.0
1810,40742787.037925,40742787.037925,40742787.037925,0.0,0.0,0.0
1811,41272127.484506,41272127.484506,41272127.484506,0.0,0.0,0.0
1812,41000287.611109,41000287.611109,41000287.611109,0.0,0.0,0.0
1813,40988971.310905,40988971.310905,40988971.310905,0.0,0.0,0.0
1814,40731355.323171,40731355.323171,40731355.323171,0.0,0.0,0.0
1815,41171588.686275,41171588.686275,41171588.686275,0.0,0.0,0.0
1816,41168318.335207,41168318.335207,41168318.335207,0.0,0.0,0.0
1817,41122804.569973,41122804.569973,41122804.569973,0.0,0.0,0.0
1818,41235520.415838,41235520.415838,41235520.415838,0.0,0.0,0.0
1819,41119577.12111,41119577.12111,41119577.12111,0.0,0.0,0.0
1820,41294496.446052,41294496.446052,41294496.446052,0.0,0.0,0.0
1821,41315873.718095,41315873.718095,41315873.718095,0.0,0.0,0.0
1822,40961471.843656,40961471.843656,40961471.843656,0.0,0.0,0.0
1823,41035327.927229,41035327.927229,41035327.927229,0.0,0.0,0.0
1824,40895501.75729,40895501.75729,40895501.75729,0.0,0.0,0.0
1825,41293913.203678,41293913.203678,41293913.203678,0.0,0.0,0.0
1826,40940210.017816,40940210.017816,40940210.017816,0.0,0.0,0.0
1827,41225972.453523,41225972.453523,41225972.453523,0.0,0.0,0.0
1828,41133716.061979,41133716.061979,41133716.061979,0.0,0.0,0.0
1829,41198393.918596,41198393.918596,41198393.918596,0.0,0.0,0.0
1830,40698715.971561,40698715.971561,40698715.971561,0.0,0.0,0.0
1831,40993193.968319,40993193.968319,40993193.968319,0.0,0.0,0.0
1832,41337050.099479,41337050.099479,41337050.099479,0.0,0.0,0.0
1833,40885003.077405,40885003.077405,40885003.077405,0.0,0.0,0.0
1834,40866472.723463,40866472.723463,40866472.723463,0.0,0.0,0.0
1835,40604912.475736,40604912.475736,40604912.475736,0.0,0.0,0.0
1836,40775470.922624,40775470.922624,40775470.922624,0.0,0.0,0.0
1837,41354077.547748,41354077.547748,41354077.547748,0.0,0.0,0.0
1838,41125387.689964,41125387.689964,41125387.689964,0.0,0.0,0.0
1839,41028904.101162,41028904.101162,41028904.101162,0.0,0.0,0.0
1840,40915087.957788,40915087.957788,40915087.957788,0.0,0.0,0.0
1841,41021368.687633,41021368.687633,41021368.687633,0.0,0.0,0.0
1842,40757368.883957,40757368.883957,40757368.883957,0.0,0.0,0.0
1843,41152463.31106,41152463.31106,41152463.31106,0.0,0.0,0.0
1844,41136466.320607,41136466.320607,41136466.320607,0.0,0.0,0.0
1845,41189676.481233,41189676.481233,41189676.481233,0.0,0.0,0.0
1846,40743676.401414,40743676.401414,40743676.401414,0.0,0.0,0.0
1847,41428127.643497,41428127.643497,41428127.643497,0.0,0.0,0.0
1848,40692811.527516,40692811.527516,40692811.527516,0.0,0.0,0.0
1849,41156286.330872,41156286.330872,41156286.330872,0.0,0.0,0.0
1850,40993696.124787,40993696.124787,40993696.124787,0.0,0.0,0.0
1851,40989497.800465,40989497.800465,40989497.800465,0.0,0.0,0.0
1852,41142407.50308,41142407.50308,41142407.50308,0.0,0.0,0.0
1853,41279544.637147,41279544.637147,41279544.637147,0.0,0.0,0.0
1854,41192123.855521,41192123.855521,41192123.855521,0.0,0.0,0.0
1855,40806658.215734,40806658.215734,40806658.215734,0.0,0.0,0.0
1856,40844784.18937,40844784.18937,40844784.18937,0.0,0.0,0.0
1857,41167483.567743,41167483.567743,41167483.567743,0.0,0.0,0.0
1858,41028706.629014,41028706.629014,41028706.629014,0.0,0.0,0.0
1859,41036882.461525,41036882.461525,41036882.461525,0.0,0.0,0.0
1860,40462188.65208,40462188.65208,40462188.65208,0.0,0.0,0.0
1861,41297973.854789,41297973.854789,41297973.854789,0.0,0.0,0.0
1862,41068068.755128,41068068.755128,41068068.755128,0.0,0.0,0.0
1863,40859723.01073,40859723.01073,40859723.01073,0.0,0.0,0.0
1864,41025231.300627,41025231.300627,41025231.300627,0.0,0.0,0.0
1865,40884195.66584,40884195.66584,40884195.66584,0.0,0.0,0.0
1866,40823121.670013,40823121.670013,40823121.670013,0.0,0.0,0.0
1867,40666831.007896,40666831.007896,40666831.007896,0.0,0.0,0.0
1868,41189361.383025,41189361.383025,41189361.383025,0.0,0.0,0.0
1869,41162819.867327,41162819.867327,41162819.867327,0.0,0.0,0.0
1870,41014513.261653,41014513.261653,41014513.261653,0.0,0.0,0.0
1871,41284145.645491,41284145.645491,41284145.645491,0.0,0.0,0.0
1872,41089470.734564,41089470.734564,41089470.734564,0.0,0.0,0.0
1873,41140433.52873,41140433.52873,41140433.52873,0.0,0.0,0.0
1874,40874993.747076,40874993.747076,40874993.747076,0.0,0.0,0.0
1875,41130796.706816,41130796.706816,41130796.706816,0.0,0.0,0.0
1876,41403621.483968,41403621.483968,41403621.483968,0.0,0.0,0.0
1877,41278019.207795,41278019.207795,41278019.207795,0.0,0.0,0.0
1878,41054831.126436,41054831.126436,41054831.126436,0.0,0.0,0.0
1879,40787985.819416,40787985.819416,40787985.819416,0.0,0.0,0.0
1880,41169399.293862,41169399.293862,41169399.293862,0.0,0.0,0.0
1881,41164498.849619,41164498.849619,41164498.849619,0.0,0.0,0.0
1882,40993866.902867,40993866.902867,40993866.902867,0.0,0.0,0.0
1883,40569009.575185,40569009.575185,40569009.575185,0.0,0.0,0.0
1884,41048866.618939,41048866.618939,41048866.618939,0.0,0.0,0.0
1885,41275679.837984,41275679.837984,41275679.837984,0.0,0.0,0.0
1886,40906977.532964,40906977.532964,40906977.532964,0.0,0.0,0.0
1887,41057679.670202,41057679.670202,41057679.670202,0.0,0.0,0.0
1888,40917446.467672,40917446.467672,40917446.467672,0.0,0.0,0.0
1889,41079663.599718,41079663.599718,41079663.599718,0.0,0.0,0.0
1890,41216483.734583,41216483.734583,41216483.734583,0.0,0.0,0.0
1891,41086337.147274,41086337.147274,41086337.147274,0.0,0.0,0.0
1892,41233493.68199,41233493.68199,41233493.68199,0.0,0.0,0.0
1893,40910194.964495,40910194.964495,40910194.964495,0.0,0.0,0.0
1894,41048023.939854,41048023.939854,41048023.939854,0.0,0.0,0.0
1895,40912567.22617,40912567.22617,40912567.22617,0.0,0.0,0.0
1896,41190655.146568,41190655.146568,41190655.146568,0.0,0.0,0.0
1897,40768435.715284,40768435.715284,40768435.715284,0.0,0.0,0.0
1898,40977522.569974,40977522.569974,40977522.569974,0.0,0.0,0.0
1899,41274808.670231,41274808.670231,41274808.670231,0.0,0.0,0.0
1900,41085652.387846,41085652.387846,41085652.387846,0.0,0.0,0.0
1901,41131214.446374,41131214.446374,41131214.446374,0.0,0.0,0.0
1902,41198351.54226,41198351.54226,41198351.54226,0.0,0.0,0.0
1903,41271048.952794,41271048.952794,41271048.952794,0.0,0.0,0.0
1904,40648323.293587,40648323.293587,40648323.293587,0.0,0.0,0.0
1905,41262653.256367,41262653.256367,41262653.256367,0.0,0.0,0.0
1906,40860497.079553,40860497.079553,40860497.079553,0.0,0.0,0.0
1907,40824526.90693,40824526.90693,40824526.90693,0.0,0.0,0.0
1908,40925450.642613,40925450.642613,40925450.642613,0.0,0.0,0.0
1909,40969771.804017,40969771.804017,40969771.804017,0.0,0.0,0.0
1910,41065030.975069,41065030.975069,41065030.975069,0.0,0.0,0.0
1911,40935643.874548,40935643.874548,40935643.874548,0.0,0.0,0.0
1912,41476222.718334,41476222.718334,41476222.718334,0.0,0.0,0.0
1913,41011953.31517,41011953.31517,41011953.31517,0.0,0.0,0.0
1914,41244320.739507,41244320.739507,41244320.739507,0.0,0.0,0.0
1915,40965197.127164,40965197.127164,40965197.127164,0.0,0.0,0.0
1916,41158047.823464,41158047.823464,41158047.823464,0.0,0.0,0.0
1917,40912116.402882,40912116.402882,40912116.402882,0.0,0.0,0.0
1918,41101439.230096,41101439.230096,41101439.230096,0.0,0.0,0.0
1919,41345464.518546,41345464.518546,41345464.518546,0.0,0.0,0.0
1920,41472928.225325,41472928.225325,41472928.225325,0.0,0.0,0.0
1921,41081471.336382,41081471.336382,41081471.336382,0.0,0.0,0.0
1922,41045775.801246,41045775.801246,41045775.801246,0.0,0.0,0.0
1923,41302600.865723,41302600.865723,41302600.865723,0.0,0.0,0.0
1924,40543869.29089,40543869.29089,40543869.29089,0.0,0.0,0.0
1925,41303573.32599,41303573.32599,41303573.32599,0.0,0.0,0.0
1926,41043785.54308,41043785.54308,41043785.54308,0.0,0.0,0.0
1927,40567427.828996,40567427.828996,40567427.828996,0.0,0.0,0.0
1928,40782459.906719,40782459.906719,40782459.906719,0.0,0.0,0.0
1929,41191926.701578,41191926.701578,41191926.701578,0.0,0.0,0.0
1930,41097070.197061,41097070.197061,41097070.197061,0.0,0.0,0.0
1931,41061026.989803,41061026.989803,41061026.989803,0.0,0.0,0.0
1932,41140197.69753,41140197.69753,41140197.69753,0.0,0.0,0.0
1933,41215733.93133,41215733.93133,41215733.93133,0.0,0.0,0.0
1934,40967526.691174,40967526.691174,40967526.691174,0.0,0.0,0.0
1935,41086675.780495,41086675.780495,41086675.780495,0.0,0.0,0.0
1936,41064170.249283,41064170.249283,41064170.249283,0.0,0.0,0.0
1937,40879653.088596,40879653.088596,40879653.088596,0.0,0.0,0.0
1938,41157854.364021,41157854.364021,41157854.364021,0.0,0.0,0.0
1939,41198179.840616,41198179.840616,41198179.840616,0.0,0.0,0.0
1940,41002312.65249,41002312.65249,41002312.65249,0.0,0.0,0.0
1941,41030184.972412,41030184.972412,41030184.972412,0.0,0.0,0.0
1942,40627275.801286,40627275.801286,40627275.801286,0.0,0.0,0.0
1943,41551930.379244,41551930.379244,41551930.379244,0.0,0.0,0.0
1944,41238733.261823,41238733.261823,41238733.261823,0.0,0.0,0.0
1945,41130913.018785,41130913.018785,41130913.018785,0.0,0.0,0.0
1946,41121164.231708,41121164.231708,41121164.231708,0.0,0.0,0.0
1947,41432680.907377,41432680.907377,41432680.907377,0.0,0.0,0.0
1948,41201118.023806,41201118.023806,41201118.023806,0.0,0.0,0.0
1949,40762139.782026,40762139.782026,40762139.782026,0.0,0.0,0.0
1950,41063729.827334,41063729.827334,41063729.827334,0.0,0.0,0.0
1951,41224310.676733,41224310.676733,41224310.676733,0.0,0.0,0.0
1952,40817903.065076,40817903.065076,40817903.065076,0.0,0.0,0.0
1953,40831390.147897,40831390.147897,40831390.147897,0.0,0.0,0.0
1954,40835073.123109,40835073.123109,40835073.123109,0.0,0.0,0.0
1955,40997908.501173,40997908.501173,40997908.501173,0.0,0.0,0.0
1956,40850564.452713,40850564.452713,40850564.452713,0.0,0.0,0.0
1957,40732640.098203,40732640.098203,40732640.098203,0.0,0.0,0.0
1958,40493792.286094,40493792.286094,40493792.286094,0.0,0.0,0.0
1959,41599092.32996,41599092.32996,41599092.32996,0.0,0.0,0.0
1960,40963457.304258,40963457.304258,40963457.304258,0.0,0.0,0.0
1961,40859953.818266,40859953.818266,40859953.818266,0.0,0.0,0.0
1962,41190248.955306,41190248.955306,41190248.955306,0.0,0.0,0.0
1963,41138352.61882,41138352.61882,41138352.61882,0.0,0.0,0.0
1964,41492985.827844,41492985.827844,41492985.827844,0.0,0.0,0.0
1965,41451210.854716,41451210.854716,41451210.854716,0.0,0.0,0.0
1966,40891709.448742,40891709.448742,40891709.448742,0.0,0.0,0.0
1967,41271301.804476,41271301.804476,41271301.804476,0.0,0.0,0.0
1968,41211434.539605,41211434.539605,41211434.539605,0.0,0.0,0.0
1969,41005872.124949,41005872.124949,41005872.124949,0.0,0.0,0.0
1970,41169847.809228,41169847.809228,41169847.809228,0.0,0.0,0.0
1971,41382093.258967,41382093.258967,41382093.258967,0.0,0.0,0.0
1972,40678069.960853,40678069.960853,40678069.960853,0.0,0.0,0.0
1973,40950431.609875,40950431.609875,40950431.609875,0.0,0.0,0.0
1974,41165994.901717,41165994.901717,41165994.901717,0.0,0.0,0.0
1975,41109660.578471,41109660.578471,41109660.578471,0.0,0.0,0.0
1976,41117172.798812,41117172.798812,41117172.798812,0.0,0.0,0.0
1977,41329345.947642,41329345.947642,41329345.947642,0.0,0.0,0.0
1978,40864331.228957,40864331.228957,40864331.228957,0.0,0.0,0.0
1979,41201401.394916,41201401.394916,41201401.394916,0.0,0.0,0.0
1980,40963778.516431,40963778.516431,40963778.516431,0.0,0.0,0.0
1981,41318281.260041,41318281.260041,41318281.260041,0.0,0.0,0.0
1982,40971793.7404,40971793.7404,40971793.7404,0.0,0.0,0.0
1983,40993032.278917,40993032.278917,40993032.278917,0.0,0.0,0.0
1984,41281333.486292,41281333.486292,41281333.486292,0.0,0.0,0.0
1985,41376646.467152,41376646.467152,41376646.467152,0.0,0.0,0.0
1986,41065393.062378,41065393.062378,41065393.062378,0.0,0.0,0.0
1987,40940990.00881,40940990.00881,40940990.00881,0.0,0.0,0.0
1988,41066339.760161,41066339.760161,41066339.760161,0.0,0.0,0.0
1989,40877626.881479,40877626.881479,40877626.881479,0.0,0.0,0.0
1990,41046387.354595,41046387.354595,41046387.354595,0.0,0.0,0.0
1991,40889618.398204,40889618.398204,40889618.398204,0.0,0.0,0.0
1992,40988749.237214,40988749.237214,40988749.237214,0.0,0.0,0.0
1993,41350893.837752,41350893.837752,41350893.837752,0.0,0.0,0.0
1994,41341814.052075,41341814.052075,41341814.052075,0.0,0.0,0.0
1995,40755844.525368,40755844.525368,40755844.525368,0.0,0.0,0.0
1996,40973425.419374,40973425.419374,40973425.419374,0.0,0.0,0.0
1997,40827091.931036,40827091.931036,40827091.931036,0.0,0.0,0.0
1998,40641137.659725,40641137.659725,40641137.659725,0.0,0.0,0.0
1999,40949241.134279,40949241.134279,40949241.134279,0.0,0.0,0.0
